"data","pm10"
2001-01-01,76.6
2001-01-02,63.5
2001-01-03,53.7
2001-01-04,62.2
2001-01-05,62.6
2001-01-06,50.7
2001-01-07,58.9
2001-01-08,62.1
2001-01-09,60.5
2001-01-10,51.7
2001-01-11,51.4
2001-01-12,NA
2001-01-13,48.4
2001-01-14,48.3
2001-01-15,66.6
2001-01-16,57.2
2001-01-17,61.3
2001-01-18,52.2
2001-01-19,54.4
2001-01-20,48.9
2001-01-21,55.1
2001-01-22,62.3
2001-01-23,42.3
2001-01-24,77.8
2001-01-25,56.5
2001-01-26,62.1
2001-01-27,54.3
2001-01-28,73
2001-01-29,70.3
2001-01-30,57
2001-01-31,58.7
2001-02-01,59.2
2001-02-02,66.4
2001-02-03,63.6
2001-02-04,75.4
2001-02-05,59.7
2001-02-06,67
2001-02-07,114
2001-02-08,57.2
2001-02-09,56.5
2001-02-10,50.4
2001-02-11,51.8
2001-02-12,63.3
2001-02-13,59.5
2001-02-14,55.5
2001-02-15,74
2001-02-16,68.1
2001-02-17,42.9
2001-02-18,65
2001-02-19,62.3
2001-02-20,43.2
2001-02-21,60.7
2001-02-22,54
2001-02-23,60.5
2001-02-24,70.2
2001-02-25,61.3
2001-02-26,51.2
2001-02-27,65.8
2001-02-28,60.9
2001-03-01,55.6
2001-03-02,65
2001-03-03,47.1
2001-03-04,52.9
2001-03-05,57.9
2001-03-06,52.1
2001-03-07,48
2001-03-08,47.7
2001-03-09,49.9
2001-03-10,40.2
2001-03-11,81.4
2001-03-12,56.4
2001-03-13,51.1
2001-03-14,51.5
2001-03-15,51.6
2001-03-16,63.3
2001-03-17,48.6
2001-03-18,51.3
2001-03-19,57.9
2001-03-20,54
2001-03-21,54.9
2001-03-22,49.6
2001-03-23,56.6
2001-03-24,51.2
2001-03-25,45.2
2001-03-26,47.2
2001-03-27,49.6
2001-03-28,57.5
2001-03-29,66.5
2001-03-30,54.1
2001-03-31,65.3
2001-04-01,61.6
2001-04-02,46.3
2001-04-03,40
2001-04-04,56.3
2001-04-05,43.7
2001-04-06,56.2
2001-04-07,56.8
2001-04-08,41.2
2001-04-09,45.7
2001-04-10,46.7
2001-04-11,41.4
2001-04-12,54.4
2001-04-13,52.7
2001-04-14,60.2
2001-04-15,53.9
2001-04-16,34
2001-04-17,22.3
2001-04-18,46
2001-04-19,30.3
2001-04-20,52.5
2001-04-21,53.5
2001-04-22,44.8
2001-04-23,48
2001-04-24,30.5
2001-04-25,48.1
2001-04-26,51.6
2001-04-27,39.5
2001-04-28,51.1
2001-04-29,40.2
2001-04-30,44.9
2001-05-01,41.2
2001-05-02,31.9
2001-05-03,38.6
2001-05-04,47.4
2001-05-05,24.4
2001-05-06,48.9
2001-05-07,37.7
2001-05-08,40.5
2001-05-09,44.5
2001-05-10,NA
2001-05-11,32.2
2001-05-12,33.5
2001-05-13,46.4
2001-05-14,45.9
2001-05-15,24.6
2001-05-16,42.5
2001-05-17,43.6
2001-05-18,26.6
2001-05-19,25.4
2001-05-20,33
2001-05-21,29.9
2001-05-22,29.8
2001-05-23,42.1
2001-05-24,28
2001-05-25,25
2001-05-26,26.3
2001-05-27,36
2001-05-28,30
2001-05-29,43
2001-05-30,48.4
2001-05-31,130.4
2001-06-01,45.1
2001-06-02,27.1
2001-06-03,23
2001-06-04,19.1
2001-06-05,26.2
2001-06-06,27.6
2001-06-07,41.8
2001-06-08,38
2001-06-09,32.8
2001-06-10,37.2
2001-06-11,19.1
2001-06-12,41.2
2001-06-13,34.1
2001-06-14,49
2001-06-15,33.4
2001-06-16,24.9
2001-06-17,34.8
2001-06-18,34.1
2001-06-19,139.9
2001-06-20,30.7
2001-06-21,27.9
2001-06-22,28.6
2001-06-23,37
2001-06-24,25.1
2001-06-25,28.4
2001-06-26,27.9
2001-06-27,38.2
2001-06-28,37.7
2001-06-29,38.5
2001-06-30,25
2001-07-01,31.6
2001-07-02,31.4
2001-07-03,27.2
2001-07-04,35.4
2001-07-05,21.4
2001-07-06,34.8
2001-07-07,24
2001-07-08,35.9
2001-07-09,35.5
2001-07-10,15.8
2001-07-11,41.5
2001-07-12,31.5
2001-07-13,27.5
2001-07-14,36.6
2001-07-15,39.1
2001-07-16,38.6
2001-07-17,32.8
2001-07-18,30.5
2001-07-19,29.3
2001-07-20,19.2
2001-07-21,18.2
2001-07-22,37.6
2001-07-23,26.6
2001-07-24,28
2001-07-25,39.4
2001-07-26,21.1
2001-07-27,32.8
2001-07-28,39.4
2001-07-29,40.3
2001-07-30,25.2
2001-07-31,22.3
2001-08-01,26.5
2001-08-02,26.6
2001-08-03,20
2001-08-04,29.4
2001-08-05,55.2
2001-08-06,19.6
2001-08-07,27.7
2001-08-08,39.3
2001-08-09,23.5
2001-08-10,19.4
2001-08-11,11.5
2001-08-12,35.8
2001-08-13,33.4
2001-08-14,36.2
2001-08-15,37
2001-08-16,38.5
2001-08-17,33.4
2001-08-18,30.2
2001-08-19,41.3
2001-08-20,37.8
2001-08-21,27.4
2001-08-22,41.3
2001-08-23,35.7
2001-08-24,22.9
2001-08-25,28.5
2001-08-26,30.3
2001-08-27,31.1
2001-08-28,31.4
2001-08-29,27
2001-08-30,25.7
2001-08-31,45.1
2001-09-01,37.8
2001-09-02,36.1
2001-09-03,23.9
2001-09-04,33.5
2001-09-05,38.7
2001-09-06,NA
2001-09-07,45.8
2001-09-08,26.9
2001-09-09,39.3
2001-09-10,27.1
2001-09-11,43.7
2001-09-12,22.1
2001-09-13,36.2
2001-09-14,22.3
2001-09-15,34.8
2001-09-16,38.6
2001-09-17,31.6
2001-09-18,50.3
2001-09-19,49.8
2001-09-20,24.4
2001-09-21,36.7
2001-09-22,29.9
2001-09-23,45.8
2001-09-24,32.9
2001-09-25,30.9
2001-09-26,38.3
2001-09-27,28.4
2001-09-28,51.3
2001-09-29,47.8
2001-09-30,31.3
2001-10-01,36.6
2001-10-02,41.4
2001-10-03,33.2
2001-10-04,48
2001-10-05,43.3
2001-10-06,42.3
2001-10-07,40.8
2001-10-08,37.7
2001-10-09,36.9
2001-10-10,63.2
2001-10-11,34.7
2001-10-12,54
2001-10-13,37.7
2001-10-14,58.1
2001-10-15,46.8
2001-10-16,59.3
2001-10-17,38.9
2001-10-18,43.3
2001-10-19,22.7
2001-10-20,121.5
2001-10-21,54.7
2001-10-22,43
2001-10-23,36.1
2001-10-24,52.9
2001-10-25,58.5
2001-10-26,NA
2001-10-27,42.8
2001-10-28,53.7
2001-10-29,46.4
2001-10-30,48
2001-10-31,54.3
2001-11-01,47.5
2001-11-02,40.8
2001-11-03,45.7
2001-11-04,43
2001-11-05,43.8
2001-11-06,51.1
2001-11-07,38.2
2001-11-08,45.1
2001-11-09,52.8
2001-11-10,56.8
2001-11-11,63.2
2001-11-12,48.2
2001-11-13,53.9
2001-11-14,NA
2001-11-15,49
2001-11-16,58.3
2001-11-17,48.3
2001-11-18,46.8
2001-11-19,63.5
2001-11-20,43.9
2001-11-21,60.7
2001-11-22,41.4
2001-11-23,50.4
2001-11-24,59.6
2001-11-25,63.4
2001-11-26,56.9
2001-11-27,47.8
2001-11-28,63.1
2001-11-29,58.9
2001-11-30,57.7
2001-12-01,50.3
2001-12-02,49.6
2001-12-03,60.1
2001-12-04,42
2001-12-05,40.8
2001-12-06,67.6
2001-12-07,68.8
2001-12-08,77.1
2001-12-09,59.8
2001-12-10,56.1
2001-12-11,91.6
2001-12-12,62.5
2001-12-13,73.4
2001-12-14,56.3
2001-12-15,49.4
2001-12-16,57.8
2001-12-17,32.9
2001-12-18,45.5
2001-12-19,53.9
2001-12-20,48.1
2001-12-21,61.9
2001-12-22,75.8
2001-12-23,61.3
2001-12-24,65.1
2001-12-25,68.1
2001-12-26,57.5
2001-12-27,58.4
2001-12-28,50.8
2001-12-29,51.4
2001-12-30,47.2
2001-12-31,60.5
2002-01-01,58.7
2002-01-02,48.3
2002-01-03,98.3
2002-01-04,70.9
2002-01-05,57.9
2002-01-06,67.4
2002-01-07,59.6
2002-01-08,60.5
2002-01-09,49.7
2002-01-10,118.3
2002-01-11,60.7
2002-01-12,57.7
2002-01-13,51.3
2002-01-14,62.1
2002-01-15,43.8
2002-01-16,42
2002-01-17,54.6
2002-01-18,47.4
2002-01-19,60.6
2002-01-20,46.4
2002-01-21,58.7
2002-01-22,56.4
2002-01-23,63.4
2002-01-24,54.5
2002-01-25,52.8
2002-01-26,61
2002-01-27,78.3
2002-01-28,49.2
2002-01-29,55.5
2002-01-30,51.9
2002-01-31,61.6
2002-02-01,57
2002-02-02,77.1
2002-02-03,72.2
2002-02-04,58.1
2002-02-05,62.1
2002-02-06,47.3
2002-02-07,68.3
2002-02-08,50.7
2002-02-09,66.1
2002-02-10,79.6
2002-02-11,50.4
2002-02-12,126.8
2002-02-13,58.1
2002-02-14,53.4
2002-02-15,50.1
2002-02-16,38.8
2002-02-17,55.2
2002-02-18,42.8
2002-02-19,53.5
2002-02-20,52.4
2002-02-21,60.5
2002-02-22,61.4
2002-02-23,45.6
2002-02-24,48.9
2002-02-25,66.2
2002-02-26,48
2002-02-27,232.2
2002-02-28,58.3
2002-03-01,57.8
2002-03-02,50.2
2002-03-03,57.2
2002-03-04,45.8
2002-03-05,44
2002-03-06,51.7
2002-03-07,71.5
2002-03-08,56.7
2002-03-09,60.1
2002-03-10,NA
2002-03-11,45.8
2002-03-12,59.3
2002-03-13,38.6
2002-03-14,59.2
2002-03-15,54
2002-03-16,50.8
2002-03-17,44.7
2002-03-18,56.4
2002-03-19,56.3
2002-03-20,181.7
2002-03-21,63.5
2002-03-22,38.6
2002-03-23,40.3
2002-03-24,154.1
2002-03-25,49.9
2002-03-26,54
2002-03-27,50.1
2002-03-28,52.4
2002-03-29,39.2
2002-03-30,46.5
2002-03-31,72.2
2002-04-01,61.3
2002-04-02,44
2002-04-03,47.1
2002-04-04,46.1
2002-04-05,37.5
2002-04-06,NA
2002-04-07,50.3
2002-04-08,44.5
2002-04-09,51.8
2002-04-10,51.6
2002-04-11,40.2
2002-04-12,40.3
2002-04-13,53.5
2002-04-14,46.3
2002-04-15,45.4
2002-04-16,40.8
2002-04-17,81.4
2002-04-18,42.3
2002-04-19,91.4
2002-04-20,50.1
2002-04-21,37.5
2002-04-22,39.3
2002-04-23,46
2002-04-24,38.9
2002-04-25,41.2
2002-04-26,37.9
2002-04-27,43.6
2002-04-28,40.1
2002-04-29,42.2
2002-04-30,37.3
2002-05-01,33.8
2002-05-02,33.4
2002-05-03,51.1
2002-05-04,33.9
2002-05-05,25.7
2002-05-06,45.5
2002-05-07,33.9
2002-05-08,43.3
2002-05-09,41.4
2002-05-10,34.3
2002-05-11,36.5
2002-05-12,40.3
2002-05-13,44.2
2002-05-14,30.5
2002-05-15,56.5
2002-05-16,41.4
2002-05-17,38.9
2002-05-18,41.1
2002-05-19,33.2
2002-05-20,33
2002-05-21,33.1
2002-05-22,31.7
2002-05-23,22.5
2002-05-24,49.4
2002-05-25,30.8
2002-05-26,33.6
2002-05-27,26.1
2002-05-28,29.7
2002-05-29,24.2
2002-05-30,39.3
2002-05-31,43.3
2002-06-01,39.8
2002-06-02,34.4
2002-06-03,31.5
2002-06-04,37.5
2002-06-05,31.6
2002-06-06,36.2
2002-06-07,28
2002-06-08,19.2
2002-06-09,31
2002-06-10,29.5
2002-06-11,26.8
2002-06-12,39.5
2002-06-13,NA
2002-06-14,20.5
2002-06-15,34.2
2002-06-16,24
2002-06-17,33.9
2002-06-18,25.6
2002-06-19,36
2002-06-20,27.2
2002-06-21,27.4
2002-06-22,34.2
2002-06-23,16.8
2002-06-24,32.5
2002-06-25,42.8
2002-06-26,NA
2002-06-27,29.9
2002-06-28,36.6
2002-06-29,29.4
2002-06-30,28.4
2002-07-01,38.3
2002-07-02,43.9
2002-07-03,37
2002-07-04,36.3
2002-07-05,48.4
2002-07-06,30.1
2002-07-07,29.6
2002-07-08,36.2
2002-07-09,15.1
2002-07-10,31.2
2002-07-11,NA
2002-07-12,34.9
2002-07-13,28.3
2002-07-14,33.4
2002-07-15,25.9
2002-07-16,46.2
2002-07-17,32.9
2002-07-18,26.6
2002-07-19,22.5
2002-07-20,34.5
2002-07-21,22.2
2002-07-22,18.5
2002-07-23,21
2002-07-24,29.6
2002-07-25,35.3
2002-07-26,9.5
2002-07-27,38.2
2002-07-28,18.9
2002-07-29,32.8
2002-07-30,23.6
2002-07-31,30.5
2002-08-01,20.6
2002-08-02,40.3
2002-08-03,36.2
2002-08-04,26.9
2002-08-05,29.4
2002-08-06,30.3
2002-08-07,41.8
2002-08-08,16.3
2002-08-09,27.2
2002-08-10,36.3
2002-08-11,18
2002-08-12,26.5
2002-08-13,30.3
2002-08-14,33.8
2002-08-15,33.2
2002-08-16,32.9
2002-08-17,26.4
2002-08-18,33.9
2002-08-19,22.8
2002-08-20,84.7
2002-08-21,48.4
2002-08-22,49.8
2002-08-23,93.6
2002-08-24,43.5
2002-08-25,36.1
2002-08-26,33.5
2002-08-27,NA
2002-08-28,37.9
2002-08-29,31.1
2002-08-30,34.8
2002-08-31,23.9
2002-09-01,20.9
2002-09-02,30.5
2002-09-03,NA
2002-09-04,37.5
2002-09-05,39.6
2002-09-06,31.4
2002-09-07,26.6
2002-09-08,31.8
2002-09-09,39.5
2002-09-10,36.4
2002-09-11,30.1
2002-09-12,42.1
2002-09-13,32.2
2002-09-14,35.5
2002-09-15,42.5
2002-09-16,39.5
2002-09-17,41.6
2002-09-18,47.3
2002-09-19,28.4
2002-09-20,38.7
2002-09-21,48.8
2002-09-22,34.9
2002-09-23,43.3
2002-09-24,46.1
2002-09-25,22.7
2002-09-26,24.5
2002-09-27,55.1
2002-09-28,51.3
2002-09-29,50.3
2002-09-30,31
2002-10-01,34.2
2002-10-02,48.7
2002-10-03,35.7
2002-10-04,58.3
2002-10-05,NA
2002-10-06,91.8
2002-10-07,26.7
2002-10-08,44
2002-10-09,46.2
2002-10-10,48.7
2002-10-11,47.8
2002-10-12,37.3
2002-10-13,57.3
2002-10-14,38.7
2002-10-15,40.1
2002-10-16,33.1
2002-10-17,51.7
2002-10-18,56.5
2002-10-19,44.7
2002-10-20,55.5
2002-10-21,43.6
2002-10-22,51.8
2002-10-23,45.7
2002-10-24,37.8
2002-10-25,46.6
2002-10-26,NA
2002-10-27,57.9
2002-10-28,60.3
2002-10-29,32.6
2002-10-30,56.1
2002-10-31,44.9
2002-11-01,31.4
2002-11-02,39
2002-11-03,50.5
2002-11-04,44.4
2002-11-05,44.7
2002-11-06,37.2
2002-11-07,40
2002-11-08,64.7
2002-11-09,116.8
2002-11-10,50.8
2002-11-11,58
2002-11-12,60.1
2002-11-13,52.8
2002-11-14,NA
2002-11-15,59.9
2002-11-16,55
2002-11-17,36.3
2002-11-18,34.3
2002-11-19,58.4
2002-11-20,59.7
2002-11-21,48.1
2002-11-22,60.6
2002-11-23,45.6
2002-11-24,55.1
2002-11-25,49.3
2002-11-26,66.8
2002-11-27,64.8
2002-11-28,49.3
2002-11-29,65.2
2002-11-30,66.3
2002-12-01,41.4
2002-12-02,54.1
2002-12-03,56.3
2002-12-04,55.6
2002-12-05,46.6
2002-12-06,66.2
2002-12-07,60.5
2002-12-08,56.8
2002-12-09,57.9
2002-12-10,56.9
2002-12-11,53.2
2002-12-12,58.2
2002-12-13,60.5
2002-12-14,61.7
2002-12-15,57.3
2002-12-16,68.8
2002-12-17,48.6
2002-12-18,75.5
2002-12-19,45.8
2002-12-20,51.9
2002-12-21,66.4
2002-12-22,48
2002-12-23,56.1
2002-12-24,58.7
2002-12-25,52.9
2002-12-26,46.3
2002-12-27,56.1
2002-12-28,65.7
2002-12-29,64.6
2002-12-30,60.2
2002-12-31,51.9
2003-01-01,68.3
2003-01-02,67.6
2003-01-03,56.7
2003-01-04,59
2003-01-05,52.7
2003-01-06,60.4
2003-01-07,58.6
2003-01-08,74.4
2003-01-09,55.3
2003-01-10,57.1
2003-01-11,64.7
2003-01-12,60.9
2003-01-13,56.3
2003-01-14,50
2003-01-15,46.9
2003-01-16,53.3
2003-01-17,58.3
2003-01-18,90.6
2003-01-19,67.4
2003-01-20,58.3
2003-01-21,72.2
2003-01-22,62
2003-01-23,50.7
2003-01-24,70.7
2003-01-25,58.5
2003-01-26,98.2
2003-01-27,82.1
2003-01-28,62.7
2003-01-29,56.2
2003-01-30,56.2
2003-01-31,54.3
2003-02-01,49.1
2003-02-02,68.3
2003-02-03,71.3
2003-02-04,60.3
2003-02-05,54.8
2003-02-06,62.5
2003-02-07,57.1
2003-02-08,70.4
2003-02-09,62.9
2003-02-10,69.5
2003-02-11,62.3
2003-02-12,62.7
2003-02-13,61.1
2003-02-14,65.8
2003-02-15,51.5
2003-02-16,51.2
2003-02-17,58.6
2003-02-18,59
2003-02-19,45.2
2003-02-20,56.3
2003-02-21,59
2003-02-22,52.2
2003-02-23,59.4
2003-02-24,64.3
2003-02-25,48.2
2003-02-26,47.5
2003-02-27,55.7
2003-02-28,47.4
2003-03-01,64.9
2003-03-02,47.6
2003-03-03,52.2
2003-03-04,55.9
2003-03-05,50
2003-03-06,49.7
2003-03-07,67.3
2003-03-08,59.8
2003-03-09,45.8
2003-03-10,45
2003-03-11,46.3
2003-03-12,56.4
2003-03-13,51.3
2003-03-14,67.9
2003-03-15,53.6
2003-03-16,41.1
2003-03-17,52.5
2003-03-18,48.7
2003-03-19,53.5
2003-03-20,46.9
2003-03-21,43
2003-03-22,60.7
2003-03-23,61.8
2003-03-24,43.7
2003-03-25,51.4
2003-03-26,58.3
2003-03-27,63.3
2003-03-28,59.4
2003-03-29,44.2
2003-03-30,45.2
2003-03-31,64.5
2003-04-01,50.6
2003-04-02,41.8
2003-04-03,51.1
2003-04-04,52.4
2003-04-05,53.6
2003-04-06,43.4
2003-04-07,49.2
2003-04-08,52.1
2003-04-09,51.2
2003-04-10,42.3
2003-04-11,42.7
2003-04-12,60.4
2003-04-13,44.3
2003-04-14,95.1
2003-04-15,44.4
2003-04-16,56.1
2003-04-17,40.4
2003-04-18,44.8
2003-04-19,50.6
2003-04-20,54.2
2003-04-21,46.8
2003-04-22,32.5
2003-04-23,NA
2003-04-24,42.7
2003-04-25,49.6
2003-04-26,NA
2003-04-27,50.3
2003-04-28,37.4
2003-04-29,38.4
2003-04-30,37.2
2003-05-01,44.5
2003-05-02,42.7
2003-05-03,45
2003-05-04,44
2003-05-05,41.9
2003-05-06,21.3
2003-05-07,52.3
2003-05-08,39.4
2003-05-09,39.9
2003-05-10,40.7
2003-05-11,43.1
2003-05-12,40.1
2003-05-13,34.8
2003-05-14,31.2
2003-05-15,38.7
2003-05-16,38
2003-05-17,27.3
2003-05-18,36.1
2003-05-19,26.3
2003-05-20,29.7
2003-05-21,99.5
2003-05-22,38.5
2003-05-23,40.7
2003-05-24,27.6
2003-05-25,NA
2003-05-26,29.9
2003-05-27,43.6
2003-05-28,33.7
2003-05-29,25.3
2003-05-30,44.9
2003-05-31,32.2
2003-06-01,39.6
2003-06-02,52.6
2003-06-03,42
2003-06-04,36.3
2003-06-05,31.2
2003-06-06,32.9
2003-06-07,24.7
2003-06-08,33.7
2003-06-09,43.3
2003-06-10,21.2
2003-06-11,28.4
2003-06-12,16.1
2003-06-13,29.5
2003-06-14,30.9
2003-06-15,38.5
2003-06-16,33
2003-06-17,39
2003-06-18,35.4
2003-06-19,42.6
2003-06-20,38.2
2003-06-21,38.9
2003-06-22,37.1
2003-06-23,18.1
2003-06-24,39
2003-06-25,19
2003-06-26,28.4
2003-06-27,26.6
2003-06-28,34.2
2003-06-29,NA
2003-06-30,113.8
2003-07-01,22.6
2003-07-02,21.9
2003-07-03,46.1
2003-07-04,16
2003-07-05,19.7
2003-07-06,47.7
2003-07-07,20.7
2003-07-08,NA
2003-07-09,27.2
2003-07-10,34.1
2003-07-11,33.3
2003-07-12,23
2003-07-13,19.2
2003-07-14,14.7
2003-07-15,63.5
2003-07-16,22.4
2003-07-17,27.8
2003-07-18,33.8
2003-07-19,57.8
2003-07-20,31.7
2003-07-21,NA
2003-07-22,24.8
2003-07-23,19.3
2003-07-24,34
2003-07-25,24.2
2003-07-26,34.3
2003-07-27,33
2003-07-28,26.2
2003-07-29,42.4
2003-07-30,31.8
2003-07-31,14.5
2003-08-01,29.6
2003-08-02,36.5
2003-08-03,34.5
2003-08-04,139.8
2003-08-05,38.9
2003-08-06,65.6
2003-08-07,27
2003-08-08,38.8
2003-08-09,20.5
2003-08-10,29.3
2003-08-11,48.4
2003-08-12,32.7
2003-08-13,23.9
2003-08-14,11.7
2003-08-15,16.6
2003-08-16,25.6
2003-08-17,35.7
2003-08-18,18.7
2003-08-19,33.2
2003-08-20,38.4
2003-08-21,41.5
2003-08-22,NA
2003-08-23,41
2003-08-24,32.4
2003-08-25,11.3
2003-08-26,26.5
2003-08-27,47.6
2003-08-28,19.4
2003-08-29,35.9
2003-08-30,50.6
2003-08-31,38.6
2003-09-01,43.1
2003-09-02,34.2
2003-09-03,31.6
2003-09-04,34
2003-09-05,33.9
2003-09-06,37
2003-09-07,30
2003-09-08,41.6
2003-09-09,39.5
2003-09-10,47
2003-09-11,37.2
2003-09-12,37.3
2003-09-13,26.8
2003-09-14,36
2003-09-15,NA
2003-09-16,35.4
2003-09-17,34.7
2003-09-18,30.4
2003-09-19,48.5
2003-09-20,28.4
2003-09-21,34.7
2003-09-22,41.9
2003-09-23,55.1
2003-09-24,40.4
2003-09-25,35
2003-09-26,57.2
2003-09-27,43.4
2003-09-28,25.1
2003-09-29,31.4
2003-09-30,38.5
2003-10-01,74.3
2003-10-02,33.7
2003-10-03,48.8
2003-10-04,42.6
2003-10-05,35.3
2003-10-06,37.1
2003-10-07,31.4
2003-10-08,36.7
2003-10-09,60.4
2003-10-10,34.1
2003-10-11,39.1
2003-10-12,51.9
2003-10-13,55.4
2003-10-14,46.3
2003-10-15,39.9
2003-10-16,55.6
2003-10-17,47.5
2003-10-18,40.5
2003-10-19,42.1
2003-10-20,58
2003-10-21,52.7
2003-10-22,40.1
2003-10-23,34.7
2003-10-24,34.7
2003-10-25,27.8
2003-10-26,35.4
2003-10-27,48.6
2003-10-28,59.1
2003-10-29,40.3
2003-10-30,39.2
2003-10-31,91.4
2003-11-01,41
2003-11-02,44.5
2003-11-03,56.9
2003-11-04,53.5
2003-11-05,56.2
2003-11-06,44.7
2003-11-07,31.5
2003-11-08,40.2
2003-11-09,46.4
2003-11-10,93.4
2003-11-11,47
2003-11-12,56.3
2003-11-13,49.5
2003-11-14,171
2003-11-15,59.1
2003-11-16,NA
2003-11-17,46.8
2003-11-18,52.2
2003-11-19,61.4
2003-11-20,57.6
2003-11-21,59.7
2003-11-22,54.2
2003-11-23,59.1
2003-11-24,46.1
2003-11-25,42.3
2003-11-26,47.9
2003-11-27,53.3
2003-11-28,47.1
2003-11-29,57.9
2003-11-30,43.5
2003-12-01,80
2003-12-02,49.3
2003-12-03,50.9
2003-12-04,47.4
2003-12-05,69.8
2003-12-06,56.8
2003-12-07,56.4
2003-12-08,69
2003-12-09,66.8
2003-12-10,57.5
2003-12-11,53.5
2003-12-12,56.8
2003-12-13,63
2003-12-14,51.3
2003-12-15,56.2
2003-12-16,53.5
2003-12-17,49.5
2003-12-18,59.4
2003-12-19,75.4
2003-12-20,49.8
2003-12-21,64.7
2003-12-22,52.9
2003-12-23,55.9
2003-12-24,50.6
2003-12-25,53
2003-12-26,48.4
2003-12-27,59.2
2003-12-28,67.8
2003-12-29,51
2003-12-30,NA
2003-12-31,58.5
2004-01-01,61.9
2004-01-02,52.7
2004-01-03,66.5
2004-01-04,55.1
2004-01-05,53.8
2004-01-06,62
2004-01-07,73.7
2004-01-08,63.5
2004-01-09,69.9
2004-01-10,64.4
2004-01-11,60.6
2004-01-12,55.6
2004-01-13,56.6
2004-01-14,47.8
2004-01-15,53.4
2004-01-16,50.6
2004-01-17,61.5
2004-01-18,47.5
2004-01-19,52.6
2004-01-20,54.1
2004-01-21,57.9
2004-01-22,58.1
2004-01-23,50.6
2004-01-24,60
2004-01-25,35.9
2004-01-26,60.4
2004-01-27,62.4
2004-01-28,72.2
2004-01-29,53.3
2004-01-30,54.1
2004-01-31,61.6
2004-02-01,53.4
2004-02-02,156.2
2004-02-03,47.8
2004-02-04,64.8
2004-02-05,47.6
2004-02-06,59.7
2004-02-07,77.7
2004-02-08,75.5
2004-02-09,60.2
2004-02-10,70.9
2004-02-11,54.9
2004-02-12,57.9
2004-02-13,53.9
2004-02-14,40.5
2004-02-15,50.5
2004-02-16,53.7
2004-02-17,52.7
2004-02-18,65.7
2004-02-19,55
2004-02-20,61.9
2004-02-21,48.5
2004-02-22,60.6
2004-02-23,57.6
2004-02-24,51.9
2004-02-25,36.2
2004-02-26,59.8
2004-02-27,52.8
2004-02-28,59.8
2004-02-29,54.7
2004-03-01,53.5
2004-03-02,54.2
2004-03-03,NA
2004-03-04,64.4
2004-03-05,39.4
2004-03-06,52.4
2004-03-07,49.6
2004-03-08,47.3
2004-03-09,65.2
2004-03-10,56.6
2004-03-11,69.2
2004-03-12,40.9
2004-03-13,55.6
2004-03-14,58.2
2004-03-15,53.1
2004-03-16,62.9
2004-03-17,32.6
2004-03-18,44.3
2004-03-19,48.7
2004-03-20,56.3
2004-03-21,52.4
2004-03-22,54.8
2004-03-23,58.9
2004-03-24,48.7
2004-03-25,55.5
2004-03-26,51
2004-03-27,49.6
2004-03-28,55.4
2004-03-29,38.7
2004-03-30,47.8
2004-03-31,40.5
2004-04-01,34.6
2004-04-02,55.8
2004-04-03,64.6
2004-04-04,44.5
2004-04-05,48.9
2004-04-06,45.5
2004-04-07,58.8
2004-04-08,48.8
2004-04-09,57.5
2004-04-10,28.8
2004-04-11,43.2
2004-04-12,48.3
2004-04-13,64.7
2004-04-14,42.2
2004-04-15,40.4
2004-04-16,29.8
2004-04-17,43.9
2004-04-18,41.9
2004-04-19,58.6
2004-04-20,57.6
2004-04-21,52
2004-04-22,45.5
2004-04-23,36.1
2004-04-24,25.7
2004-04-25,53.9
2004-04-26,31.4
2004-04-27,41.1
2004-04-28,51
2004-04-29,52.1
2004-04-30,46.3
2004-05-01,30
2004-05-02,31.6
2004-05-03,35.6
2004-05-04,37.8
2004-05-05,30.5
2004-05-06,30.1
2004-05-07,43.2
2004-05-08,38.8
2004-05-09,33.2
2004-05-10,36.8
2004-05-11,35.7
2004-05-12,33.6
2004-05-13,39.5
2004-05-14,35.7
2004-05-15,20.1
2004-05-16,32.6
2004-05-17,34.5
2004-05-18,19.6
2004-05-19,42.1
2004-05-20,50.7
2004-05-21,36.8
2004-05-22,39.7
2004-05-23,NA
2004-05-24,33.8
2004-05-25,38.6
2004-05-26,35.8
2004-05-27,38.5
2004-05-28,19.2
2004-05-29,44.7
2004-05-30,23.1
2004-05-31,34.8
2004-06-01,25.2
2004-06-02,24.1
2004-06-03,15.7
2004-06-04,39.5
2004-06-05,33.6
2004-06-06,33.7
2004-06-07,21.3
2004-06-08,31.4
2004-06-09,38
2004-06-10,35.5
2004-06-11,27.8
2004-06-12,16.9
2004-06-13,27.6
2004-06-14,36.5
2004-06-15,25.3
2004-06-16,27
2004-06-17,28.4
2004-06-18,27.1
2004-06-19,20.1
2004-06-20,31.4
2004-06-21,23.2
2004-06-22,24.2
2004-06-23,14.2
2004-06-24,38.8
2004-06-25,12.9
2004-06-26,31
2004-06-27,26.5
2004-06-28,47.4
2004-06-29,30.8
2004-06-30,33
2004-07-01,9.6
2004-07-02,NA
2004-07-03,20.4
2004-07-04,NA
2004-07-05,28.6
2004-07-06,24.8
2004-07-07,36
2004-07-08,21
2004-07-09,28.6
2004-07-10,20
2004-07-11,87
2004-07-12,20.6
2004-07-13,37.9
2004-07-14,26.5
2004-07-15,29.5
2004-07-16,28.3
2004-07-17,25.4
2004-07-18,10.8
2004-07-19,28.1
2004-07-20,31
2004-07-21,19.1
2004-07-22,26.4
2004-07-23,38
2004-07-24,28.5
2004-07-25,NA
2004-07-26,31.8
2004-07-27,33.3
2004-07-28,34.8
2004-07-29,27.4
2004-07-30,28.9
2004-07-31,27.4
2004-08-01,22.5
2004-08-02,38.2
2004-08-03,28.9
2004-08-04,43.2
2004-08-05,34
2004-08-06,34.8
2004-08-07,32.5
2004-08-08,17.5
2004-08-09,30.5
2004-08-10,41.6
2004-08-11,48.7
2004-08-12,26.9
2004-08-13,27.9
2004-08-14,29.2
2004-08-15,25.7
2004-08-16,31.6
2004-08-17,34.5
2004-08-18,23.9
2004-08-19,35.2
2004-08-20,47
2004-08-21,43.6
2004-08-22,50.8
2004-08-23,36.6
2004-08-24,30
2004-08-25,21.4
2004-08-26,45.5
2004-08-27,33.9
2004-08-28,21.6
2004-08-29,42
2004-08-30,45.1
2004-08-31,37.5
2004-09-01,47.3
2004-09-02,28
2004-09-03,40.5
2004-09-04,35.2
2004-09-05,31.6
2004-09-06,29.6
2004-09-07,29.9
2004-09-08,27
2004-09-09,30.7
2004-09-10,36.7
2004-09-11,44
2004-09-12,39.4
2004-09-13,38.3
2004-09-14,40.7
2004-09-15,44.4
2004-09-16,46.8
2004-09-17,32.8
2004-09-18,50.2
2004-09-19,30.8
2004-09-20,34
2004-09-21,48.3
2004-09-22,37.2
2004-09-23,42
2004-09-24,36.8
2004-09-25,41
2004-09-26,27.2
2004-09-27,38.5
2004-09-28,20.5
2004-09-29,43.8
2004-09-30,21.4
2004-10-01,31.2
2004-10-02,57.1
2004-10-03,56
2004-10-04,31.2
2004-10-05,45.1
2004-10-06,41.4
2004-10-07,42.5
2004-10-08,28.3
2004-10-09,40.5
2004-10-10,44.8
2004-10-11,48.7
2004-10-12,37.7
2004-10-13,52.8
2004-10-14,50.2
2004-10-15,41.2
2004-10-16,45.8
2004-10-17,38.4
2004-10-18,44.9
2004-10-19,39.4
2004-10-20,35.4
2004-10-21,52
2004-10-22,40.7
2004-10-23,48.9
2004-10-24,42.2
2004-10-25,50.6
2004-10-26,43.4
2004-10-27,47.5
2004-10-28,NA
2004-10-29,116.4
2004-10-30,162
2004-10-31,51.7
2004-11-01,55.9
2004-11-02,54.4
2004-11-03,43.7
2004-11-04,45.5
2004-11-05,47.2
2004-11-06,36
2004-11-07,59.8
2004-11-08,56
2004-11-09,54.3
2004-11-10,52.3
2004-11-11,56.7
2004-11-12,46.1
2004-11-13,48.1
2004-11-14,55
2004-11-15,50.9
2004-11-16,38.8
2004-11-17,72.1
2004-11-18,61.9
2004-11-19,57.7
2004-11-20,40.5
2004-11-21,49.3
2004-11-22,50.7
2004-11-23,53.5
2004-11-24,45.3
2004-11-25,63.5
2004-11-26,129.9
2004-11-27,68.5
2004-11-28,73.7
2004-11-29,60.6
2004-11-30,59.7
2004-12-01,51.3
2004-12-02,53.6
2004-12-03,50.5
2004-12-04,44.7
2004-12-05,63.6
2004-12-06,59.9
2004-12-07,65.2
2004-12-08,55.5
2004-12-09,61.2
2004-12-10,49.4
2004-12-11,48.6
2004-12-12,147
2004-12-13,55.4
2004-12-14,60.4
2004-12-15,55.6
2004-12-16,46
2004-12-17,66.8
2004-12-18,48.7
2004-12-19,66.9
2004-12-20,52.9
2004-12-21,62.9
2004-12-22,44.5
2004-12-23,161.3
2004-12-24,55.4
2004-12-25,62.1
2004-12-26,67.5
2004-12-27,65.5
2004-12-28,61.6
2004-12-29,54.4
2004-12-30,55.2
2004-12-31,63.5
2005-01-01,62.8
2005-01-02,100.2
2005-01-03,58.7
2005-01-04,55.9
2005-01-05,54.5
2005-01-06,61.3
2005-01-07,56.6
2005-01-08,57.2
2005-01-09,71.2
2005-01-10,58.3
2005-01-11,61
2005-01-12,85
2005-01-13,65.6
2005-01-14,71.1
2005-01-15,63.1
2005-01-16,63.1
2005-01-17,59.9
2005-01-18,66.5
2005-01-19,65.9
2005-01-20,59.1
2005-01-21,51.8
2005-01-22,61.7
2005-01-23,28.8
2005-01-24,53.7
2005-01-25,61.5
2005-01-26,47.4
2005-01-27,48.8
2005-01-28,52.6
2005-01-29,64.1
2005-01-30,60.3
2005-01-31,51.7
2005-02-01,63.4
2005-02-02,70.2
2005-02-03,63.4
2005-02-04,50
2005-02-05,89.8
2005-02-06,61
2005-02-07,53.9
2005-02-08,58.6
2005-02-09,51.9
2005-02-10,47.5
2005-02-11,65.5
2005-02-12,51.8
2005-02-13,50.9
2005-02-14,57.4
2005-02-15,67.3
2005-02-16,49.8
2005-02-17,43.6
2005-02-18,57.7
2005-02-19,56.5
2005-02-20,62.9
2005-02-21,55.1
2005-02-22,46.4
2005-02-23,61
2005-02-24,52
2005-02-25,64.3
2005-02-26,54.4
2005-02-27,79.3
2005-02-28,60
2005-03-01,47.7
2005-03-02,54
2005-03-03,47.5
2005-03-04,58.9
2005-03-05,50.7
2005-03-06,51.1
2005-03-07,48.8
2005-03-08,38.8
2005-03-09,65.2
2005-03-10,47.5
2005-03-11,52.2
2005-03-12,56.6
2005-03-13,51
2005-03-14,52.1
2005-03-15,50
2005-03-16,33.7
2005-03-17,44.8
2005-03-18,47.5
2005-03-19,53.1
2005-03-20,62.6
2005-03-21,60
2005-03-22,50.2
2005-03-23,51
2005-03-24,53.1
2005-03-25,48.8
2005-03-26,51.3
2005-03-27,46.1
2005-03-28,41.8
2005-03-29,51.1
2005-03-30,51.9
2005-03-31,44.5
2005-04-01,57.1
2005-04-02,44.9
2005-04-03,54.2
2005-04-04,42.9
2005-04-05,46.4
2005-04-06,43.6
2005-04-07,47.3
2005-04-08,49.8
2005-04-09,47.6
2005-04-10,NA
2005-04-11,58.2
2005-04-12,54.3
2005-04-13,45.6
2005-04-14,47.3
2005-04-15,NA
2005-04-16,41.8
2005-04-17,60.9
2005-04-18,45.5
2005-04-19,43.6
2005-04-20,41.6
2005-04-21,37.2
2005-04-22,43.6
2005-04-23,33.7
2005-04-24,48.3
2005-04-25,46.7
2005-04-26,51
2005-04-27,23.9
2005-04-28,NA
2005-04-29,45.7
2005-04-30,42
2005-05-01,30.1
2005-05-02,41.4
2005-05-03,55.8
2005-05-04,43.7
2005-05-05,49.6
2005-05-06,30.4
2005-05-07,24.1
2005-05-08,43.5
2005-05-09,40.6
2005-05-10,21.7
2005-05-11,98
2005-05-12,27.5
2005-05-13,43.3
2005-05-14,44.5
2005-05-15,34.9
2005-05-16,44.6
2005-05-17,40.7
2005-05-18,34.6
2005-05-19,33.5
2005-05-20,36.4
2005-05-21,27.1
2005-05-22,50.5
2005-05-23,33.2
2005-05-24,NA
2005-05-25,27.6
2005-05-26,14.1
2005-05-27,38.1
2005-05-28,33.7
2005-05-29,28.4
2005-05-30,29.8
2005-05-31,13.4
2005-06-01,21.2
2005-06-02,29.7
2005-06-03,33.1
2005-06-04,24.8
2005-06-05,35.3
2005-06-06,34.6
2005-06-07,25.7
2005-06-08,27.6
2005-06-09,17.3
2005-06-10,29.6
2005-06-11,33.4
2005-06-12,28
2005-06-13,24.7
2005-06-14,25.9
2005-06-15,12.2
2005-06-16,37
2005-06-17,21.5
2005-06-18,36.2
2005-06-19,22.3
2005-06-20,39.9
2005-06-21,27.2
2005-06-22,42.5
2005-06-23,15.6
2005-06-24,32
2005-06-25,26.3
2005-06-26,27.2
2005-06-27,27.2
2005-06-28,20.5
2005-06-29,36.5
2005-06-30,41.5
2005-07-01,NA
2005-07-02,22.9
2005-07-03,35.2
2005-07-04,33
2005-07-05,21.3
2005-07-06,27.5
2005-07-07,25.9
2005-07-08,21
2005-07-09,22.2
2005-07-10,34.4
2005-07-11,28.1
2005-07-12,24
2005-07-13,26.6
2005-07-14,37.4
2005-07-15,20.3
2005-07-16,22.4
2005-07-17,37.2
2005-07-18,14.6
2005-07-19,26.7
2005-07-20,33.2
2005-07-21,35.5
2005-07-22,20.3
2005-07-23,22.1
2005-07-24,80.8
2005-07-25,34.1
2005-07-26,38.2
2005-07-27,25.5
2005-07-28,28.6
2005-07-29,24.2
2005-07-30,32
2005-07-31,27.4
2005-08-01,22.5
2005-08-02,40
2005-08-03,18.7
2005-08-04,26.9
2005-08-05,32.3
2005-08-06,37.6
2005-08-07,24
2005-08-08,27.1
2005-08-09,29.6
2005-08-10,22.5
2005-08-11,24.2
2005-08-12,26.4
2005-08-13,37
2005-08-14,25.6
2005-08-15,26.4
2005-08-16,41
2005-08-17,14.2
2005-08-18,28.3
2005-08-19,14.8
2005-08-20,34.7
2005-08-21,35.7
2005-08-22,33.3
2005-08-23,32.8
2005-08-24,44.7
2005-08-25,37.2
2005-08-26,25.4
2005-08-27,26.2
2005-08-28,23.5
2005-08-29,25.3
2005-08-30,27.9
2005-08-31,37.9
2005-09-01,39.4
2005-09-02,9.4
2005-09-03,21.4
2005-09-04,NA
2005-09-05,35.5
2005-09-06,43
2005-09-07,29.3
2005-09-08,39.3
2005-09-09,86
2005-09-10,45.7
2005-09-11,37.9
2005-09-12,35.4
2005-09-13,30.4
2005-09-14,45.3
2005-09-15,36.2
2005-09-16,26.4
2005-09-17,34.8
2005-09-18,23.2
2005-09-19,38.3
2005-09-20,43.6
2005-09-21,40.4
2005-09-22,29.7
2005-09-23,38.8
2005-09-24,31.3
2005-09-25,43.5
2005-09-26,34.5
2005-09-27,42.3
2005-09-28,36.5
2005-09-29,28.1
2005-09-30,45.9
2005-10-01,52
2005-10-02,42.7
2005-10-03,30.7
2005-10-04,42.6
2005-10-05,39.3
2005-10-06,40.4
2005-10-07,46.8
2005-10-08,45.7
2005-10-09,38.9
2005-10-10,49.4
2005-10-11,41.2
2005-10-12,43.7
2005-10-13,43.5
2005-10-14,31.4
2005-10-15,40.2
2005-10-16,51.4
2005-10-17,39.1
2005-10-18,45.4
2005-10-19,51.1
2005-10-20,63.8
2005-10-21,46
2005-10-22,42.6
2005-10-23,55.8
2005-10-24,42.6
2005-10-25,52
2005-10-26,52.4
2005-10-27,45.6
2005-10-28,48.5
2005-10-29,48.2
2005-10-30,40.4
2005-10-31,43.7
2005-11-01,60.7
2005-11-02,46.1
2005-11-03,37.7
2005-11-04,46.8
2005-11-05,51.3
2005-11-06,58.2
2005-11-07,42.1
2005-11-08,47.3
2005-11-09,51.4
2005-11-10,45.8
2005-11-11,54
2005-11-12,46.4
2005-11-13,45.2
2005-11-14,63.3
2005-11-15,43.7
2005-11-16,44.8
2005-11-17,60.8
2005-11-18,53.9
2005-11-19,62.1
2005-11-20,57.2
2005-11-21,56.8
2005-11-22,63.9
2005-11-23,43.5
2005-11-24,46
2005-11-25,54.6
2005-11-26,55.4
2005-11-27,58.9
2005-11-28,75
2005-11-29,46.2
2005-11-30,59.5
2005-12-01,60.8
2005-12-02,41.6
2005-12-03,45.4
2005-12-04,56.5
2005-12-05,31
2005-12-06,60.5
2005-12-07,61.8
2005-12-08,57
2005-12-09,43.7
2005-12-10,65.7
2005-12-11,65.7
2005-12-12,70.4
2005-12-13,72
2005-12-14,63.3
2005-12-15,56.8
2005-12-16,57.5
2005-12-17,71.9
2005-12-18,54.8
2005-12-19,62.8
2005-12-20,57.8
2005-12-21,47.5
2005-12-22,73.5
2005-12-23,59.8
2005-12-24,72.7
2005-12-25,55.8
2005-12-26,46.1
2005-12-27,73.4
2005-12-28,64
2005-12-29,68.3
2005-12-30,65.5
2005-12-31,50.5
2006-01-01,66.1
2006-01-02,65.1
2006-01-03,51.6
2006-01-04,61.1
2006-01-05,70.7
2006-01-06,65.5
2006-01-07,60.5
2006-01-08,58.5
2006-01-09,46
2006-01-10,121.1
2006-01-11,59.6
2006-01-12,47.4
2006-01-13,58.1
2006-01-14,54.2
2006-01-15,68.1
2006-01-16,53.3
2006-01-17,54.9
2006-01-18,57.4
2006-01-19,65.1
2006-01-20,72.3
2006-01-21,62.6
2006-01-22,43.8
2006-01-23,43.2
2006-01-24,32.3
2006-01-25,60.9
2006-01-26,50.9
2006-01-27,48.6
2006-01-28,48
2006-01-29,54.2
2006-01-30,64
2006-01-31,45.2
2006-02-01,50.6
2006-02-02,72
2006-02-03,47.1
2006-02-04,59.1
2006-02-05,48.3
2006-02-06,58.3
2006-02-07,50.1
2006-02-08,81.6
2006-02-09,63.5
2006-02-10,66
2006-02-11,52.5
2006-02-12,61.6
2006-02-13,50
2006-02-14,47.3
2006-02-15,67.3
2006-02-16,65.1
2006-02-17,66.2
2006-02-18,113.2
2006-02-19,62.6
2006-02-20,53.5
2006-02-21,48
2006-02-22,71.2
2006-02-23,72
2006-02-24,60.2
2006-02-25,56.3
2006-02-26,60.2
2006-02-27,63.8
2006-02-28,40.2
2006-03-01,58.3
2006-03-02,52.7
2006-03-03,37.7
2006-03-04,59.2
2006-03-05,51.1
2006-03-06,58.6
2006-03-07,45.4
2006-03-08,56.1
2006-03-09,45.1
2006-03-10,53.8
2006-03-11,55.6
2006-03-12,40.1
2006-03-13,45.9
2006-03-14,NA
2006-03-15,55
2006-03-16,60.5
2006-03-17,48.7
2006-03-18,58.1
2006-03-19,54.3
2006-03-20,47.2
2006-03-21,49.6
2006-03-22,51.7
2006-03-23,44.5
2006-03-24,52
2006-03-25,40.7
2006-03-26,49.2
2006-03-27,47
2006-03-28,42.7
2006-03-29,50
2006-03-30,42.8
2006-03-31,51.7
2006-04-01,34.2
2006-04-02,58.8
2006-04-03,34.9
2006-04-04,45
2006-04-05,49.8
2006-04-06,48.1
2006-04-07,44.8
2006-04-08,26.7
2006-04-09,41.4
2006-04-10,38
2006-04-11,42.2
2006-04-12,110.2
2006-04-13,40.5
2006-04-14,38.6
2006-04-15,53.7
2006-04-16,40.8
2006-04-17,37.6
2006-04-18,56.5
2006-04-19,36.3
2006-04-20,46.4
2006-04-21,28.1
2006-04-22,50.8
2006-04-23,46
2006-04-24,41.6
2006-04-25,28.8
2006-04-26,41
2006-04-27,49.5
2006-04-28,35.8
2006-04-29,29.4
2006-04-30,27.2
2006-05-01,45.4
2006-05-02,56.7
2006-05-03,39
2006-05-04,43.6
2006-05-05,25.5
2006-05-06,34.2
2006-05-07,37.8
2006-05-08,37.7
2006-05-09,NA
2006-05-10,39.5
2006-05-11,38.1
2006-05-12,54.7
2006-05-13,36.8
2006-05-14,35.6
2006-05-15,38.2
2006-05-16,36
2006-05-17,27.1
2006-05-18,35.8
2006-05-19,19.3
2006-05-20,33.8
2006-05-21,41
2006-05-22,30.7
2006-05-23,43.3
2006-05-24,37
2006-05-25,6.7
2006-05-26,29.1
2006-05-27,NA
2006-05-28,44.2
2006-05-29,27.7
2006-05-30,24.2
2006-05-31,30.7
2006-06-01,37.5
2006-06-02,23.3
2006-06-03,30.7
2006-06-04,39.8
2006-06-05,17.2
2006-06-06,37.1
2006-06-07,28.7
2006-06-08,35
2006-06-09,34.8
2006-06-10,29.9
2006-06-11,37.5
2006-06-12,35.3
2006-06-13,27.9
2006-06-14,18.3
2006-06-15,44.3
2006-06-16,34.3
2006-06-17,23.3
2006-06-18,26.1
2006-06-19,25.8
2006-06-20,24.7
2006-06-21,20.8
2006-06-22,35.4
2006-06-23,42.7
2006-06-24,12.4
2006-06-25,33.4
2006-06-26,51
2006-06-27,38.9
2006-06-28,28.6
2006-06-29,36.7
2006-06-30,20.7
2006-07-01,NA
2006-07-02,32
2006-07-03,23.3
2006-07-04,19.6
2006-07-05,14.1
2006-07-06,34.3
2006-07-07,30.4
2006-07-08,34.8
2006-07-09,118.9
2006-07-10,23
2006-07-11,28.5
2006-07-12,37.9
2006-07-13,16.2
2006-07-14,39.5
2006-07-15,18.6
2006-07-16,26.6
2006-07-17,32.7
2006-07-18,31.7
2006-07-19,19.5
2006-07-20,38
2006-07-21,25.7
2006-07-22,38.5
2006-07-23,29.3
2006-07-24,26.7
2006-07-25,33.3
2006-07-26,36.9
2006-07-27,28.4
2006-07-28,29.2
2006-07-29,21
2006-07-30,39.9
2006-07-31,23
2006-08-01,19.8
2006-08-02,32.9
2006-08-03,30.3
2006-08-04,25.7
2006-08-05,21.8
2006-08-06,33.9
2006-08-07,27.8
2006-08-08,18
2006-08-09,45.6
2006-08-10,41.7
2006-08-11,30.8
2006-08-12,30.5
2006-08-13,18.9
2006-08-14,30
2006-08-15,17.1
2006-08-16,30.3
2006-08-17,16.3
2006-08-18,30.1
2006-08-19,29.5
2006-08-20,35.3
2006-08-21,27.6
2006-08-22,22.7
2006-08-23,26.5
2006-08-24,37.8
2006-08-25,35.6
2006-08-26,22.6
2006-08-27,33.4
2006-08-28,34.6
2006-08-29,44.2
2006-08-30,34.7
2006-08-31,24.8
2006-09-01,23.8
2006-09-02,39.8
2006-09-03,22.7
2006-09-04,30.4
2006-09-05,42.2
2006-09-06,30.3
2006-09-07,33.1
2006-09-08,38.1
2006-09-09,27.4
2006-09-10,28.6
2006-09-11,39.8
2006-09-12,35.8
2006-09-13,26.1
2006-09-14,34.3
2006-09-15,37.2
2006-09-16,28
2006-09-17,106.1
2006-09-18,37.5
2006-09-19,29.6
2006-09-20,37.3
2006-09-21,94.6
2006-09-22,22.3
2006-09-23,43.8
2006-09-24,56.6
2006-09-25,34.5
2006-09-26,40.4
2006-09-27,25.3
2006-09-28,43.5
2006-09-29,46
2006-09-30,55.8
2006-10-01,45.5
2006-10-02,37.9
2006-10-03,50.3
2006-10-04,52.2
2006-10-05,38.5
2006-10-06,32.6
2006-10-07,39
2006-10-08,23.8
2006-10-09,52
2006-10-10,34.9
2006-10-11,35.7
2006-10-12,43.5
2006-10-13,38.6
2006-10-14,32.4
2006-10-15,42.2
2006-10-16,45.5
2006-10-17,43.8
2006-10-18,42.1
2006-10-19,44.1
2006-10-20,38.9
2006-10-21,41.2
2006-10-22,43
2006-10-23,NA
2006-10-24,50.4
2006-10-25,39.3
2006-10-26,37
2006-10-27,54.9
2006-10-28,62.4
2006-10-29,58.4
2006-10-30,45.1
2006-10-31,62.7
2006-11-01,41.2
2006-11-02,56.5
2006-11-03,86
2006-11-04,52.1
2006-11-05,48.5
2006-11-06,46.7
2006-11-07,60.2
2006-11-08,43.1
2006-11-09,41.6
2006-11-10,40.1
2006-11-11,45.1
2006-11-12,50.2
2006-11-13,45.1
2006-11-14,NA
2006-11-15,45.4
2006-11-16,61.5
2006-11-17,59.2
2006-11-18,51.5
2006-11-19,45.9
2006-11-20,65.3
2006-11-21,52
2006-11-22,61.9
2006-11-23,52.3
2006-11-24,59.6
2006-11-25,56.5
2006-11-26,NA
2006-11-27,44.4
2006-11-28,52.2
2006-11-29,56.7
2006-11-30,42.5
2006-12-01,66.7
2006-12-02,59.5
2006-12-03,42.5
2006-12-04,60.5
2006-12-05,68.5
2006-12-06,59.2
2006-12-07,64.5
2006-12-08,62.7
2006-12-09,54.6
2006-12-10,71.1
2006-12-11,51.5
2006-12-12,58
2006-12-13,63.8
2006-12-14,57.7
2006-12-15,49.2
2006-12-16,72.1
2006-12-17,60.5
2006-12-18,56.6
2006-12-19,56.1
2006-12-20,49.1
2006-12-21,55.3
2006-12-22,58.5
2006-12-23,59
2006-12-24,41
2006-12-25,54.6
2006-12-26,55.6
2006-12-27,66
2006-12-28,57
2006-12-29,61.1
2006-12-30,54.3
2006-12-31,56.3
2007-01-01,68.4
2007-01-02,67.2
2007-01-03,56.3
2007-01-04,48.7
2007-01-05,56
2007-01-06,62.8
2007-01-07,51.8
2007-01-08,46.1
2007-01-09,54.1
2007-01-10,NA
2007-01-11,52
2007-01-12,45.3
2007-01-13,53.7
2007-01-14,65.4
2007-01-15,58.4
2007-01-16,62.5
2007-01-17,64.1
2007-01-18,57.9
2007-01-19,64.2
2007-01-20,73.5
2007-01-21,71.8
2007-01-22,52.3
2007-01-23,56.6
2007-01-24,50.1
2007-01-25,63.8
2007-01-26,68.1
2007-01-27,59.8
2007-01-28,58.1
2007-01-29,47.4
2007-01-30,52.3
2007-01-31,54.1
2007-02-01,69.5
2007-02-02,39.2
2007-02-03,48.7
2007-02-04,59
2007-02-05,70.8
2007-02-06,43.7
2007-02-07,99.1
2007-02-08,60
2007-02-09,47.7
2007-02-10,53.3
2007-02-11,59.1
2007-02-12,57.6
2007-02-13,63.8
2007-02-14,57.2
2007-02-15,46.3
2007-02-16,46.6
2007-02-17,59.3
2007-02-18,50
2007-02-19,62.4
2007-02-20,41
2007-02-21,48.8
2007-02-22,62.6
2007-02-23,57.6
2007-02-24,52.9
2007-02-25,57.2
2007-02-26,63.2
2007-02-27,41
2007-02-28,58.8
2007-03-01,59
2007-03-02,58.8
2007-03-03,52.2
2007-03-04,54.8
2007-03-05,55.4
2007-03-06,48.5
2007-03-07,67.8
2007-03-08,NA
2007-03-09,52.4
2007-03-10,57
2007-03-11,58.5
2007-03-12,42
2007-03-13,49.6
2007-03-14,56
2007-03-15,36.3
2007-03-16,53.6
2007-03-17,52.4
2007-03-18,49.9
2007-03-19,66.1
2007-03-20,45.8
2007-03-21,41
2007-03-22,45.7
2007-03-23,65.6
2007-03-24,49.4
2007-03-25,40.5
2007-03-26,38.6
2007-03-27,34.1
2007-03-28,40.5
2007-03-29,44
2007-03-30,49.9
2007-03-31,38.7
2007-04-01,46.6
2007-04-02,47.1
2007-04-03,33.6
2007-04-04,49
2007-04-05,55.4
2007-04-06,45.5
2007-04-07,55
2007-04-08,39.3
2007-04-09,34
2007-04-10,61.4
2007-04-11,48.7
2007-04-12,36.6
2007-04-13,59.5
2007-04-14,33.8
2007-04-15,49.2
2007-04-16,44.8
2007-04-17,34.6
2007-04-18,62.8
2007-04-19,45.1
2007-04-20,31.2
2007-04-21,54.5
2007-04-22,46.9
2007-04-23,49.5
2007-04-24,52.8
2007-04-25,38.9
2007-04-26,18.8
2007-04-27,33.3
2007-04-28,24.8
2007-04-29,38.4
2007-04-30,27.5
2007-05-01,48
2007-05-02,35.5
2007-05-03,32.3
2007-05-04,45.9
2007-05-05,42.7
2007-05-06,28.4
2007-05-07,NA
2007-05-08,36.5
2007-05-09,44.9
2007-05-10,34.5
2007-05-11,38.8
2007-05-12,34.8
2007-05-13,34.7
2007-05-14,81.8
2007-05-15,137.9
2007-05-16,41.6
2007-05-17,29.1
2007-05-18,29.6
2007-05-19,52.3
2007-05-20,42.8
2007-05-21,22.9
2007-05-22,23.6
2007-05-23,25.2
2007-05-24,25.7
2007-05-25,28.4
2007-05-26,44.7
2007-05-27,47.9
2007-05-28,120.4
2007-05-29,32.5
2007-05-30,22
2007-05-31,48.9
2007-06-01,35.4
2007-06-02,32.9
2007-06-03,26
2007-06-04,40.4
2007-06-05,39.8
2007-06-06,33.6
2007-06-07,19
2007-06-08,32.8
2007-06-09,34
2007-06-10,43.5
2007-06-11,24.4
2007-06-12,41.4
2007-06-13,35
2007-06-14,35.4
2007-06-15,25.1
2007-06-16,40.8
2007-06-17,38
2007-06-18,27
2007-06-19,35.1
2007-06-20,18.8
2007-06-21,35.1
2007-06-22,19.3
2007-06-23,24.3
2007-06-24,35.7
2007-06-25,34.7
2007-06-26,43.9
2007-06-27,70.9
2007-06-28,42.9
2007-06-29,31.7
2007-06-30,27.3
2007-07-01,20.6
2007-07-02,34.9
2007-07-03,33.1
2007-07-04,37.2
2007-07-05,26.5
2007-07-06,25.3
2007-07-07,31.4
2007-07-08,38
2007-07-09,25.1
2007-07-10,28.7
2007-07-11,27.9
2007-07-12,31
2007-07-13,34.3
2007-07-14,44.3
2007-07-15,29.8
2007-07-16,23.1
2007-07-17,37.2
2007-07-18,NA
2007-07-19,22.1
2007-07-20,36.8
2007-07-21,23.4
2007-07-22,41.1
2007-07-23,10.8
2007-07-24,40.3
2007-07-25,7.6
2007-07-26,37.3
2007-07-27,28.5
2007-07-28,9.7
2007-07-29,15.2
2007-07-30,24.3
2007-07-31,28.2
2007-08-01,22.4
2007-08-02,32.7
2007-08-03,23.6
2007-08-04,26.9
2007-08-05,25
2007-08-06,27.3
2007-08-07,20.4
2007-08-08,31.2
2007-08-09,8.3
2007-08-10,27.6
2007-08-11,30.7
2007-08-12,32.3
2007-08-13,31.8
2007-08-14,23
2007-08-15,25.3
2007-08-16,14.9
2007-08-17,26.4
2007-08-18,32.9
2007-08-19,42.2
2007-08-20,38.6
2007-08-21,49.2
2007-08-22,39.9
2007-08-23,34.3
2007-08-24,35
2007-08-25,34.7
2007-08-26,30.5
2007-08-27,34.3
2007-08-28,39
2007-08-29,37.8
2007-08-30,23.6
2007-08-31,27.4
2007-09-01,36.6
2007-09-02,25.3
2007-09-03,24.8
2007-09-04,27.2
2007-09-05,36.2
2007-09-06,47.3
2007-09-07,30
2007-09-08,41.1
2007-09-09,27.8
2007-09-10,30.4
2007-09-11,25.1
2007-09-12,36.4
2007-09-13,31.7
2007-09-14,31.5
2007-09-15,35.5
2007-09-16,40.2
2007-09-17,37.9
2007-09-18,28.4
2007-09-19,49.3
2007-09-20,46.9
2007-09-21,27.5
2007-09-22,39.3
2007-09-23,40
2007-09-24,28.3
2007-09-25,37.5
2007-09-26,33.4
2007-09-27,39.9
2007-09-28,46.7
2007-09-29,22.4
2007-09-30,34.2
2007-10-01,49
2007-10-02,47.6
2007-10-03,40.9
2007-10-04,39.3
2007-10-05,31.5
2007-10-06,53.5
2007-10-07,40.5
2007-10-08,35
2007-10-09,46
2007-10-10,29.6
2007-10-11,41.4
2007-10-12,37.9
2007-10-13,39.6
2007-10-14,42.1
2007-10-15,36
2007-10-16,46.1
2007-10-17,49.8
2007-10-18,47.6
2007-10-19,40
2007-10-20,36.9
2007-10-21,40.4
2007-10-22,39.3
2007-10-23,53.6
2007-10-24,44.5
2007-10-25,58.2
2007-10-26,48.7
2007-10-27,49.8
2007-10-28,53.9
2007-10-29,51.3
2007-10-30,54.3
2007-10-31,68.3
2007-11-01,52.4
2007-11-02,38.1
2007-11-03,50
2007-11-04,57.5
2007-11-05,45.3
2007-11-06,43.3
2007-11-07,37.2
2007-11-08,55.3
2007-11-09,52.6
2007-11-10,49
2007-11-11,51.4
2007-11-12,54.2
2007-11-13,47.8
2007-11-14,50.4
2007-11-15,28.4
2007-11-16,45.7
2007-11-17,36.5
2007-11-18,59.5
2007-11-19,61.4
2007-11-20,48.7
2007-11-21,62.7
2007-11-22,36.9
2007-11-23,57.3
2007-11-24,60.3
2007-11-25,53.5
2007-11-26,49.1
2007-11-27,59.8
2007-11-28,54
2007-11-29,44.6
2007-11-30,34.4
2007-12-01,59.9
2007-12-02,50.4
2007-12-03,47.4
2007-12-04,59.7
2007-12-05,41.9
2007-12-06,62.7
2007-12-07,59.3
2007-12-08,57.6
2007-12-09,55.9
2007-12-10,62.4
2007-12-11,56.6
2007-12-12,72.5
2007-12-13,62.2
2007-12-14,56.2
2007-12-15,57.5
2007-12-16,53.1
2007-12-17,64.2
2007-12-18,50.4
2007-12-19,53.2
2007-12-20,53.4
2007-12-21,54.2
2007-12-22,58.5
2007-12-23,51.5
2007-12-24,49.4
2007-12-25,51.7
2007-12-26,66.1
2007-12-27,148.2
2007-12-28,NA
2007-12-29,44
2007-12-30,62.5
2007-12-31,62.2
2008-01-01,70.2
2008-01-02,62.8
2008-01-03,82.8
2008-01-04,54.6
2008-01-05,49.9
2008-01-06,41.4
2008-01-07,45
2008-01-08,57.9
2008-01-09,82.4
2008-01-10,53.7
2008-01-11,67.7
2008-01-12,57.1
2008-01-13,52.5
2008-01-14,68.1
2008-01-15,60.2
2008-01-16,52.9
2008-01-17,58.8
2008-01-18,59
2008-01-19,62.7
2008-01-20,41.2
2008-01-21,63.1
2008-01-22,55.2
2008-01-23,62.8
2008-01-24,55.4
2008-01-25,48.9
2008-01-26,55.6
2008-01-27,50.8
2008-01-28,63.5
2008-01-29,63.9
2008-01-30,68
2008-01-31,54.6
2008-02-01,49
2008-02-02,57.4
2008-02-03,55.4
2008-02-04,53.2
2008-02-05,56.2
2008-02-06,64.9
2008-02-07,63
2008-02-08,53.8
2008-02-09,62.6
2008-02-10,55.4
2008-02-11,68.1
2008-02-12,52
2008-02-13,45.2
2008-02-14,61
2008-02-15,65.1
2008-02-16,51.8
2008-02-17,43.7
2008-02-18,58.8
2008-02-19,62.6
2008-02-20,54.6
2008-02-21,49.3
2008-02-22,43.1
2008-02-23,56.2
2008-02-24,46.1
2008-02-25,46
2008-02-26,61.8
2008-02-27,72.8
2008-02-28,50.6
2008-02-29,61.7
2008-03-01,46.8
2008-03-02,57
2008-03-03,66
2008-03-04,57.9
2008-03-05,48.3
2008-03-06,45.3
2008-03-07,57.7
2008-03-08,36.4
2008-03-09,54.7
2008-03-10,49.4
2008-03-11,43.3
2008-03-12,49.9
2008-03-13,45.7
2008-03-14,37.8
2008-03-15,41
2008-03-16,52.6
2008-03-17,37.1
2008-03-18,49.2
2008-03-19,54.9
2008-03-20,55.7
2008-03-21,50.7
2008-03-22,50.5
2008-03-23,58.4
2008-03-24,36.7
2008-03-25,57.6
2008-03-26,55
2008-03-27,51.7
2008-03-28,43
2008-03-29,48.2
2008-03-30,43.3
2008-03-31,41.7
2008-04-01,34.5
2008-04-02,50
2008-04-03,42.5
2008-04-04,58.8
2008-04-05,49.5
2008-04-06,38.1
2008-04-07,53.8
2008-04-08,46.5
2008-04-09,44
2008-04-10,41.8
2008-04-11,237.4
2008-04-12,53.4
2008-04-13,33.6
2008-04-14,44.5
2008-04-15,43.1
2008-04-16,23.6
2008-04-17,35.7
2008-04-18,30.8
2008-04-19,49.2
2008-04-20,38.9
2008-04-21,37.9
2008-04-22,42.9
2008-04-23,42
2008-04-24,42.4
2008-04-25,49.7
2008-04-26,39.2
2008-04-27,40
2008-04-28,36.6
2008-04-29,33.7
2008-04-30,38.8
2008-05-01,31.8
2008-05-02,45
2008-05-03,29.4
2008-05-04,31.1
2008-05-05,29.4
2008-05-06,30.5
2008-05-07,41.1
2008-05-08,NA
2008-05-09,24.7
2008-05-10,24.9
2008-05-11,35
2008-05-12,36.7
2008-05-13,33.3
2008-05-14,86.3
2008-05-15,37.5
2008-05-16,23.3
2008-05-17,34.7
2008-05-18,41.2
2008-05-19,134.7
2008-05-20,27.5
2008-05-21,44.4
2008-05-22,34.8
2008-05-23,40.6
2008-05-24,37.3
2008-05-25,31.9
2008-05-26,31.2
2008-05-27,30.9
2008-05-28,42.4
2008-05-29,25.5
2008-05-30,33.9
2008-05-31,36.2
2008-06-01,33.8
2008-06-02,19.7
2008-06-03,103.3
2008-06-04,26.8
2008-06-05,35.3
2008-06-06,40.1
2008-06-07,33.2
2008-06-08,41.2
2008-06-09,26.1
2008-06-10,27.7
2008-06-11,28.5
2008-06-12,36.6
2008-06-13,28.4
2008-06-14,23.4
2008-06-15,29.1
2008-06-16,18
2008-06-17,37.4
2008-06-18,22.5
2008-06-19,26.1
2008-06-20,NA
2008-06-21,9.2
2008-06-22,30.9
2008-06-23,22.8
2008-06-24,36.7
2008-06-25,34.2
2008-06-26,25.4
2008-06-27,16.4
2008-06-28,32
2008-06-29,NA
2008-06-30,29.6
2008-07-01,44.8
2008-07-02,24.1
2008-07-03,22.9
2008-07-04,18.4
2008-07-05,19.6
2008-07-06,28.8
2008-07-07,27.2
2008-07-08,23.1
2008-07-09,31.7
2008-07-10,16
2008-07-11,34.4
2008-07-12,25.8
2008-07-13,28.9
2008-07-14,28.9
2008-07-15,17.2
2008-07-16,31.7
2008-07-17,34.4
2008-07-18,4.2
2008-07-19,37.4
2008-07-20,13.9
2008-07-21,22.8
2008-07-22,36.5
2008-07-23,25.9
2008-07-24,33.5
2008-07-25,26.7
2008-07-26,35
2008-07-27,31.7
2008-07-28,NA
2008-07-29,34.7
2008-07-30,19.6
2008-07-31,24.2
2008-08-01,32.5
2008-08-02,23
2008-08-03,36.7
2008-08-04,37.8
2008-08-05,23.2
2008-08-06,20.9
2008-08-07,29.6
2008-08-08,37.1
2008-08-09,21.8
2008-08-10,90.6
2008-08-11,24.4
2008-08-12,32.6
2008-08-13,34.8
2008-08-14,5.4
2008-08-15,16
2008-08-16,27.9
2008-08-17,30.5
2008-08-18,26.3
2008-08-19,22.5
2008-08-20,44.1
2008-08-21,35.3
2008-08-22,36.8
2008-08-23,34.4
2008-08-24,37.6
2008-08-25,40.4
2008-08-26,38.5
2008-08-27,34.1
2008-08-28,25.7
2008-08-29,34.6
2008-08-30,31.9
2008-08-31,31.7
2008-09-01,31.3
2008-09-02,32
2008-09-03,36.2
2008-09-04,25.7
2008-09-05,42.6
2008-09-06,31.1
2008-09-07,40.8
2008-09-08,45.7
2008-09-09,38.6
2008-09-10,32.3
2008-09-11,30.8
2008-09-12,48
2008-09-13,46
2008-09-14,34.2
2008-09-15,45
2008-09-16,36.5
2008-09-17,38
2008-09-18,37.3
2008-09-19,28.6
2008-09-20,39.6
2008-09-21,34.7
2008-09-22,43.1
2008-09-23,25.5
2008-09-24,40.1
2008-09-25,43.3
2008-09-26,NA
2008-09-27,45
2008-09-28,46.3
2008-09-29,58.8
2008-09-30,36.8
2008-10-01,52.7
2008-10-02,42.6
2008-10-03,57.5
2008-10-04,43
2008-10-05,39.9
2008-10-06,39.4
2008-10-07,51.3
2008-10-08,123
2008-10-09,41.4
2008-10-10,25.2
2008-10-11,48.6
2008-10-12,45.6
2008-10-13,41.2
2008-10-14,41.9
2008-10-15,35.6
2008-10-16,40.9
2008-10-17,41.5
2008-10-18,41.3
2008-10-19,47.9
2008-10-20,40.3
2008-10-21,43.5
2008-10-22,41.7
2008-10-23,47.7
2008-10-24,47.8
2008-10-25,47.3
2008-10-26,41.7
2008-10-27,41.7
2008-10-28,122
2008-10-29,28
2008-10-30,40.2
2008-10-31,52.9
2008-11-01,40.2
2008-11-02,48.5
2008-11-03,53
2008-11-04,50.5
2008-11-05,29.8
2008-11-06,57.1
2008-11-07,40.6
2008-11-08,44
2008-11-09,46.2
2008-11-10,52.3
2008-11-11,50.7
2008-11-12,45.9
2008-11-13,54
2008-11-14,52.2
2008-11-15,64.2
2008-11-16,57.5
2008-11-17,51.9
2008-11-18,40.5
2008-11-19,50
2008-11-20,43
2008-11-21,57.5
2008-11-22,52
2008-11-23,51.1
2008-11-24,50.6
2008-11-25,68.1
2008-11-26,48.5
2008-11-27,69.1
2008-11-28,51.7
2008-11-29,57.6
2008-11-30,59.9
2008-12-01,47.3
2008-12-02,49.5
2008-12-03,59.9
2008-12-04,52
2008-12-05,56.6
2008-12-06,NA
2008-12-07,67.7
2008-12-08,60.4
2008-12-09,43.8
2008-12-10,54.9
2008-12-11,NA
2008-12-12,41.5
2008-12-13,85
2008-12-14,52.4
2008-12-15,52.4
2008-12-16,53.2
2008-12-17,59
2008-12-18,63.5
2008-12-19,43.3
2008-12-20,75.3
2008-12-21,62.3
2008-12-22,80.8
2008-12-23,38.9
2008-12-24,47
2008-12-25,61.7
2008-12-26,40
2008-12-27,56.4
2008-12-28,62
2008-12-29,112
2008-12-30,65.6
2008-12-31,62.2
2009-01-01,44.9
2009-01-02,46.9
2009-01-03,47.2
2009-01-04,48
2009-01-05,53
2009-01-06,62.7
2009-01-07,55
2009-01-08,55.5
2009-01-09,75.3
2009-01-10,61.1
2009-01-11,49.4
2009-01-12,47.1
2009-01-13,34.8
2009-01-14,61.1
2009-01-15,53.2
2009-01-16,64.1
2009-01-17,58.6
2009-01-18,58
2009-01-19,62.5
2009-01-20,61.4
2009-01-21,52.7
2009-01-22,55
2009-01-23,52
2009-01-24,39.9
2009-01-25,75.8
2009-01-26,52.8
2009-01-27,51.1
2009-01-28,52.7
2009-01-29,42.9
2009-01-30,52.9
2009-01-31,44.3
2009-02-01,60.6
2009-02-02,57.4
2009-02-03,53.6
2009-02-04,53.1
2009-02-05,64.8
2009-02-06,62.1
2009-02-07,54.9
2009-02-08,56
2009-02-09,67.7
2009-02-10,51.2
2009-02-11,58.3
2009-02-12,37.9
2009-02-13,47.3
2009-02-14,52.9
2009-02-15,58.7
2009-02-16,43.2
2009-02-17,65.8
2009-02-18,58.1
2009-02-19,52.3
2009-02-20,57.2
2009-02-21,53
2009-02-22,58.7
2009-02-23,44.9
2009-02-24,60.4
2009-02-25,64.6
2009-02-26,59.7
2009-02-27,50.1
2009-02-28,65.6
2009-03-01,48.4
2009-03-02,71.1
2009-03-03,53.5
2009-03-04,57.5
2009-03-05,63.9
2009-03-06,54.4
2009-03-07,51
2009-03-08,64.6
2009-03-09,53.9
2009-03-10,56.4
2009-03-11,41.7
2009-03-12,51.3
2009-03-13,49.5
2009-03-14,67.1
2009-03-15,50.1
2009-03-16,59.7
2009-03-17,50.9
2009-03-18,72.4
2009-03-19,55.3
2009-03-20,42
2009-03-21,45.7
2009-03-22,45.7
2009-03-23,41.3
2009-03-24,55.2
2009-03-25,39.3
2009-03-26,34.2
2009-03-27,40
2009-03-28,45.3
2009-03-29,49.5
2009-03-30,58.2
2009-03-31,41.7
2009-04-01,24.3
2009-04-02,49.9
2009-04-03,39.8
2009-04-04,48.4
2009-04-05,50.4
2009-04-06,48.5
2009-04-07,49.3
2009-04-08,49
2009-04-09,50.2
2009-04-10,36
2009-04-11,37.4
2009-04-12,41.2
2009-04-13,38
2009-04-14,48
2009-04-15,43.4
2009-04-16,49.1
2009-04-17,44.3
2009-04-18,29.7
2009-04-19,46.1
2009-04-20,35.7
2009-04-21,NA
2009-04-22,56.3
2009-04-23,30.7
2009-04-24,39.5
2009-04-25,27
2009-04-26,40.8
2009-04-27,47.5
2009-04-28,32
2009-04-29,47.4
2009-04-30,47
2009-05-01,19.3
2009-05-02,32.3
2009-05-03,44.7
2009-05-04,43.6
2009-05-05,34.7
2009-05-06,54.3
2009-05-07,43
2009-05-08,29.5
2009-05-09,45.1
2009-05-10,138.3
2009-05-11,32.9
2009-05-12,44.8
2009-05-13,32.2
2009-05-14,25.3
2009-05-15,43.3
2009-05-16,33
2009-05-17,39.3
2009-05-18,39.6
2009-05-19,35.7
2009-05-20,47
2009-05-21,24.4
2009-05-22,30.4
2009-05-23,26.1
2009-05-24,30.1
2009-05-25,40.2
2009-05-26,58.6
2009-05-27,23.8
2009-05-28,35.5
2009-05-29,27.6
2009-05-30,32.7
2009-05-31,21.5
2009-06-01,23.5
2009-06-02,37.4
2009-06-03,26.5
2009-06-04,39.4
2009-06-05,44.6
2009-06-06,44
2009-06-07,37.7
2009-06-08,20.6
2009-06-09,34.4
2009-06-10,40.9
2009-06-11,35.7
2009-06-12,41.4
2009-06-13,37.9
2009-06-14,29.8
2009-06-15,21.3
2009-06-16,38
2009-06-17,36.7
2009-06-18,24.9
2009-06-19,23.4
2009-06-20,32.5
2009-06-21,27.2
2009-06-22,41.2
2009-06-23,32.3
2009-06-24,38.6
2009-06-25,29.5
2009-06-26,31.5
2009-06-27,36
2009-06-28,27.1
2009-06-29,44
2009-06-30,26
2009-07-01,36.2
2009-07-02,34.9
2009-07-03,24.5
2009-07-04,33.5
2009-07-05,17
2009-07-06,30.6
2009-07-07,30.7
2009-07-08,23.8
2009-07-09,19.7
2009-07-10,40
2009-07-11,30.1
2009-07-12,31.7
2009-07-13,37.9
2009-07-14,35.8
2009-07-15,33.5
2009-07-16,25.7
2009-07-17,27.6
2009-07-18,22.3
2009-07-19,21.6
2009-07-20,28.1
2009-07-21,19.6
2009-07-22,38.2
2009-07-23,34.7
2009-07-24,27.9
2009-07-25,44.1
2009-07-26,22.3
2009-07-27,34.8
2009-07-28,40.6
2009-07-29,34.7
2009-07-30,23.3
2009-07-31,14.3
2009-08-01,32.1
2009-08-02,27.8
2009-08-03,23.8
2009-08-04,15.8
2009-08-05,26.8
2009-08-06,32.4
2009-08-07,39.9
2009-08-08,25
2009-08-09,16.8
2009-08-10,32.4
2009-08-11,32.8
2009-08-12,21
2009-08-13,35.5
2009-08-14,14
2009-08-15,24.2
2009-08-16,32.2
2009-08-17,NA
2009-08-18,25.2
2009-08-19,23.4
2009-08-20,24.8
2009-08-21,41.2
2009-08-22,22.2
2009-08-23,31.4
2009-08-24,34.6
2009-08-25,23.3
2009-08-26,31.5
2009-08-27,31.4
2009-08-28,33.7
2009-08-29,22
2009-08-30,33.8
2009-08-31,24.2
2009-09-01,37.2
2009-09-02,28.7
2009-09-03,37.8
2009-09-04,27.8
2009-09-05,33.7
2009-09-06,22.8
2009-09-07,47.2
2009-09-08,31.8
2009-09-09,32.8
2009-09-10,NA
2009-09-11,25.9
2009-09-12,29.6
2009-09-13,37.9
2009-09-14,34.2
2009-09-15,35.6
2009-09-16,29.6
2009-09-17,33.2
2009-09-18,24.5
2009-09-19,30.2
2009-09-20,30.7
2009-09-21,28
2009-09-22,35
2009-09-23,40.1
2009-09-24,25.6
2009-09-25,36
2009-09-26,30.8
2009-09-27,NA
2009-09-28,37.8
2009-09-29,28.2
2009-09-30,27.8
2009-10-01,37.5
2009-10-02,39.8
2009-10-03,28.9
2009-10-04,47.9
2009-10-05,49
2009-10-06,55.2
2009-10-07,23.6
2009-10-08,43.5
2009-10-09,27.3
2009-10-10,42.4
2009-10-11,36.8
2009-10-12,28.1
2009-10-13,48.7
2009-10-14,53.5
2009-10-15,52.7
2009-10-16,30.4
2009-10-17,46.6
2009-10-18,48.7
2009-10-19,32.5
2009-10-20,47.3
2009-10-21,41.7
2009-10-22,33.1
2009-10-23,38.3
2009-10-24,33.7
2009-10-25,40.4
2009-10-26,58.4
2009-10-27,49
2009-10-28,47.3
2009-10-29,51
2009-10-30,44.7
2009-10-31,50.7
2009-11-01,56
2009-11-02,58.9
2009-11-03,47.1
2009-11-04,59.1
2009-11-05,48.5
2009-11-06,47.3
2009-11-07,54.2
2009-11-08,43.3
2009-11-09,43.6
2009-11-10,49.8
2009-11-11,55.1
2009-11-12,53.1
2009-11-13,50.5
2009-11-14,60.6
2009-11-15,48.2
2009-11-16,57.2
2009-11-17,57.5
2009-11-18,51.4
2009-11-19,51.9
2009-11-20,33
2009-11-21,40.9
2009-11-22,67.2
2009-11-23,37.8
2009-11-24,48.6
2009-11-25,52.1
2009-11-26,48.3
2009-11-27,48.8
2009-11-28,45.6
2009-11-29,52.5
2009-11-30,42.6
2009-12-01,48.7
2009-12-02,50.3
2009-12-03,57.1
2009-12-04,45.1
2009-12-05,45
2009-12-06,67
2009-12-07,72.3
2009-12-08,59.8
2009-12-09,43.4
2009-12-10,47
2009-12-11,55.2
2009-12-12,54.4
2009-12-13,50.2
2009-12-14,40.8
2009-12-15,68
2009-12-16,44
2009-12-17,47.7
2009-12-18,58.8
2009-12-19,44.2
2009-12-20,61.2
2009-12-21,52.9
2009-12-22,60
2009-12-23,57.3
2009-12-24,55.8
2009-12-25,57.3
2009-12-26,70.3
2009-12-27,52.3
2009-12-28,48.2
2009-12-29,49.5
2009-12-30,49.4
2009-12-31,94.2
2010-01-01,NA
2010-01-02,56.3
2010-01-03,48.2
2010-01-04,52.7
2010-01-05,74.7
2010-01-06,48.5
2010-01-07,54.5
2010-01-08,48.6
2010-01-09,52.3
2010-01-10,59.7
2010-01-11,51.6
2010-01-12,61
2010-01-13,61.5
2010-01-14,54.9
2010-01-15,60.5
2010-01-16,55.4
2010-01-17,61.3
2010-01-18,52.4
2010-01-19,51.6
2010-01-20,53.9
2010-01-21,54.5
2010-01-22,85.5
2010-01-23,56.9
2010-01-24,55.3
2010-01-25,61.9
2010-01-26,67
2010-01-27,54.4
2010-01-28,53.3
2010-01-29,50.2
2010-01-30,NA
2010-01-31,61.5
2010-02-01,53.1
2010-02-02,36.4
2010-02-03,48.5
2010-02-04,59.5
2010-02-05,51.8
2010-02-06,56.4
2010-02-07,62.6
2010-02-08,54.8
2010-02-09,45.4
2010-02-10,48
2010-02-11,51.6
2010-02-12,60.4
2010-02-13,49
2010-02-14,NA
2010-02-15,59.7
2010-02-16,64.7
2010-02-17,53
2010-02-18,57.3
2010-02-19,58.3
2010-02-20,56.2
2010-02-21,51.1
2010-02-22,61.7
2010-02-23,38.3
2010-02-24,58.8
2010-02-25,57.1
2010-02-26,61.5
2010-02-27,41.2
2010-02-28,44.8
2010-03-01,56.5
2010-03-02,NA
2010-03-03,58.5
2010-03-04,43.7
2010-03-05,46.2
2010-03-06,68.7
2010-03-07,63.7
2010-03-08,48.3
2010-03-09,44.6
2010-03-10,61.5
2010-03-11,58.2
2010-03-12,57.6
2010-03-13,40
2010-03-14,33.4
2010-03-15,61.4
2010-03-16,52
2010-03-17,51.7
2010-03-18,71.4
2010-03-19,40.4
2010-03-20,48.8
2010-03-21,54.4
2010-03-22,30.3
2010-03-23,40.3
2010-03-24,39.1
2010-03-25,45.1
2010-03-26,57.9
2010-03-27,34.4
2010-03-28,45.2
2010-03-29,40.4
2010-03-30,50.6
2010-03-31,35
2010-04-01,47.7
2010-04-02,48.1
2010-04-03,55.2
2010-04-04,57.6
2010-04-05,43.3
2010-04-06,42
2010-04-07,46.8
2010-04-08,37.5
2010-04-09,51.8
2010-04-10,52.8
2010-04-11,49.8
2010-04-12,39.4
2010-04-13,32.8
2010-04-14,32.2
2010-04-15,NA
2010-04-16,51.6
2010-04-17,39
2010-04-18,42.2
2010-04-19,33.7
2010-04-20,37.2
2010-04-21,50.6
2010-04-22,30.9
2010-04-23,51.1
2010-04-24,55.7
2010-04-25,45.3
2010-04-26,36.5
2010-04-27,42
2010-04-28,59.1
2010-04-29,46.8
2010-04-30,43.8
2010-05-01,30
2010-05-02,25.8
2010-05-03,48
2010-05-04,45.5
2010-05-05,31.5
2010-05-06,35.2
2010-05-07,35
2010-05-08,30.7
2010-05-09,34.9
2010-05-10,26.2
2010-05-11,29.6
2010-05-12,19.1
2010-05-13,30.2
2010-05-14,45
2010-05-15,27.1
2010-05-16,NA
2010-05-17,31.9
2010-05-18,30.2
2010-05-19,37.8
2010-05-20,32
2010-05-21,131.9
2010-05-22,35.9
2010-05-23,25.2
2010-05-24,11.8
2010-05-25,35.4
2010-05-26,39.1
2010-05-27,27.8
2010-05-28,33.9
2010-05-29,27.2
2010-05-30,29.4
2010-05-31,26
2010-06-01,23.7
2010-06-02,41.6
2010-06-03,30.1
2010-06-04,30
2010-06-05,37.7
2010-06-06,24.2
2010-06-07,39.4
2010-06-08,33.6
2010-06-09,39.3
2010-06-10,23.3
2010-06-11,54
2010-06-12,36.2
2010-06-13,19.6
2010-06-14,34.2
2010-06-15,16.4
2010-06-16,31
2010-06-17,36.2
2010-06-18,22.1
2010-06-19,53.2
2010-06-20,19.4
2010-06-21,23.1
2010-06-22,17.1
2010-06-23,25
2010-06-24,30
2010-06-25,NA
2010-06-26,40.8
2010-06-27,19.2
2010-06-28,37.5
2010-06-29,19.3
2010-06-30,29
2010-07-01,40.7
2010-07-02,8.7
2010-07-03,31.1
2010-07-04,25.4
2010-07-05,21.8
2010-07-06,21.6
2010-07-07,27.2
2010-07-08,45.7
2010-07-09,19.8
2010-07-10,24.3
2010-07-11,36
2010-07-12,21.2
2010-07-13,8.3
2010-07-14,23.7
2010-07-15,31.7
2010-07-16,29.2
2010-07-17,18.2
2010-07-18,31.2
2010-07-19,14.3
2010-07-20,32.5
2010-07-21,12.5
2010-07-22,15.4
2010-07-23,26.1
2010-07-24,18.9
2010-07-25,22.5
2010-07-26,34.1
2010-07-27,40.3
2010-07-28,22
2010-07-29,31.9
2010-07-30,24.3
2010-07-31,37.3
2010-08-01,37.9
2010-08-02,19.5
2010-08-03,25.9
2010-08-04,18.8
2010-08-05,30.1
2010-08-06,32.2
2010-08-07,37.6
2010-08-08,21.3
2010-08-09,24.3
2010-08-10,23
2010-08-11,25.9
2010-08-12,24.4
2010-08-13,36.2
2010-08-14,33.8
2010-08-15,31.5
2010-08-16,24.5
2010-08-17,30.9
2010-08-18,41.2
2010-08-19,42.9
2010-08-20,34.1
2010-08-21,31.1
2010-08-22,41.6
2010-08-23,27.4
2010-08-24,32
2010-08-25,31.5
2010-08-26,25.2
2010-08-27,36.3
2010-08-28,32.9
2010-08-29,31.8
2010-08-30,23.3
2010-08-31,26.7
2010-09-01,26.5
2010-09-02,47.9
2010-09-03,34.9
2010-09-04,31.9
2010-09-05,34.1
2010-09-06,31.5
2010-09-07,30.7
2010-09-08,37.9
2010-09-09,24.1
2010-09-10,38.1
2010-09-11,37.4
2010-09-12,35.6
2010-09-13,42.3
2010-09-14,25
2010-09-15,26.8
2010-09-16,29.8
2010-09-17,37
2010-09-18,23.1
2010-09-19,28.4
2010-09-20,NA
2010-09-21,31.1
2010-09-22,36.9
2010-09-23,39
2010-09-24,43.6
2010-09-25,56.2
2010-09-26,37.6
2010-09-27,40.8
2010-09-28,27
2010-09-29,36.8
2010-09-30,48.3
2010-10-01,56.8
2010-10-02,36.9
2010-10-03,48.1
2010-10-04,36
2010-10-05,40.4
2010-10-06,44.4
2010-10-07,41.8
2010-10-08,42.9
2010-10-09,37
2010-10-10,51.2
2010-10-11,45.5
2010-10-12,30.8
2010-10-13,39.2
2010-10-14,46.9
2010-10-15,44.2
2010-10-16,43.2
2010-10-17,31.5
2010-10-18,44.3
2010-10-19,26
2010-10-20,51.2
2010-10-21,50.3
2010-10-22,48.5
2010-10-23,50.3
2010-10-24,42.3
2010-10-25,31.9
2010-10-26,36.9
2010-10-27,41
2010-10-28,36.1
2010-10-29,42.1
2010-10-30,36.9
2010-10-31,53.4
2010-11-01,44.5
2010-11-02,85.3
2010-11-03,43.9
2010-11-04,38.5
2010-11-05,39.3
2010-11-06,53.7
2010-11-07,52.7
2010-11-08,54.7
2010-11-09,52.7
2010-11-10,60
2010-11-11,43.9
2010-11-12,32.7
2010-11-13,50.6
2010-11-14,83.2
2010-11-15,41.1
2010-11-16,60.3
2010-11-17,55.8
2010-11-18,54.3
2010-11-19,45.9
2010-11-20,55.7
2010-11-21,44.7
2010-11-22,44.9
2010-11-23,49
2010-11-24,NA
2010-11-25,43.6
2010-11-26,49.5
2010-11-27,62.3
2010-11-28,59.3
2010-11-29,54.8
2010-11-30,60.7
2010-12-01,58.4
2010-12-02,48.4
2010-12-03,56.4
2010-12-04,62.2
2010-12-05,66.4
2010-12-06,46.4
2010-12-07,44.5
2010-12-08,54.8
2010-12-09,52.5
2010-12-10,53.3
2010-12-11,47.4
2010-12-12,49.4
2010-12-13,49.8
2010-12-14,52.8
2010-12-15,64.8
2010-12-16,63.8
2010-12-17,54
2010-12-18,57.6
2010-12-19,56
2010-12-20,51.9
2010-12-21,55.9
2010-12-22,54.1
2010-12-23,61.2
2010-12-24,56.3
2010-12-25,55.6
2010-12-26,53.3
2010-12-27,51.4
2010-12-28,45.9
2010-12-29,55.7
2010-12-30,55.6
2010-12-31,53.2
2011-01-01,76.2
2011-01-02,62.8
2011-01-03,54.5
2011-01-04,53.8
2011-01-05,59.4
2011-01-06,59.9
2011-01-07,63.7
2011-01-08,133.4
2011-01-09,55
2011-01-10,58.6
2011-01-11,55.6
2011-01-12,49.5
2011-01-13,49
2011-01-14,56.6
2011-01-15,56
2011-01-16,52.5
2011-01-17,36
2011-01-18,54.3
2011-01-19,45.8
2011-01-20,78
2011-01-21,64
2011-01-22,55.5
2011-01-23,NA
2011-01-24,47.6
2011-01-25,46.2
2011-01-26,216.3
2011-01-27,73.2
2011-01-28,43.7
2011-01-29,NA
2011-01-30,60.5
2011-01-31,78.9
2011-02-01,63.2
2011-02-02,46.1
2011-02-03,55.8
2011-02-04,42.3
2011-02-05,58.9
2011-02-06,56.4
2011-02-07,54.6
2011-02-08,45.6
2011-02-09,47
2011-02-10,47.3
2011-02-11,54.1
2011-02-12,53.9
2011-02-13,38.5
2011-02-14,46.9
2011-02-15,52
2011-02-16,56.2
2011-02-17,NA
2011-02-18,61
2011-02-19,56.9
2011-02-20,61.9
2011-02-21,54.3
2011-02-22,59.6
2011-02-23,37.4
2011-02-24,65.1
2011-02-25,46.3
2011-02-26,NA
2011-02-27,58.6
2011-02-28,71.6
2011-03-01,36.8
2011-03-02,64
2011-03-03,49.8
2011-03-04,NA
2011-03-05,42.7
2011-03-06,63.6
2011-03-07,51.1
2011-03-08,49.2
2011-03-09,55.8
2011-03-10,47.7
2011-03-11,72.3
2011-03-12,57.7
2011-03-13,57
2011-03-14,57.7
2011-03-15,66.5
2011-03-16,48.8
2011-03-17,58.5
2011-03-18,40.4
2011-03-19,45.2
2011-03-20,44.4
2011-03-21,54.2
2011-03-22,49.2
2011-03-23,49.5
2011-03-24,53.4
2011-03-25,44
2011-03-26,50.3
2011-03-27,31
2011-03-28,36.9
2011-03-29,34.7
2011-03-30,38.5
2011-03-31,53.1
2011-04-01,48.6
2011-04-02,50.7
2011-04-03,43.8
2011-04-04,49.2
2011-04-05,47.1
2011-04-06,43.5
2011-04-07,46.1
2011-04-08,64
2011-04-09,41
2011-04-10,31.8
2011-04-11,34.5
2011-04-12,34.2
2011-04-13,45.6
2011-04-14,46.6
2011-04-15,50.6
2011-04-16,53.9
2011-04-17,54.3
2011-04-18,NA
2011-04-19,NA
2011-04-20,34.5
2011-04-21,35.1
2011-04-22,20.8
2011-04-23,36.9
2011-04-24,86.3
2011-04-25,47.2
2011-04-26,36.2
2011-04-27,37.2
2011-04-28,38.9
2011-04-29,38.2
2011-04-30,46.4
2011-05-01,43.2
2011-05-02,44.3
2011-05-03,77.2
2011-05-04,51.8
2011-05-05,53.8
2011-05-06,25.3
2011-05-07,28.1
2011-05-08,37.4
2011-05-09,31
2011-05-10,34.1
2011-05-11,42.7
2011-05-12,43.4
2011-05-13,29.2
2011-05-14,33.6
2011-05-15,30.5
2011-05-16,37.3
2011-05-17,24.3
2011-05-18,26.9
2011-05-19,32.1
2011-05-20,45.6
2011-05-21,50.8
2011-05-22,35.1
2011-05-23,39.8
2011-05-24,29
2011-05-25,19
2011-05-26,40.3
2011-05-27,24.9
2011-05-28,13.3
2011-05-29,35.8
2011-05-30,47.1
2011-05-31,24.1
2011-06-01,27.6
2011-06-02,26.3
2011-06-03,28.4
2011-06-04,34.6
2011-06-05,17.7
2011-06-06,40.1
2011-06-07,9.9
2011-06-08,34.5
2011-06-09,20.4
2011-06-10,13.6
2011-06-11,20.7
2011-06-12,18.7
2011-06-13,19.2
2011-06-14,16.5
2011-06-15,37.8
2011-06-16,38.8
2011-06-17,30.3
2011-06-18,33.1
2011-06-19,23.8
2011-06-20,NA
2011-06-21,27.7
2011-06-22,19.9
2011-06-23,30.7
2011-06-24,26.8
2011-06-25,19.2
2011-06-26,18.5
2011-06-27,26.7
2011-06-28,29
2011-06-29,9
2011-06-30,14.6
2011-07-01,32.2
2011-07-02,26.1
2011-07-03,36.4
2011-07-04,NA
2011-07-05,38.6
2011-07-06,25.3
2011-07-07,26.4
2011-07-08,28.1
2011-07-09,14
2011-07-10,29.3
2011-07-11,27.8
2011-07-12,30.8
2011-07-13,18.5
2011-07-14,38.8
2011-07-15,40
2011-07-16,37.6
2011-07-17,37.8
2011-07-18,23.8
2011-07-19,5
2011-07-20,NA
2011-07-21,44.1
2011-07-22,20.1
2011-07-23,28.7
2011-07-24,31
2011-07-25,33.6
2011-07-26,29.2
2011-07-27,43.7
2011-07-28,32.1
2011-07-29,28.5
2011-07-30,52.8
2011-07-31,25
2011-08-01,18.8
2011-08-02,34.9
2011-08-03,30.2
2011-08-04,31
2011-08-05,25.1
2011-08-06,80.4
2011-08-07,24.3
2011-08-08,16.9
2011-08-09,23.4
2011-08-10,22.8
2011-08-11,32.5
2011-08-12,40.2
2011-08-13,37
2011-08-14,22.5
2011-08-15,23.5
2011-08-16,26
2011-08-17,30.7
2011-08-18,38.4
2011-08-19,15.4
2011-08-20,32.8
2011-08-21,38.2
2011-08-22,32.3
2011-08-23,32
2011-08-24,24.7
2011-08-25,25.9
2011-08-26,37.8
2011-08-27,NA
2011-08-28,20.5
2011-08-29,24.7
2011-08-30,22.7
2011-08-31,18.5
2011-09-01,36.7
2011-09-02,30.3
2011-09-03,34.5
2011-09-04,27.2
2011-09-05,39.2
2011-09-06,46.5
2011-09-07,40
2011-09-08,25.8
2011-09-09,17.4
2011-09-10,39.6
2011-09-11,27.7
2011-09-12,30.5
2011-09-13,37.8
2011-09-14,35.4
2011-09-15,33.9
2011-09-16,39.4
2011-09-17,39.4
2011-09-18,30.5
2011-09-19,38.5
2011-09-20,39.1
2011-09-21,33.4
2011-09-22,28.8
2011-09-23,28.4
2011-09-24,32.7
2011-09-25,35.1
2011-09-26,34.6
2011-09-27,29
2011-09-28,43.4
2011-09-29,20.3
2011-09-30,35.2
2011-10-01,41.6
2011-10-02,36.2
2011-10-03,33
2011-10-04,92.1
2011-10-05,43.6
2011-10-06,42.7
2011-10-07,50.7
2011-10-08,57.5
2011-10-09,NA
2011-10-10,40.6
2011-10-11,54.3
2011-10-12,39.1
2011-10-13,33
2011-10-14,37.6
2011-10-15,49.2
2011-10-16,32.1
2011-10-17,44.1
2011-10-18,60.6
2011-10-19,36.2
2011-10-20,45.6
2011-10-21,29.1
2011-10-22,31
2011-10-23,25.8
2011-10-24,51
2011-10-25,51.1
2011-10-26,42.6
2011-10-27,23.3
2011-10-28,48.8
2011-10-29,31.7
2011-10-30,38.7
2011-10-31,42.4
2011-11-01,65.2
2011-11-02,38.4
2011-11-03,51.3
2011-11-04,30.8
2011-11-05,46.2
2011-11-06,41.7
2011-11-07,35.8
2011-11-08,33.2
2011-11-09,44.3
2011-11-10,34.8
2011-11-11,40.7
2011-11-12,59.9
2011-11-13,43.6
2011-11-14,62.5
2011-11-15,47.9
2011-11-16,44.7
2011-11-17,45.1
2011-11-18,45
2011-11-19,54.6
2011-11-20,56.6
2011-11-21,54.9
2011-11-22,50.1
2011-11-23,47.1
2011-11-24,58.2
2011-11-25,NA
2011-11-26,41.7
2011-11-27,46
2011-11-28,42.1
2011-11-29,47.6
2011-11-30,53.7
2011-12-01,46.5
2011-12-02,44.7
2011-12-03,61.4
2011-12-04,53.9
2011-12-05,51
2011-12-06,67.2
2011-12-07,46.2
2011-12-08,49
2011-12-09,45.9
2011-12-10,NA
2011-12-11,51.8
2011-12-12,NA
2011-12-13,51.5
2011-12-14,40.6
2011-12-15,58.8
2011-12-16,49.2
2011-12-17,55.7
2011-12-18,51.4
2011-12-19,47
2011-12-20,63
2011-12-21,46.4
2011-12-22,50.4
2011-12-23,95.1
2011-12-24,53.1
2011-12-25,61.8
2011-12-26,51
2011-12-27,55.8
2011-12-28,47.3
2011-12-29,56.9
2011-12-30,64.5
2011-12-31,63.5
2012-01-01,52.7
2012-01-02,50.5
2012-01-03,45.4
2012-01-04,57.5
2012-01-05,54.8
2012-01-06,59
2012-01-07,63.9
2012-01-08,49.9
2012-01-09,46.3
2012-01-10,62.4
2012-01-11,55.4
2012-01-12,50.8
2012-01-13,56.9
2012-01-14,61.8
2012-01-15,72
2012-01-16,57.5
2012-01-17,52.6
2012-01-18,55.6
2012-01-19,61.2
2012-01-20,67.9
2012-01-21,70.1
2012-01-22,67.5
2012-01-23,66.4
2012-01-24,46.7
2012-01-25,65.8
2012-01-26,54
2012-01-27,73.2
2012-01-28,53.5
2012-01-29,59.1
2012-01-30,66.5
2012-01-31,70.1
2012-02-01,46.4
2012-02-02,44.4
2012-02-03,58
2012-02-04,63.3
2012-02-05,60.8
2012-02-06,129.4
2012-02-07,43
2012-02-08,69.3
2012-02-09,41.5
2012-02-10,57.1
2012-02-11,44.7
2012-02-12,60.9
2012-02-13,58
2012-02-14,58
2012-02-15,62.1
2012-02-16,54
2012-02-17,57.7
2012-02-18,60.8
2012-02-19,56.9
2012-02-20,50.7
2012-02-21,44.2
2012-02-22,60.8
2012-02-23,57.6
2012-02-24,56
2012-02-25,49.2
2012-02-26,38.2
2012-02-27,49
2012-02-28,42.4
2012-02-29,63.2
2012-03-01,48
2012-03-02,57.4
2012-03-03,43
2012-03-04,62.9
2012-03-05,66.7
2012-03-06,46.5
2012-03-07,47.9
2012-03-08,51
2012-03-09,52.1
2012-03-10,47.2
2012-03-11,52.1
2012-03-12,44.3
2012-03-13,50.3
2012-03-14,46.9
2012-03-15,40.4
2012-03-16,151.7
2012-03-17,46.4
2012-03-18,46.2
2012-03-19,33.8
2012-03-20,45
2012-03-21,46.6
2012-03-22,57.6
2012-03-23,38.8
2012-03-24,43.4
2012-03-25,35
2012-03-26,46.5
2012-03-27,28.8
2012-03-28,40.2
2012-03-29,41.2
2012-03-30,51.2
2012-03-31,47.3
2012-04-01,39.8
2012-04-02,49.2
2012-04-03,42.9
2012-04-04,36.8
2012-04-05,40.2
2012-04-06,45.4
2012-04-07,78.3
2012-04-08,41.4
2012-04-09,39.2
2012-04-10,33.9
2012-04-11,35.4
2012-04-12,59.6
2012-04-13,42.3
2012-04-14,51.7
2012-04-15,27.4
2012-04-16,35.7
2012-04-17,47.8
2012-04-18,30.5
2012-04-19,32.1
2012-04-20,54.1
2012-04-21,46.9
2012-04-22,43.9
2012-04-23,34.2
2012-04-24,46.2
2012-04-25,34
2012-04-26,47.7
2012-04-27,34.9
2012-04-28,35.3
2012-04-29,29.7
2012-04-30,34
2012-05-01,37.3
2012-05-02,48.9
2012-05-03,36.8
2012-05-04,43.4
2012-05-05,48.4
2012-05-06,27.6
2012-05-07,19.6
2012-05-08,47.5
2012-05-09,31.8
2012-05-10,52.3
2012-05-11,22.8
2012-05-12,39.7
2012-05-13,32.1
2012-05-14,47.2
2012-05-15,25.6
2012-05-16,38.5
2012-05-17,28.4
2012-05-18,44.4
2012-05-19,109
2012-05-20,23.6
2012-05-21,36.6
2012-05-22,37
2012-05-23,29
2012-05-24,35.8
2012-05-25,29.7
2012-05-26,28.6
2012-05-27,32
2012-05-28,51.7
2012-05-29,24.8
2012-05-30,32.3
2012-05-31,66.4
2012-06-01,34.1
2012-06-02,23.5
2012-06-03,31.2
2012-06-04,38
2012-06-05,38.7
2012-06-06,25.1
2012-06-07,54.3
2012-06-08,26.3
2012-06-09,20.3
2012-06-10,43.5
2012-06-11,36.1
2012-06-12,24.5
2012-06-13,25
2012-06-14,25.6
2012-06-15,22
2012-06-16,31.4
2012-06-17,25.4
2012-06-18,47.6
2012-06-19,27.2
2012-06-20,22.7
2012-06-21,31.9
2012-06-22,24.1
2012-06-23,20.1
2012-06-24,22
2012-06-25,48.8
2012-06-26,28.7
2012-06-27,7.3
2012-06-28,31.3
2012-06-29,26.8
2012-06-30,24.6
2012-07-01,25.6
2012-07-02,29.6
2012-07-03,34.6
2012-07-04,28.5
2012-07-05,27.2
2012-07-06,18
2012-07-07,30.1
2012-07-08,20.3
2012-07-09,13.8
2012-07-10,24
2012-07-11,27.5
2012-07-12,2
2012-07-13,42.3
2012-07-14,30.7
2012-07-15,42.6
2012-07-16,27.4
2012-07-17,25.2
2012-07-18,42.8
2012-07-19,12.9
2012-07-20,21.7
2012-07-21,14
2012-07-22,38.6
2012-07-23,31.7
2012-07-24,20.6
2012-07-25,25.6
2012-07-26,31
2012-07-27,24.2
2012-07-28,20.7
2012-07-29,19.7
2012-07-30,61.7
2012-07-31,26.5
2012-08-01,27.3
2012-08-02,34.1
2012-08-03,78.1
2012-08-04,28.4
2012-08-05,38
2012-08-06,28.3
2012-08-07,30.3
2012-08-08,26.4
2012-08-09,31.6
2012-08-10,31.1
2012-08-11,42.4
2012-08-12,35
2012-08-13,27.8
2012-08-14,35.2
2012-08-15,46.3
2012-08-16,34.4
2012-08-17,34.4
2012-08-18,35.2
2012-08-19,22.6
2012-08-20,26.2
2012-08-21,25
2012-08-22,22
2012-08-23,22.3
2012-08-24,14.5
2012-08-25,44.2
2012-08-26,34.1
2012-08-27,45.4
2012-08-28,24.4
2012-08-29,31.5
2012-08-30,NA
2012-08-31,44.5
2012-09-01,45.3
2012-09-02,39.3
2012-09-03,24.7
2012-09-04,42.8
2012-09-05,28.9
2012-09-06,44.9
2012-09-07,29.7
2012-09-08,16.8
2012-09-09,26.5
2012-09-10,44.2
2012-09-11,53.4
2012-09-12,33.8
2012-09-13,30.6
2012-09-14,21.6
2012-09-15,44.4
2012-09-16,33.3
2012-09-17,NA
2012-09-18,36.3
2012-09-19,42.1
2012-09-20,40.7
2012-09-21,27.3
2012-09-22,31.7
2012-09-23,45.8
2012-09-24,37.9
2012-09-25,36.3
2012-09-26,25
2012-09-27,29.1
2012-09-28,35.1
2012-09-29,42.8
2012-09-30,51.4
2012-10-01,35.1
2012-10-02,38.7
2012-10-03,35.5
2012-10-04,34.2
2012-10-05,46.7
2012-10-06,35
2012-10-07,62.2
2012-10-08,27.5
2012-10-09,39.9
2012-10-10,27.4
2012-10-11,55.6
2012-10-12,52
2012-10-13,20.2
2012-10-14,48
2012-10-15,43.9
2012-10-16,52.4
2012-10-17,62.6
2012-10-18,32.6
2012-10-19,27
2012-10-20,41.6
2012-10-21,25.5
2012-10-22,43.8
2012-10-23,39.2
2012-10-24,37.8
2012-10-25,45
2012-10-26,42.3
2012-10-27,61.9
2012-10-28,41.4
2012-10-29,37.9
2012-10-30,44.7
2012-10-31,39.9
2012-11-01,40
2012-11-02,47.9
2012-11-03,33.5
2012-11-04,42.5
2012-11-05,35.8
2012-11-06,39.1
2012-11-07,42.3
2012-11-08,44
2012-11-09,37.4
2012-11-10,76.5
2012-11-11,51.5
2012-11-12,61.2
2012-11-13,41.8
2012-11-14,NA
2012-11-15,49
2012-11-16,57.3
2012-11-17,60.9
2012-11-18,47.7
2012-11-19,57.1
2012-11-20,51.6
2012-11-21,49.6
2012-11-22,53.2
2012-11-23,48.7
2012-11-24,52.9
2012-11-25,62.6
2012-11-26,45
2012-11-27,47.2
2012-11-28,66
2012-11-29,55.9
2012-11-30,53.9
2012-12-01,46
2012-12-02,68.6
2012-12-03,61.1
2012-12-04,48.6
2012-12-05,60.9
2012-12-06,51.3
2012-12-07,66.8
2012-12-08,62.4
2012-12-09,61.6
2012-12-10,47.1
2012-12-11,55.8
2012-12-12,44.4
2012-12-13,47.5
2012-12-14,53.6
2012-12-15,138.1
2012-12-16,54
2012-12-17,NA
2012-12-18,56.3
2012-12-19,59.2
2012-12-20,56.4
2012-12-21,54
2012-12-22,42.5
2012-12-23,61.6
2012-12-24,48.9
2012-12-25,75.9
2012-12-26,63.8
2012-12-27,47.8
2012-12-28,49.8
2012-12-29,54.7
2012-12-30,68.4
2012-12-31,51.7
2013-01-01,59.7
2013-01-02,52.8
2013-01-03,48.9
2013-01-04,62.2
2013-01-05,NA
2013-01-06,52.2
2013-01-07,52.9
2013-01-08,51.7
2013-01-09,49.9
2013-01-10,56.7
2013-01-11,60.3
2013-01-12,50.3
2013-01-13,58.1
2013-01-14,50.1
2013-01-15,55.6
2013-01-16,51.7
2013-01-17,64.3
2013-01-18,58.9
2013-01-19,62.9
2013-01-20,55
2013-01-21,59.6
2013-01-22,67.1
2013-01-23,56.4
2013-01-24,57
2013-01-25,51.2
2013-01-26,49.9
2013-01-27,54.2
2013-01-28,49.5
2013-01-29,49
2013-01-30,54.6
2013-01-31,47.1
2013-02-01,63.8
2013-02-02,58.1
2013-02-03,71.4
2013-02-04,60.2
2013-02-05,46.4
2013-02-06,63.7
2013-02-07,45.8
2013-02-08,57.3
2013-02-09,65.4
2013-02-10,61
2013-02-11,59.2
2013-02-12,65.7
2013-02-13,68.1
2013-02-14,66.3
2013-02-15,36.1
2013-02-16,68.2
2013-02-17,57.1
2013-02-18,58.4
2013-02-19,61.1
2013-02-20,56.6
2013-02-21,47.9
2013-02-22,49.9
2013-02-23,55.9
2013-02-24,55.5
2013-02-25,58.4
2013-02-26,60.9
2013-02-27,61.5
2013-02-28,43.9
2013-03-01,53
2013-03-02,44.1
2013-03-03,44.2
2013-03-04,58.5
2013-03-05,61.7
2013-03-06,50.8
2013-03-07,41
2013-03-08,49.3
2013-03-09,47.1
2013-03-10,43.2
2013-03-11,39.6
2013-03-12,54.9
2013-03-13,40.1
2013-03-14,41.3
2013-03-15,NA
2013-03-16,51
2013-03-17,45
2013-03-18,47.2
2013-03-19,54.9
2013-03-20,37.3
2013-03-21,45.6
2013-03-22,44
2013-03-23,55.5
2013-03-24,NA
2013-03-25,48.5
2013-03-26,48
2013-03-27,46
2013-03-28,35.5
2013-03-29,40.3
2013-03-30,42.3
2013-03-31,46.4
2013-04-01,92.1
2013-04-02,40.2
2013-04-03,186.6
2013-04-04,33.7
2013-04-05,32.5
2013-04-06,52.6
2013-04-07,36.3
2013-04-08,44.3
2013-04-09,45.6
2013-04-10,38.1
2013-04-11,56.4
2013-04-12,53.4
2013-04-13,46.2
2013-04-14,44.1
2013-04-15,38.1
2013-04-16,51.8
2013-04-17,39.6
2013-04-18,35.8
2013-04-19,34.6
2013-04-20,38
2013-04-21,42.9
2013-04-22,35
2013-04-23,48.6
2013-04-24,36.3
2013-04-25,24.6
2013-04-26,19.6
2013-04-27,32.3
2013-04-28,48.6
2013-04-29,34.7
2013-04-30,34.2
2013-05-01,41
2013-05-02,25.3
2013-05-03,24.1
2013-05-04,37.6
2013-05-05,40.3
2013-05-06,21.1
2013-05-07,31.6
2013-05-08,29.3
2013-05-09,30.1
2013-05-10,38.8
2013-05-11,38.1
2013-05-12,26.8
2013-05-13,32.6
2013-05-14,31.4
2013-05-15,24.5
2013-05-16,13
2013-05-17,33.7
2013-05-18,22.2
2013-05-19,32.7
2013-05-20,45.3
2013-05-21,154.3
2013-05-22,47.9
2013-05-23,23.5
2013-05-24,35
2013-05-25,30.3
2013-05-26,40.1
2013-05-27,25.4
2013-05-28,33.8
2013-05-29,34.3
2013-05-30,40.6
2013-05-31,30.4
2013-06-01,35.9
2013-06-02,31
2013-06-03,43.9
2013-06-04,37.7
2013-06-05,15.4
2013-06-06,18.9
2013-06-07,26.1
2013-06-08,25.9
2013-06-09,31.2
2013-06-10,10
2013-06-11,23.5
2013-06-12,35.7
2013-06-13,34.5
2013-06-14,8.7
2013-06-15,26.4
2013-06-16,29.5
2013-06-17,37.6
2013-06-18,26.4
2013-06-19,36.7
2013-06-20,28.2
2013-06-21,24.6
2013-06-22,26.1
2013-06-23,15.6
2013-06-24,29.6
2013-06-25,28.6
2013-06-26,NA
2013-06-27,14.4
2013-06-28,43
2013-06-29,26.6
2013-06-30,31.9
2013-07-01,27.4
2013-07-02,27.8
2013-07-03,34.5
2013-07-04,22.6
2013-07-05,34.4
2013-07-06,40.8
2013-07-07,24.6
2013-07-08,27.8
2013-07-09,20.3
2013-07-10,41.2
2013-07-11,28.4
2013-07-12,16
2013-07-13,21.6
2013-07-14,29.6
2013-07-15,34.2
2013-07-16,26.7
2013-07-17,33.2
2013-07-18,12.2
2013-07-19,21.3
2013-07-20,18.6
2013-07-21,31.9
2013-07-22,38
2013-07-23,10.9
2013-07-24,29.7
2013-07-25,26.5
2013-07-26,36.1
2013-07-27,27.8
2013-07-28,30.8
2013-07-29,NA
2013-07-30,42.2
2013-07-31,25.2
2013-08-01,40.2
2013-08-02,NA
2013-08-03,40.9
2013-08-04,24.6
2013-08-05,16.7
2013-08-06,25.2
2013-08-07,27.3
2013-08-08,23.1
2013-08-09,22.8
2013-08-10,21.4
2013-08-11,43.1
2013-08-12,27.8
2013-08-13,17.7
2013-08-14,35.2
2013-08-15,41.6
2013-08-16,23.5
2013-08-17,33.7
2013-08-18,24.4
2013-08-19,46.2
2013-08-20,31.6
2013-08-21,36
2013-08-22,25.2
2013-08-23,35
2013-08-24,29.6
2013-08-25,38.9
2013-08-26,37.7
2013-08-27,16.5
2013-08-28,24.4
2013-08-29,15.2
2013-08-30,23.5
2013-08-31,45.9
2013-09-01,16.7
2013-09-02,27.2
2013-09-03,36.4
2013-09-04,37.5
2013-09-05,14.8
2013-09-06,35.3
2013-09-07,41.6
2013-09-08,NA
2013-09-09,42.6
2013-09-10,24.7
2013-09-11,21.7
2013-09-12,44.2
2013-09-13,46.1
2013-09-14,30.1
2013-09-15,39.9
2013-09-16,100.8
2013-09-17,33.7
2013-09-18,29
2013-09-19,38.2
2013-09-20,38.6
2013-09-21,27.4
2013-09-22,34.9
2013-09-23,41.5
2013-09-24,24.4
2013-09-25,35.7
2013-09-26,43.2
2013-09-27,39.4
2013-09-28,23.9
2013-09-29,23.3
2013-09-30,32.9
2013-10-01,30.6
2013-10-02,47.9
2013-10-03,32.2
2013-10-04,41.9
2013-10-05,46.5
2013-10-06,39.3
2013-10-07,35.2
2013-10-08,41.8
2013-10-09,33.8
2013-10-10,38.1
2013-10-11,31.8
2013-10-12,47.4
2013-10-13,37.4
2013-10-14,29.9
2013-10-15,21.3
2013-10-16,34.3
2013-10-17,40
2013-10-18,27
2013-10-19,40.6
2013-10-20,37.6
2013-10-21,42
2013-10-22,41.3
2013-10-23,34.8
2013-10-24,31.4
2013-10-25,51.8
2013-10-26,44.8
2013-10-27,31.9
2013-10-28,48
2013-10-29,57.1
2013-10-30,36.8
2013-10-31,38.8
2013-11-01,35.6
2013-11-02,35.5
2013-11-03,30.2
2013-11-04,50.6
2013-11-05,52.3
2013-11-06,48.5
2013-11-07,55.4
2013-11-08,40.8
2013-11-09,40.9
2013-11-10,117.4
2013-11-11,59.9
2013-11-12,51.8
2013-11-13,48.1
2013-11-14,45.6
2013-11-15,NA
2013-11-16,48
2013-11-17,56.3
2013-11-18,56.4
2013-11-19,40.1
2013-11-20,37
2013-11-21,50.6
2013-11-22,41.1
2013-11-23,62.4
2013-11-24,51.3
2013-11-25,43.2
2013-11-26,32.2
2013-11-27,49.7
2013-11-28,53.1
2013-11-29,41.9
2013-11-30,54.5
2013-12-01,51.7
2013-12-02,35.8
2013-12-03,51.6
2013-12-04,NA
2013-12-05,48.2
2013-12-06,57.2
2013-12-07,142
2013-12-08,41.5
2013-12-09,48.1
2013-12-10,51.3
2013-12-11,48.2
2013-12-12,58.8
2013-12-13,60.3
2013-12-14,48.8
2013-12-15,47.5
2013-12-16,64.5
2013-12-17,46.8
2013-12-18,49.3
2013-12-19,46.5
2013-12-20,45.4
2013-12-21,65.9
2013-12-22,50.2
2013-12-23,68.8
2013-12-24,38.8
2013-12-25,49.4
2013-12-26,62.4
2013-12-27,51.9
2013-12-28,69.1
2013-12-29,44.4
2013-12-30,51.3
2013-12-31,63.9
2014-01-01,49.3
2014-01-02,62.4
2014-01-03,55.8
2014-01-04,64.3
2014-01-05,55
2014-01-06,55
2014-01-07,55.3
2014-01-08,62.4
2014-01-09,69.1
2014-01-10,56.4
2014-01-11,70.3
2014-01-12,54.6
2014-01-13,40.2
2014-01-14,53.8
2014-01-15,57.3
2014-01-16,43.3
2014-01-17,65.1
2014-01-18,53.3
2014-01-19,50.9
2014-01-20,60.1
2014-01-21,63.4
2014-01-22,60.3
2014-01-23,56.3
2014-01-24,56.3
2014-01-25,59.1
2014-01-26,59.3
2014-01-27,64.6
2014-01-28,65.1
2014-01-29,48.3
2014-01-30,47
2014-01-31,59.6
2014-02-01,48.4
2014-02-02,53.9
2014-02-03,60.9
2014-02-04,47.4
2014-02-05,43.3
2014-02-06,56.5
2014-02-07,49
2014-02-08,66.9
2014-02-09,63.6
2014-02-10,69.5
2014-02-11,53.5
2014-02-12,52.6
2014-02-13,45.1
2014-02-14,64.7
2014-02-15,54.6
2014-02-16,45.8
2014-02-17,60.5
2014-02-18,39.5
2014-02-19,47.6
2014-02-20,51.4
2014-02-21,56.2
2014-02-22,63.8
2014-02-23,53.2
2014-02-24,50.4
2014-02-25,42.8
2014-02-26,51.4
2014-02-27,62.4
2014-02-28,54.4
2014-03-01,58
2014-03-02,48.8
2014-03-03,41.8
2014-03-04,55.6
2014-03-05,53.8
2014-03-06,47.2
2014-03-07,65.8
2014-03-08,50.6
2014-03-09,45.9
2014-03-10,58
2014-03-11,58.4
2014-03-12,51
2014-03-13,54.9
2014-03-14,42
2014-03-15,44.3
2014-03-16,41.3
2014-03-17,32.2
2014-03-18,46.5
2014-03-19,48.1
2014-03-20,53.5
2014-03-21,66.8
2014-03-22,38.7
2014-03-23,45.6
2014-03-24,41
2014-03-25,49.3
2014-03-26,42.3
2014-03-27,58.6
2014-03-28,46
2014-03-29,40.2
2014-03-30,39.5
2014-03-31,51.3
2014-04-01,45.4
2014-04-02,43.5
2014-04-03,41.3
2014-04-04,44.1
2014-04-05,32.4
2014-04-06,NA
2014-04-07,47.5
2014-04-08,34.1
2014-04-09,43.9
2014-04-10,51.3
2014-04-11,48.4
2014-04-12,48.5
2014-04-13,46.3
2014-04-14,37
2014-04-15,58.2
2014-04-16,54.9
2014-04-17,36.9
2014-04-18,33.6
2014-04-19,36.5
2014-04-20,40
2014-04-21,27
2014-04-22,35
2014-04-23,37.8
2014-04-24,54.1
2014-04-25,36.9
2014-04-26,50.2
2014-04-27,30.2
2014-04-28,38.7
2014-04-29,48.3
2014-04-30,40.4
2014-05-01,49
2014-05-02,39.3
2014-05-03,37.4
2014-05-04,39.7
2014-05-05,40.9
2014-05-06,25.8
2014-05-07,42.3
2014-05-08,34.5
2014-05-09,38.9
2014-05-10,47
2014-05-11,41.2
2014-05-12,18.2
2014-05-13,41.3
2014-05-14,36.7
2014-05-15,42.4
2014-05-16,34.8
2014-05-17,26.8
2014-05-18,41.9
2014-05-19,30
2014-05-20,28.7
2014-05-21,42.7
2014-05-22,35.2
2014-05-23,42.5
2014-05-24,37.4
2014-05-25,35.4
2014-05-26,NA
2014-05-27,41
2014-05-28,26.8
2014-05-29,46.5
2014-05-30,34.4
2014-05-31,34.5
2014-06-01,28.9
2014-06-02,26.6
2014-06-03,38
2014-06-04,17
2014-06-05,40.3
2014-06-06,37.8
2014-06-07,19.8
2014-06-08,32
2014-06-09,15.8
2014-06-10,151.7
2014-06-11,20.2
2014-06-12,29.4
2014-06-13,40
2014-06-14,44.8
2014-06-15,30.7
2014-06-16,23.7
2014-06-17,30.9
2014-06-18,NA
2014-06-19,23.9
2014-06-20,35.9
2014-06-21,20.9
2014-06-22,26.7
2014-06-23,30.9
2014-06-24,31.6
2014-06-25,23.4
2014-06-26,43.5
2014-06-27,23
2014-06-28,29.5
2014-06-29,26
2014-06-30,27
2014-07-01,16
2014-07-02,24.4
2014-07-03,19.2
2014-07-04,25.2
2014-07-05,26.3
2014-07-06,19.2
2014-07-07,34.5
2014-07-08,20.8
2014-07-09,33.6
2014-07-10,16.9
2014-07-11,28.5
2014-07-12,25.9
2014-07-13,12.5
2014-07-14,14.8
2014-07-15,13.3
2014-07-16,24.8
2014-07-17,17
2014-07-18,15.4
2014-07-19,29.5
2014-07-20,27.1
2014-07-21,24.5
2014-07-22,24.6
2014-07-23,32.8
2014-07-24,12.4
2014-07-25,32.5
2014-07-26,22.9
2014-07-27,24.9
2014-07-28,31
2014-07-29,16.1
2014-07-30,30.1
2014-07-31,28.4
2014-08-01,10.9
2014-08-02,13.2
2014-08-03,20.7
2014-08-04,14
2014-08-05,35
2014-08-06,35
2014-08-07,9.9
2014-08-08,11.5
2014-08-09,30.5
2014-08-10,34.8
2014-08-11,31.8
2014-08-12,39.4
2014-08-13,14.5
2014-08-14,24.2
2014-08-15,18.1
2014-08-16,20.7
2014-08-17,28.7
2014-08-18,24
2014-08-19,44.2
2014-08-20,30.6
2014-08-21,33.4
2014-08-22,27.7
2014-08-23,42.1
2014-08-24,41.5
2014-08-25,18
2014-08-26,22.6
2014-08-27,32.8
2014-08-28,30
2014-08-29,25.5
2014-08-30,32.3
2014-08-31,31.3
2014-09-01,18.9
2014-09-02,33.8
2014-09-03,32
2014-09-04,41.7
2014-09-05,29.2
2014-09-06,37.6
2014-09-07,95.9
2014-09-08,26.4
2014-09-09,43
2014-09-10,33.1
2014-09-11,21.8
2014-09-12,15.4
2014-09-13,NA
2014-09-14,35.5
2014-09-15,55.8
2014-09-16,31.2
2014-09-17,50
2014-09-18,29.6
2014-09-19,20.1
2014-09-20,23.4
2014-09-21,31.9
2014-09-22,40
2014-09-23,33.6
2014-09-24,29.2
2014-09-25,41.2
2014-09-26,45.7
2014-09-27,36.7
2014-09-28,45.1
2014-09-29,39.8
2014-09-30,36.6
2014-10-01,43.8
2014-10-02,39.5
2014-10-03,40.6
2014-10-04,19.3
2014-10-05,48.3
2014-10-06,37.7
2014-10-07,34.2
2014-10-08,36.7
2014-10-09,43.9
2014-10-10,35.6
2014-10-11,32
2014-10-12,41.3
2014-10-13,43.5
2014-10-14,41.2
2014-10-15,35.9
2014-10-16,48.5
2014-10-17,25.7
2014-10-18,42.1
2014-10-19,32
2014-10-20,34.6
2014-10-21,40.8
2014-10-22,40.2
2014-10-23,49.9
2014-10-24,35.3
2014-10-25,58.6
2014-10-26,NA
2014-10-27,46.1
2014-10-28,53.1
2014-10-29,91.2
2014-10-30,43.7
2014-10-31,50.5
2014-11-01,46.2
2014-11-02,50.3
2014-11-03,50.6
2014-11-04,36.6
2014-11-05,53.6
2014-11-06,37.3
2014-11-07,54.1
2014-11-08,41.3
2014-11-09,53.4
2014-11-10,47.2
2014-11-11,43.9
2014-11-12,50.7
2014-11-13,48.6
2014-11-14,47.1
2014-11-15,43.7
2014-11-16,61.5
2014-11-17,43.7
2014-11-18,47.7
2014-11-19,56
2014-11-20,49.3
2014-11-21,49
2014-11-22,47.6
2014-11-23,50.8
2014-11-24,39
2014-11-25,43.3
2014-11-26,51.7
2014-11-27,40.3
2014-11-28,48.1
2014-11-29,56.1
2014-11-30,39.5
2014-12-01,47.1
2014-12-02,39.7
2014-12-03,40.3
2014-12-04,47.5
2014-12-05,47.4
2014-12-06,59.8
2014-12-07,26.6
2014-12-08,59.7
2014-12-09,46.4
2014-12-10,44.1
2014-12-11,56.2
2014-12-12,53.6
2014-12-13,56.8
2014-12-14,46.5
2014-12-15,53.2
2014-12-16,54.2
2014-12-17,72.5
2014-12-18,50.3
2014-12-19,65.3
2014-12-20,62.9
2014-12-21,45.1
2014-12-22,41.9
2014-12-23,67.2
2014-12-24,51.4
2014-12-25,66.5
2014-12-26,69.7
2014-12-27,50.9
2014-12-28,57.8
2014-12-29,50.5
2014-12-30,46.8
2014-12-31,61.1
2015-01-01,61.8
2015-01-02,29.7
2015-01-03,62.5
2015-01-04,61.1
2015-01-05,57.2
2015-01-06,53.9
2015-01-07,61.2
2015-01-08,73.4
2015-01-09,49.4
2015-01-10,50.5
2015-01-11,52.8
2015-01-12,50.2
2015-01-13,61
2015-01-14,53.7
2015-01-15,42.6
2015-01-16,56.7
2015-01-17,52.6
2015-01-18,43.9
2015-01-19,58
2015-01-20,62
2015-01-21,61.5
2015-01-22,45.2
2015-01-23,74.7
2015-01-24,72.6
2015-01-25,58.1
2015-01-26,62
2015-01-27,52.5
2015-01-28,66.9
2015-01-29,44.5
2015-01-30,64.3
2015-01-31,38.5
2015-02-01,60.8
2015-02-02,67.6
2015-02-03,68
2015-02-04,58.9
2015-02-05,57
2015-02-06,48
2015-02-07,56.6
2015-02-08,46.2
2015-02-09,54.4
2015-02-10,53.3
2015-02-11,35.3
2015-02-12,52.8
2015-02-13,57.3
2015-02-14,84.3
2015-02-15,60.2
2015-02-16,60.7
2015-02-17,45.2
2015-02-18,52.6
2015-02-19,47.3
2015-02-20,51
2015-02-21,60.3
2015-02-22,50.8
2015-02-23,69.7
2015-02-24,45.8
2015-02-25,NA
2015-02-26,60.2
2015-02-27,44.9
2015-02-28,54.5
2015-03-01,50
2015-03-02,46
2015-03-03,50.5
2015-03-04,53.4
2015-03-05,55.2
2015-03-06,46.5
2015-03-07,43.7
2015-03-08,48.5
2015-03-09,50.9
2015-03-10,45.7
2015-03-11,43.8
2015-03-12,46
2015-03-13,41.5
2015-03-14,51.1
2015-03-15,43
2015-03-16,44.8
2015-03-17,40.8
2015-03-18,48
2015-03-19,45.8
2015-03-20,47.6
2015-03-21,51.1
2015-03-22,57.2
2015-03-23,54.1
2015-03-24,49
2015-03-25,65.6
2015-03-26,37.1
2015-03-27,41.9
2015-03-28,35.1
2015-03-29,40.7
2015-03-30,26.5
2015-03-31,22.3
2015-04-01,46.9
2015-04-02,40
2015-04-03,30.6
2015-04-04,53.1
2015-04-05,46.1
2015-04-06,39
2015-04-07,52.5
2015-04-08,NA
2015-04-09,47.4
2015-04-10,50.1
2015-04-11,43.2
2015-04-12,47.3
2015-04-13,33.1
2015-04-14,56
2015-04-15,23.1
2015-04-16,48.1
2015-04-17,35.2
2015-04-18,41.4
2015-04-19,54.4
2015-04-20,31.8
2015-04-21,45.7
2015-04-22,39.8
2015-04-23,53.9
2015-04-24,34.3
2015-04-25,38.3
2015-04-26,34.2
2015-04-27,43.5
2015-04-28,32.4
2015-04-29,43
2015-04-30,NA
2015-05-01,43.6
2015-05-02,38.5
2015-05-03,39.4
2015-05-04,34.1
2015-05-05,46.1
2015-05-06,27.8
2015-05-07,34.8
2015-05-08,42.9
2015-05-09,25
2015-05-10,20.2
2015-05-11,33.4
2015-05-12,34
2015-05-13,29.3
2015-05-14,41.7
2015-05-15,26
2015-05-16,52.2
2015-05-17,26.7
2015-05-18,22.7
2015-05-19,37.4
2015-05-20,40.2
2015-05-21,44.4
2015-05-22,30.9
2015-05-23,28.1
2015-05-24,28.3
2015-05-25,28.6
2015-05-26,35.7
2015-05-27,29
2015-05-28,32.2
2015-05-29,27.3
2015-05-30,47.5
2015-05-31,34.5
2015-06-01,31
2015-06-02,25.6
2015-06-03,32.9
2015-06-04,NA
2015-06-05,33.1
2015-06-06,28.4
2015-06-07,NA
2015-06-08,9
2015-06-09,33.4
2015-06-10,26.9
2015-06-11,22.5
2015-06-12,24
2015-06-13,26.8
2015-06-14,24.8
2015-06-15,22
2015-06-16,36.5
2015-06-17,26.1
2015-06-18,24.7
2015-06-19,25.5
2015-06-20,38
2015-06-21,14.6
2015-06-22,26.7
2015-06-23,32.5
2015-06-24,13.5
2015-06-25,36.4
2015-06-26,28.1
2015-06-27,26.8
2015-06-28,14.8
2015-06-29,30
2015-06-30,24.8
2015-07-01,18.9
2015-07-02,25.2
2015-07-03,37.1
2015-07-04,2.1
2015-07-05,17
2015-07-06,25.2
2015-07-07,37.2
2015-07-08,21.7
2015-07-09,25.2
2015-07-10,27.3
2015-07-11,21.5
2015-07-12,30.1
2015-07-13,24.4
2015-07-14,20.7
2015-07-15,37.3
2015-07-16,32.4
2015-07-17,28.5
2015-07-18,23.8
2015-07-19,27.1
2015-07-20,15.4
2015-07-21,34.6
2015-07-22,18.8
2015-07-23,21.4
2015-07-24,NA
2015-07-25,24.7
2015-07-26,17
2015-07-27,46.5
2015-07-28,9.5
2015-07-29,42.4
2015-07-30,26.5
2015-07-31,31.3
2015-08-01,24
2015-08-02,30.8
2015-08-03,29.3
2015-08-04,37
2015-08-05,23.9
2015-08-06,25.1
2015-08-07,23.2
2015-08-08,NA
2015-08-09,30.3
2015-08-10,24.1
2015-08-11,35.6
2015-08-12,25.1
2015-08-13,36
2015-08-14,24.5
2015-08-15,25.5
2015-08-16,40.5
2015-08-17,27.4
2015-08-18,32.9
2015-08-19,33.2
2015-08-20,30.4
2015-08-21,NA
2015-08-22,26.9
2015-08-23,21.9
2015-08-24,29.1
2015-08-25,23.1
2015-08-26,29.6
2015-08-27,23.7
2015-08-28,33.5
2015-08-29,29.3
2015-08-30,40.7
2015-08-31,34.1
2015-09-01,27.6
2015-09-02,32.8
2015-09-03,NA
2015-09-04,27.3
2015-09-05,26.9
2015-09-06,28.7
2015-09-07,17
2015-09-08,42.7
2015-09-09,33.5
2015-09-10,29
2015-09-11,44.7
2015-09-12,31.6
2015-09-13,32.4
2015-09-14,35.5
2015-09-15,28.7
2015-09-16,24.4
2015-09-17,34.9
2015-09-18,35.6
2015-09-19,39.6
2015-09-20,42.2
2015-09-21,75.8
2015-09-22,34.6
2015-09-23,32.4
2015-09-24,26.7
2015-09-25,39.3
2015-09-26,43.5
2015-09-27,29.1
2015-09-28,30.6
2015-09-29,31.2
2015-09-30,34.4
2015-10-01,47.3
2015-10-02,NA
2015-10-03,41.9
2015-10-04,34.4
2015-10-05,42.7
2015-10-06,45.5
2015-10-07,33
2015-10-08,46.7
2015-10-09,40.6
2015-10-10,31.9
2015-10-11,17.3
2015-10-12,51
2015-10-13,35
2015-10-14,41.1
2015-10-15,40.8
2015-10-16,26.7
2015-10-17,36.8
2015-10-18,NA
2015-10-19,41.7
2015-10-20,36.8
2015-10-21,52.9
2015-10-22,66.4
2015-10-23,47
2015-10-24,41.8
2015-10-25,58.3
2015-10-26,42.9
2015-10-27,49.9
2015-10-28,46.5
2015-10-29,34
2015-10-30,36.1
2015-10-31,51.8
2015-11-01,49.3
2015-11-02,44.6
2015-11-03,60.5
2015-11-04,26.6
2015-11-05,38.5
2015-11-06,45.4
2015-11-07,51.8
2015-11-08,45.4
2015-11-09,45.9
2015-11-10,61
2015-11-11,40
2015-11-12,42.4
2015-11-13,48.4
2015-11-14,48.2
2015-11-15,50.6
2015-11-16,42.3
2015-11-17,31.5
2015-11-18,50.5
2015-11-19,NA
2015-11-20,51
2015-11-21,NA
2015-11-22,58
2015-11-23,73.9
2015-11-24,59.4
2015-11-25,48
2015-11-26,48
2015-11-27,56.1
2015-11-28,59.6
2015-11-29,59.7
2015-11-30,48.1
2015-12-01,53.7
2015-12-02,54.9
2015-12-03,47.2
2015-12-04,46.2
2015-12-05,60.5
2015-12-06,51
2015-12-07,46.9
2015-12-08,49.8
2015-12-09,71.4
2015-12-10,55.6
2015-12-11,57
2015-12-12,63.4
2015-12-13,54.7
2015-12-14,43.7
2015-12-15,62.5
2015-12-16,55.8
2015-12-17,54.2
2015-12-18,48.9
2015-12-19,54
2015-12-20,55.6
2015-12-21,53.1
2015-12-22,63
2015-12-23,55.9
2015-12-24,52.3
2015-12-25,57.2
2015-12-26,67.5
2015-12-27,50.4
2015-12-28,47.8
2015-12-29,72.2
2015-12-30,63.5
2015-12-31,50
2016-01-01,55.4
2016-01-02,67.6
2016-01-03,42.8
2016-01-04,58.3
2016-01-05,40.2
2016-01-06,51.2
2016-01-07,61.3
2016-01-08,40.9
2016-01-09,57.5
2016-01-10,49.5
2016-01-11,54.6
2016-01-12,58.4
2016-01-13,51.2
2016-01-14,64
2016-01-15,51.6
2016-01-16,55.5
2016-01-17,65.5
2016-01-18,55.4
2016-01-19,63
2016-01-20,61.9
2016-01-21,55.7
2016-01-22,54.3
2016-01-23,54.5
2016-01-24,55.9
2016-01-25,62.3
2016-01-26,56.2
2016-01-27,51.2
2016-01-28,66.9
2016-01-29,61.4
2016-01-30,55.4
2016-01-31,56.3
2016-02-01,53.6
2016-02-02,63.2
2016-02-03,67.3
2016-02-04,47.9
2016-02-05,61.6
2016-02-06,44.6
2016-02-07,62.6
2016-02-08,53.2
2016-02-09,49.3
2016-02-10,77
2016-02-11,73.3
2016-02-12,52.5
2016-02-13,50.8
2016-02-14,41.8
2016-02-15,51.5
2016-02-16,50.9
2016-02-17,52.9
2016-02-18,55.2
2016-02-19,45.8
2016-02-20,57.9
2016-02-21,46.5
2016-02-22,51.2
2016-02-23,41.3
2016-02-24,109.9
2016-02-25,55
2016-02-26,115.1
2016-02-27,43.1
2016-02-28,44.6
2016-02-29,40.8
2016-03-01,49.2
2016-03-02,54.5
2016-03-03,39.6
2016-03-04,51
2016-03-05,52.9
2016-03-06,45.3
2016-03-07,35.1
2016-03-08,59.1
2016-03-09,50.4
2016-03-10,54.5
2016-03-11,54.9
2016-03-12,49.6
2016-03-13,56.2
2016-03-14,44.8
2016-03-15,51.8
2016-03-16,55.4
2016-03-17,60.4
2016-03-18,37.8
2016-03-19,50.4
2016-03-20,38.3
2016-03-21,44.8
2016-03-22,47.7
2016-03-23,56.5
2016-03-24,25.2
2016-03-25,31.3
2016-03-26,55.7
2016-03-27,55.3
2016-03-28,56.1
2016-03-29,31.5
2016-03-30,55.6
2016-03-31,41.8
2016-04-01,50.2
2016-04-02,35.7
2016-04-03,34.9
2016-04-04,38.2
2016-04-05,62.6
2016-04-06,44.7
2016-04-07,41.2
2016-04-08,NA
2016-04-09,39.2
2016-04-10,46.7
2016-04-11,44.8
2016-04-12,58.7
2016-04-13,47.1
2016-04-14,24.8
2016-04-15,44.8
2016-04-16,37.1
2016-04-17,19.4
2016-04-18,29.9
2016-04-19,28.5
2016-04-20,25.1
2016-04-21,46.7
2016-04-22,37.7
2016-04-23,22.6
2016-04-24,47
2016-04-25,37.6
2016-04-26,47.7
2016-04-27,46.1
2016-04-28,34.3
2016-04-29,42.9
2016-04-30,45.6
2016-05-01,35.4
2016-05-02,43.6
2016-05-03,56.8
2016-05-04,42.6
2016-05-05,36.8
2016-05-06,41.3
2016-05-07,66.7
2016-05-08,43.9
2016-05-09,31.6
2016-05-10,27.7
2016-05-11,44.3
2016-05-12,47.4
2016-05-13,24.6
2016-05-14,30.9
2016-05-15,34.2
2016-05-16,23.9
2016-05-17,33.2
2016-05-18,32.3
2016-05-19,16.8
2016-05-20,22.6
2016-05-21,34
2016-05-22,32.9
2016-05-23,31.4
2016-05-24,31.6
2016-05-25,28
2016-05-26,14.4
2016-05-27,23.5
2016-05-28,41.9
2016-05-29,26.8
2016-05-30,34
2016-05-31,34
2016-06-01,33.6
2016-06-02,8.7
2016-06-03,23.7
2016-06-04,15.9
2016-06-05,NA
2016-06-06,21.3
2016-06-07,28
2016-06-08,NA
2016-06-09,28.2
2016-06-10,23.9
2016-06-11,28.1
2016-06-12,18.6
2016-06-13,20.7
2016-06-14,22.2
2016-06-15,30.6
2016-06-16,17.9
2016-06-17,33.6
2016-06-18,38.7
2016-06-19,27.4
2016-06-20,28.8
2016-06-21,26.2
2016-06-22,14
2016-06-23,NA
2016-06-24,18
2016-06-25,36.6
2016-06-26,19.2
2016-06-27,52.4
2016-06-28,29.7
2016-06-29,24.7
2016-06-30,13.7
2016-07-01,27.2
2016-07-02,27.5
2016-07-03,NA
2016-07-04,27.6
2016-07-05,36.4
2016-07-06,25.4
2016-07-07,25
2016-07-08,27.9
2016-07-09,28.3
2016-07-10,19.8
2016-07-11,38.5
2016-07-12,20.2
2016-07-13,37.6
2016-07-14,18.1
2016-07-15,23.6
2016-07-16,18.1
2016-07-17,25.9
2016-07-18,32
2016-07-19,31.6
2016-07-20,NA
2016-07-21,29.1
2016-07-22,14.5
2016-07-23,17.6
2016-07-24,21.2
2016-07-25,19.8
2016-07-26,28.9
2016-07-27,17.3
2016-07-28,15.5
2016-07-29,NA
2016-07-30,32.6
2016-07-31,26.5
2016-08-01,25
2016-08-02,34.2
2016-08-03,24.1
2016-08-04,34.1
2016-08-05,30.7
2016-08-06,21.5
2016-08-07,29.8
2016-08-08,25
2016-08-09,32.6
2016-08-10,27.3
2016-08-11,22.2
2016-08-12,25
2016-08-13,42.5
2016-08-14,20.6
2016-08-15,37.2
2016-08-16,30.5
2016-08-17,33.6
2016-08-18,31.8
2016-08-19,28
2016-08-20,NA
2016-08-21,41.9
2016-08-22,26.7
2016-08-23,36.3
2016-08-24,18.3
2016-08-25,24.8
2016-08-26,32.6
2016-08-27,14.7
2016-08-28,38.6
2016-08-29,47.5
2016-08-30,27.2
2016-08-31,28.8
2016-09-01,32.7
2016-09-02,37.2
2016-09-03,26.1
2016-09-04,23.3
2016-09-05,41.7
2016-09-06,28.9
2016-09-07,34.3
2016-09-08,39
2016-09-09,28.2
2016-09-10,31.7
2016-09-11,26.4
2016-09-12,37.4
2016-09-13,33.7
2016-09-14,18.5
2016-09-15,21.3
2016-09-16,40.1
2016-09-17,40.1
2016-09-18,33.5
2016-09-19,14.1
2016-09-20,27.4
2016-09-21,26.7
2016-09-22,NA
2016-09-23,43.1
2016-09-24,44.3
2016-09-25,38.1
2016-09-26,47.2
2016-09-27,23
2016-09-28,48.7
2016-09-29,35
2016-09-30,38.7
2016-10-01,43.5
2016-10-02,37
2016-10-03,38.3
2016-10-04,43.3
2016-10-05,45.6
2016-10-06,54.9
2016-10-07,30.2
2016-10-08,42.3
2016-10-09,25.4
2016-10-10,45.9
2016-10-11,45.6
2016-10-12,34.2
2016-10-13,54.2
2016-10-14,34.6
2016-10-15,42.9
2016-10-16,38.9
2016-10-17,48.9
2016-10-18,35.1
2016-10-19,28.8
2016-10-20,35.9
2016-10-21,39.3
2016-10-22,53
2016-10-23,95.7
2016-10-24,49.9
2016-10-25,35
2016-10-26,36.2
2016-10-27,44.3
2016-10-28,47.9
2016-10-29,42.3
2016-10-30,40.5
2016-10-31,44.6
2016-11-01,49.2
2016-11-02,44.4
2016-11-03,44.6
2016-11-04,44.6
2016-11-05,65.1
2016-11-06,54.9
2016-11-07,48.6
2016-11-08,38.4
2016-11-09,31.9
2016-11-10,43.6
2016-11-11,63.3
2016-11-12,44.2
2016-11-13,53.6
2016-11-14,58.5
2016-11-15,43.1
2016-11-16,42.5
2016-11-17,41
2016-11-18,48.7
2016-11-19,46.3
2016-11-20,37.3
2016-11-21,42.7
2016-11-22,43.3
2016-11-23,55
2016-11-24,57.7
2016-11-25,31.5
2016-11-26,41.5
2016-11-27,54.3
2016-11-28,43.4
2016-11-29,46
2016-11-30,50.6
2016-12-01,47.8
2016-12-02,52.4
2016-12-03,62.9
2016-12-04,47.6
2016-12-05,58.1
2016-12-06,41
2016-12-07,52
2016-12-08,50.9
2016-12-09,58.6
2016-12-10,70.3
2016-12-11,44.3
2016-12-12,54.3
2016-12-13,59.2
2016-12-14,39.1
2016-12-15,56.3
2016-12-16,53.7
2016-12-17,NA
2016-12-18,44.4
2016-12-19,74.9
2016-12-20,50.7
2016-12-21,42
2016-12-22,45.6
2016-12-23,64.5
2016-12-24,57.4
2016-12-25,74
2016-12-26,48
2016-12-27,56.4
2016-12-28,58.8
2016-12-29,NA
2016-12-30,69.1
2016-12-31,52.3
2017-01-01,56.2
2017-01-02,46
2017-01-03,49.8
2017-01-04,64.4
2017-01-05,52.2
2017-01-06,57.6
2017-01-07,61
2017-01-08,64.6
2017-01-09,43.9
2017-01-10,66.1
2017-01-11,91.3
2017-01-12,52.8
2017-01-13,59.9
2017-01-14,55.7
2017-01-15,63
2017-01-16,65.2
2017-01-17,91.1
2017-01-18,57.2
2017-01-19,53.9
2017-01-20,52.1
2017-01-21,47.9
2017-01-22,51.3
2017-01-23,38.6
2017-01-24,56.5
2017-01-25,76.3
2017-01-26,49.6
2017-01-27,200.3
2017-01-28,52.2
2017-01-29,50.1
2017-01-30,55.3
2017-01-31,48.4
2017-02-01,64.5
2017-02-02,41.5
2017-02-03,63.7
2017-02-04,62.8
2017-02-05,48.4
2017-02-06,50.6
2017-02-07,58.9
2017-02-08,46.5
2017-02-09,48.6
2017-02-10,62.4
2017-02-11,48.5
2017-02-12,46.5
2017-02-13,64.7
2017-02-14,59.1
2017-02-15,42.9
2017-02-16,54.4
2017-02-17,59.1
2017-02-18,47.5
2017-02-19,46.8
2017-02-20,43.2
2017-02-21,75.6
2017-02-22,51.3
2017-02-23,NA
2017-02-24,50.9
2017-02-25,50.3
2017-02-26,49.2
2017-02-27,39.9
2017-02-28,36.2
2017-03-01,55.8
2017-03-02,62.8
2017-03-03,50.5
2017-03-04,52.2
2017-03-05,63.6
2017-03-06,50.9
2017-03-07,45
2017-03-08,58.6
2017-03-09,50.4
2017-03-10,36.8
2017-03-11,51.8
2017-03-12,46
2017-03-13,48.9
2017-03-14,56.9
2017-03-15,41.7
2017-03-16,52.2
2017-03-17,41.7
2017-03-18,51.7
2017-03-19,41.9
2017-03-20,46.8
2017-03-21,39.9
2017-03-22,51.3
2017-03-23,52.3
2017-03-24,52.1
2017-03-25,38.9
2017-03-26,39.6
2017-03-27,34.3
2017-03-28,77.3
2017-03-29,48.6
2017-03-30,39.6
2017-03-31,43.4
2017-04-01,45
2017-04-02,36
2017-04-03,45.1
2017-04-04,40.8
2017-04-05,44.7
2017-04-06,37.5
2017-04-07,36.1
2017-04-08,34.2
2017-04-09,NA
2017-04-10,44
2017-04-11,35.4
2017-04-12,41
2017-04-13,35.3
2017-04-14,42.3
2017-04-15,48.3
2017-04-16,51.8
2017-04-17,36.9
2017-04-18,31.7
2017-04-19,38.8
2017-04-20,42
2017-04-21,36.1
2017-04-22,32.5
2017-04-23,45.8
2017-04-24,36.1
2017-04-25,41.2
2017-04-26,41.8
2017-04-27,30.9
2017-04-28,35
2017-04-29,47
2017-04-30,42.1
2017-05-01,34.2
2017-05-02,29.1
2017-05-03,44.8
2017-05-04,20.1
2017-05-05,112
2017-05-06,20.6
2017-05-07,35.8
2017-05-08,43.5
2017-05-09,41.4
2017-05-10,34.8
2017-05-11,35.2
2017-05-12,35
2017-05-13,39
2017-05-14,26.1
2017-05-15,41.3
2017-05-16,34
2017-05-17,26
2017-05-18,79.8
2017-05-19,36.4
2017-05-20,35
2017-05-21,32.1
2017-05-22,36.3
2017-05-23,20.6
2017-05-24,26.4
2017-05-25,21.3
2017-05-26,26.3
2017-05-27,31.9
2017-05-28,31.5
2017-05-29,41.3
2017-05-30,27.2
2017-05-31,41.7
2017-06-01,29.5
2017-06-02,30.8
2017-06-03,24.1
2017-06-04,27.3
2017-06-05,44.5
2017-06-06,27.5
2017-06-07,20
2017-06-08,18.7
2017-06-09,19.1
2017-06-10,32.9
2017-06-11,37.9
2017-06-12,24.2
2017-06-13,NA
2017-06-14,33.4
2017-06-15,35.6
2017-06-16,26.7
2017-06-17,13.7
2017-06-18,33.1
2017-06-19,16.1
2017-06-20,19.4
2017-06-21,20.8
2017-06-22,16.9
2017-06-23,21.6
2017-06-24,18.1
2017-06-25,27.9
2017-06-26,27.6
2017-06-27,34.4
2017-06-28,33.4
2017-06-29,25
2017-06-30,NA
2017-07-01,30.9
2017-07-02,15.6
2017-07-03,30.2
2017-07-04,9.6
2017-07-05,26.9
2017-07-06,26.1
2017-07-07,14.9
2017-07-08,29.2
2017-07-09,19
2017-07-10,36.7
2017-07-11,28.2
2017-07-12,33.2
2017-07-13,34
2017-07-14,23.6
2017-07-15,33.3
2017-07-16,28.1
2017-07-17,21.5
2017-07-18,10.7
2017-07-19,38.1
2017-07-20,16.8
2017-07-21,26.9
2017-07-22,27.2
2017-07-23,39.6
2017-07-24,13.2
2017-07-25,34.5
2017-07-26,17.3
2017-07-27,32
2017-07-28,8
2017-07-29,33.7
2017-07-30,19.4
2017-07-31,100.8
2017-08-01,22.8
2017-08-02,31.7
2017-08-03,NA
2017-08-04,24.6
2017-08-05,29.1
2017-08-06,46.1
2017-08-07,17.8
2017-08-08,21
2017-08-09,25.1
2017-08-10,34.5
2017-08-11,16.1
2017-08-12,20.8
2017-08-13,43.6
2017-08-14,32.6
2017-08-15,36
2017-08-16,22
2017-08-17,30.6
2017-08-18,21.7
2017-08-19,29.6
2017-08-20,31.8
2017-08-21,31
2017-08-22,24.4
2017-08-23,25.8
2017-08-24,27.3
2017-08-25,34.2
2017-08-26,23.4
2017-08-27,25.1
2017-08-28,41.4
2017-08-29,32.2
2017-08-30,26.8
2017-08-31,29.9
2017-09-01,21.4
2017-09-02,69
2017-09-03,35.3
2017-09-04,37.2
2017-09-05,29.5
2017-09-06,36.9
2017-09-07,22.7
2017-09-08,36.7
2017-09-09,24.9
2017-09-10,11
2017-09-11,41
2017-09-12,32
2017-09-13,29.7
2017-09-14,31.7
2017-09-15,34.5
2017-09-16,27.5
2017-09-17,34.8
2017-09-18,36.3
2017-09-19,NA
2017-09-20,40.3
2017-09-21,32
2017-09-22,34.7
2017-09-23,41.4
2017-09-24,22.2
2017-09-25,34
2017-09-26,37.6
2017-09-27,46.2
2017-09-28,18.8
2017-09-29,35.7
2017-09-30,49.4
2017-10-01,36.9
2017-10-02,29.1
2017-10-03,40.5
2017-10-04,39.5
2017-10-05,34
2017-10-06,29.8
2017-10-07,47.4
2017-10-08,32
2017-10-09,41.8
2017-10-10,38.5
2017-10-11,48.6
2017-10-12,41.7
2017-10-13,31
2017-10-14,34.4
2017-10-15,25.7
2017-10-16,32.8
2017-10-17,47.9
2017-10-18,28.9
2017-10-19,41.5
2017-10-20,46.8
2017-10-21,24.8
2017-10-22,32.1
2017-10-23,54.7
2017-10-24,36.4
2017-10-25,32.3
2017-10-26,42.2
2017-10-27,35.4
2017-10-28,44.5
2017-10-29,NA
2017-10-30,51.8
2017-10-31,42.1
2017-11-01,58.8
2017-11-02,45.3
2017-11-03,42.6
2017-11-04,48.6
2017-11-05,64.8
2017-11-06,50.1
2017-11-07,46
2017-11-08,38.7
2017-11-09,63.3
2017-11-10,41.3
2017-11-11,43.9
2017-11-12,46.6
2017-11-13,37.8
2017-11-14,37.7
2017-11-15,34.3
2017-11-16,41.1
2017-11-17,42.7
2017-11-18,52.2
2017-11-19,51.8
2017-11-20,55.1
2017-11-21,47.5
2017-11-22,43.7
2017-11-23,48.3
2017-11-24,53.2
2017-11-25,49.4
2017-11-26,42.8
2017-11-27,46.1
2017-11-28,67.2
2017-11-29,60.4
2017-11-30,58.9
2017-12-01,67.1
2017-12-02,42.1
2017-12-03,56.8
2017-12-04,40.2
2017-12-05,60.9
2017-12-06,60.9
2017-12-07,45.9
2017-12-08,51.4
2017-12-09,40.7
2017-12-10,52.3
2017-12-11,38.5
2017-12-12,59.2
2017-12-13,42.7
2017-12-14,62.2
2017-12-15,50.6
2017-12-16,53.2
2017-12-17,54.3
2017-12-18,43.4
2017-12-19,65.2
2017-12-20,71.2
2017-12-21,58.6
2017-12-22,52.8
2017-12-23,42
2017-12-24,44.8
2017-12-25,55.5
2017-12-26,48.8
2017-12-27,51.1
2017-12-28,58.2
2017-12-29,74.5
2017-12-30,50.5
2017-12-31,59
2018-01-01,52.8
2018-01-02,66.6
2018-01-03,56.6
2018-01-04,53.7
2018-01-05,56.2
2018-01-06,60.3
2018-01-07,46.8
2018-01-08,71.2
2018-01-09,38.3
2018-01-10,51.5
2018-01-11,29.4
2018-01-12,52.7
2018-01-13,55.4
2018-01-14,54.1
2018-01-15,61.2
2018-01-16,51.1
2018-01-17,60.4
2018-01-18,55.9
2018-01-19,62.6
2018-01-20,67.6
2018-01-21,62.2
2018-01-22,58.4
2018-01-23,55.2
2018-01-24,41.1
2018-01-25,51.1
2018-01-26,43.1
2018-01-27,54.6
2018-01-28,48
2018-01-29,57.2
2018-01-30,49.7
2018-01-31,47.9
2018-02-01,64.5
2018-02-02,58.6
2018-02-03,58.6
2018-02-04,69.2
2018-02-05,63.9
2018-02-06,NA
2018-02-07,51.6
2018-02-08,61.3
2018-02-09,62.6
2018-02-10,45.5
2018-02-11,66.6
2018-02-12,52.4
2018-02-13,55.5
2018-02-14,57.5
2018-02-15,36.5
2018-02-16,52.6
2018-02-17,52
2018-02-18,58.9
2018-02-19,60.2
2018-02-20,57.3
2018-02-21,43.7
2018-02-22,56.9
2018-02-23,44.3
2018-02-24,127.4
2018-02-25,51
2018-02-26,51.5
2018-02-27,55.6
2018-02-28,56.4
2018-03-01,57.6
2018-03-02,45.9
2018-03-03,46.5
2018-03-04,51.1
2018-03-05,56.2
2018-03-06,48.3
2018-03-07,44.8
2018-03-08,44.5
2018-03-09,56.2
2018-03-10,46.5
2018-03-11,37.4
2018-03-12,44
2018-03-13,55.5
2018-03-14,43.8
2018-03-15,42.5
2018-03-16,38
2018-03-17,51.3
2018-03-18,33.6
2018-03-19,56.3
2018-03-20,50
2018-03-21,38.4
2018-03-22,56.1
2018-03-23,37.9
2018-03-24,53.8
2018-03-25,68.6
2018-03-26,42.3
2018-03-27,35.5
2018-03-28,44.6
2018-03-29,35.7
2018-03-30,42.9
2018-03-31,42.6
2018-04-01,38.3
2018-04-02,39
2018-04-03,55.4
2018-04-04,37
2018-04-05,45.5
2018-04-06,46.1
2018-04-07,53
2018-04-08,32.1
2018-04-09,46
2018-04-10,NA
2018-04-11,40.5
2018-04-12,33.2
2018-04-13,32.8
2018-04-14,36.1
2018-04-15,40.8
2018-04-16,51.8
2018-04-17,40.7
2018-04-18,23.3
2018-04-19,27.6
2018-04-20,38
2018-04-21,31.1
2018-04-22,40.9
2018-04-23,51.7
2018-04-24,42.7
2018-04-25,35.1
2018-04-26,37
2018-04-27,32
2018-04-28,47.3
2018-04-29,24.6
2018-04-30,44.9
2018-05-01,36.4
2018-05-02,37.1
2018-05-03,42.1
2018-05-04,44.6
2018-05-05,37.6
2018-05-06,50.3
2018-05-07,24.1
2018-05-08,34.9
2018-05-09,17.3
2018-05-10,24
2018-05-11,22.8
2018-05-12,36.2
2018-05-13,29.2
2018-05-14,40
2018-05-15,27.7
2018-05-16,42.7
2018-05-17,32.7
2018-05-18,44.1
2018-05-19,27.6
2018-05-20,17.7
2018-05-21,25.6
2018-05-22,30.7
2018-05-23,34.6
2018-05-24,26
2018-05-25,NA
2018-05-26,33.5
2018-05-27,14.8
2018-05-28,21.3
2018-05-29,31.8
2018-05-30,25.2
2018-05-31,25
2018-06-01,31.2
2018-06-02,19.2
2018-06-03,24.3
2018-06-04,38
2018-06-05,42.2
2018-06-06,28.4
2018-06-07,25.3
2018-06-08,45.8
2018-06-09,30.2
2018-06-10,10.8
2018-06-11,26.7
2018-06-12,16.4
2018-06-13,35.7
2018-06-14,19
2018-06-15,25.3
2018-06-16,16.5
2018-06-17,34.2
2018-06-18,13.3
2018-06-19,17.3
2018-06-20,33.2
2018-06-21,30.2
2018-06-22,32.5
2018-06-23,30.9
2018-06-24,27.2
2018-06-25,39.3
2018-06-26,30.7
2018-06-27,20.5
2018-06-28,22.3
2018-06-29,28.3
2018-06-30,25
2018-07-01,38.4
2018-07-02,19.3
2018-07-03,NA
2018-07-04,18.1
2018-07-05,25.6
2018-07-06,34.9
2018-07-07,26.8
2018-07-08,34.9
2018-07-09,30.4
2018-07-10,NA
2018-07-11,28.8
2018-07-12,142.3
2018-07-13,17.7
2018-07-14,29
2018-07-15,33.1
2018-07-16,27.5
2018-07-17,19.7
2018-07-18,24.7
2018-07-19,31.9
2018-07-20,30
2018-07-21,28.4
2018-07-22,36.4
2018-07-23,15
2018-07-24,32.3
2018-07-25,31
2018-07-26,33
2018-07-27,27.1
2018-07-28,17.2
2018-07-29,9.6
2018-07-30,35.7
2018-07-31,27.3
2018-08-01,24.5
2018-08-02,32.6
2018-08-03,15.6
2018-08-04,16.2
2018-08-05,30
2018-08-06,19.2
2018-08-07,34
2018-08-08,33.5
2018-08-09,26.9
2018-08-10,NA
2018-08-11,38.2
2018-08-12,11
2018-08-13,14
2018-08-14,29.9
2018-08-15,20.1
2018-08-16,30.3
2018-08-17,10.5
2018-08-18,19.7
2018-08-19,34.8
2018-08-20,30
2018-08-21,24.7
2018-08-22,34.1
2018-08-23,26.9
2018-08-24,NA
2018-08-25,32.2
2018-08-26,15.6
2018-08-27,12.3
2018-08-28,19.7
2018-08-29,35.5
2018-08-30,39.5
2018-08-31,27.8
2018-09-01,35.3
2018-09-02,36.2
2018-09-03,39.6
2018-09-04,30.2
2018-09-05,28
2018-09-06,42.2
2018-09-07,43.9
2018-09-08,30.6
2018-09-09,35
2018-09-10,36.3
2018-09-11,NA
2018-09-12,40.8
2018-09-13,23.5
2018-09-14,37.8
2018-09-15,34.3
2018-09-16,26.1
2018-09-17,20
2018-09-18,34.8
2018-09-19,47.2
2018-09-20,19.1
2018-09-21,41.3
2018-09-22,34.4
2018-09-23,141.6
2018-09-24,29.3
2018-09-25,51.3
2018-09-26,34.2
2018-09-27,41.8
2018-09-28,38.4
2018-09-29,47
2018-09-30,26.2
2018-10-01,17.9
2018-10-02,26.4
2018-10-03,45.8
2018-10-04,40.9
2018-10-05,30.8
2018-10-06,39.1
2018-10-07,41.5
2018-10-08,37.6
2018-10-09,37.8
2018-10-10,35.1
2018-10-11,46
2018-10-12,31.3
2018-10-13,51.8
2018-10-14,59.2
2018-10-15,25.5
2018-10-16,40.1
2018-10-17,41.4
2018-10-18,44.7
2018-10-19,50
2018-10-20,43.4
2018-10-21,34.9
2018-10-22,51.5
2018-10-23,38.2
2018-10-24,49.8
2018-10-25,35.2
2018-10-26,NA
2018-10-27,43.6
2018-10-28,44.3
2018-10-29,43.3
2018-10-30,38.6
2018-10-31,42.8
2018-11-01,36.1
2018-11-02,53.6
2018-11-03,65.1
2018-11-04,52.4
2018-11-05,43.2
2018-11-06,39.3
2018-11-07,45.5
2018-11-08,30.6
2018-11-09,31.4
2018-11-10,70
2018-11-11,36.2
2018-11-12,NA
2018-11-13,36.5
2018-11-14,43.3
2018-11-15,43.2
2018-11-16,42.6
2018-11-17,93
2018-11-18,NA
2018-11-19,57.7
2018-11-20,49.5
2018-11-21,45.9
2018-11-22,44.4
2018-11-23,47.1
2018-11-24,44.2
2018-11-25,48.9
2018-11-26,58.2
2018-11-27,48.3
2018-11-28,52.4
2018-11-29,64.7
2018-11-30,71.4
2018-12-01,55.9
2018-12-02,45.6
2018-12-03,48.2
2018-12-04,43.3
2018-12-05,68.6
2018-12-06,56.4
2018-12-07,55.3
2018-12-08,50.7
2018-12-09,53.2
2018-12-10,50.4
2018-12-11,58.6
2018-12-12,46.5
2018-12-13,63.4
2018-12-14,51.8
2018-12-15,55
2018-12-16,64
2018-12-17,55.9
2018-12-18,62.8
2018-12-19,52.2
2018-12-20,213.9
2018-12-21,45.4
2018-12-22,55.1
2018-12-23,45.8
2018-12-24,59.7
2018-12-25,61.4
2018-12-26,60.8
2018-12-27,45.9
2018-12-28,62.2
2018-12-29,47.4
2018-12-30,44.6
2018-12-31,60.3
2019-01-01,68.7
2019-01-02,48.7
2019-01-03,47.2
2019-01-04,62.2
2019-01-05,42.8
2019-01-06,56.6
2019-01-07,45.7
2019-01-08,65.1
2019-01-09,35.7
2019-01-10,56.3
2019-01-11,50.9
2019-01-12,50.2
2019-01-13,58.4
2019-01-14,54.8
2019-01-15,60.6
2019-01-16,52.2
2019-01-17,48.2
2019-01-18,43.3
2019-01-19,49
2019-01-20,90.9
2019-01-21,51.6
2019-01-22,55.5
2019-01-23,57.8
2019-01-24,47.1
2019-01-25,62
2019-01-26,56.9
2019-01-27,49.3
2019-01-28,56.8
2019-01-29,62.6
2019-01-30,66.2
2019-01-31,53.1
2019-02-01,52.9
2019-02-02,55.4
2019-02-03,58.1
2019-02-04,58.4
2019-02-05,48.3
2019-02-06,42.1
2019-02-07,43.7
2019-02-08,56.9
2019-02-09,52.2
2019-02-10,58.1
2019-02-11,62.9
2019-02-12,48.6
2019-02-13,54
2019-02-14,43
2019-02-15,54.3
2019-02-16,62.3
2019-02-17,56.9
2019-02-18,55.7
2019-02-19,54.7
2019-02-20,57.9
2019-02-21,44.2
2019-02-22,47
2019-02-23,64.8
2019-02-24,57.5
2019-02-25,48.9
2019-02-26,51.6
2019-02-27,62.6
2019-02-28,59.4
2019-03-01,51.9
2019-03-02,58.6
2019-03-03,38.7
2019-03-04,60
2019-03-05,62.9
2019-03-06,54.7
2019-03-07,43.7
2019-03-08,48.1
2019-03-09,42.3
2019-03-10,60.6
2019-03-11,51
2019-03-12,44.2
2019-03-13,50.6
2019-03-14,48.8
2019-03-15,45.7
2019-03-16,46.4
2019-03-17,50.6
2019-03-18,53.5
2019-03-19,46.9
2019-03-20,107.4
2019-03-21,33.9
2019-03-22,77.3
2019-03-23,51.5
2019-03-24,42.6
2019-03-25,39.9
2019-03-26,36.1
2019-03-27,48.3
2019-03-28,37.6
2019-03-29,53.3
2019-03-30,40.4
2019-03-31,25.7
2019-04-01,35.1
2019-04-02,NA
2019-04-03,45.5
2019-04-04,47.3
2019-04-05,39.5
2019-04-06,53.8
2019-04-07,36.5
2019-04-08,35.7
2019-04-09,39.6
2019-04-10,45.9
2019-04-11,NA
2019-04-12,51.9
2019-04-13,48
2019-04-14,47.2
2019-04-15,40.7
2019-04-16,43.1
2019-04-17,43.9
2019-04-18,51.7
2019-04-19,41.4
2019-04-20,46.9
2019-04-21,27.7
2019-04-22,40.7
2019-04-23,46.7
2019-04-24,51.1
2019-04-25,34
2019-04-26,40.6
2019-04-27,36.7
2019-04-28,32
2019-04-29,35.7
2019-04-30,47.7
2019-05-01,33.9
2019-05-02,34.7
2019-05-03,27.1
2019-05-04,44.1
2019-05-05,31.2
2019-05-06,47.2
2019-05-07,12.5
2019-05-08,37.8
2019-05-09,37.4
2019-05-10,50.9
2019-05-11,27.6
2019-05-12,34.9
2019-05-13,28.3
2019-05-14,32.2
2019-05-15,34.7
2019-05-16,37.7
2019-05-17,24.8
2019-05-18,32.6
2019-05-19,68.8
2019-05-20,26.6
2019-05-21,33.7
2019-05-22,37.8
2019-05-23,31.2
2019-05-24,30.2
2019-05-25,9.1
2019-05-26,24.2
2019-05-27,31.6
2019-05-28,35.9
2019-05-29,33.4
2019-05-30,20.6
2019-05-31,25.4
2019-06-01,41.4
2019-06-02,20.8
2019-06-03,34.3
2019-06-04,19.8
2019-06-05,26.9
2019-06-06,30.5
2019-06-07,29.8
2019-06-08,33.4
2019-06-09,33.2
2019-06-10,25.2
2019-06-11,20.8
2019-06-12,29.5
2019-06-13,35.2
2019-06-14,16.8
2019-06-15,22.4
2019-06-16,21.4
2019-06-17,16.9
2019-06-18,20.6
2019-06-19,16.3
2019-06-20,NA
2019-06-21,43.1
2019-06-22,28.9
2019-06-23,31.5
2019-06-24,27.8
2019-06-25,31.4
2019-06-26,39.2
2019-06-27,29
2019-06-28,27.1
2019-06-29,21.6
2019-06-30,36.9
2019-07-01,16.9
2019-07-02,30.5
2019-07-03,68.1
2019-07-04,25.9
2019-07-05,26.8
2019-07-06,35.5
2019-07-07,34.6
2019-07-08,29.5
2019-07-09,44
2019-07-10,24.1
2019-07-11,22.2
2019-07-12,68.2
2019-07-13,28
2019-07-14,46.7
2019-07-15,12.7
2019-07-16,21.2
2019-07-17,9
2019-07-18,18.9
2019-07-19,NA
2019-07-20,33.4
2019-07-21,14.4
2019-07-22,28.7
2019-07-23,16.3
2019-07-24,39.2
2019-07-25,12.9
2019-07-26,32.7
2019-07-27,18.9
2019-07-28,26.8
2019-07-29,21.8
2019-07-30,38.3
2019-07-31,29.9
2019-08-01,24.6
2019-08-02,36
2019-08-03,31.6
2019-08-04,20.3
2019-08-05,26.4
2019-08-06,21.9
2019-08-07,4.3
2019-08-08,32.7
2019-08-09,25.4
2019-08-10,26.3
2019-08-11,22.3
2019-08-12,36.3
2019-08-13,31.5
2019-08-14,35.1
2019-08-15,26.5
2019-08-16,36.1
2019-08-17,23.5
2019-08-18,38.5
2019-08-19,26.8
2019-08-20,38.3
2019-08-21,22.2
2019-08-22,22
2019-08-23,28.3
2019-08-24,29.9
2019-08-25,16.9
2019-08-26,37.1
2019-08-27,38.3
2019-08-28,27.7
2019-08-29,27.8
2019-08-30,33
2019-08-31,36
2019-09-01,26.2
2019-09-02,29.8
2019-09-03,38.8
2019-09-04,15.3
2019-09-05,27.1
2019-09-06,30.4
2019-09-07,27.7
2019-09-08,30.7
2019-09-09,38.6
2019-09-10,42.6
2019-09-11,37.3
2019-09-12,32.6
2019-09-13,29.9
2019-09-14,26.2
2019-09-15,34.6
2019-09-16,18.5
2019-09-17,25.6
2019-09-18,48
2019-09-19,51.6
2019-09-20,23.3
2019-09-21,NA
2019-09-22,29.5
2019-09-23,31
2019-09-24,32.4
2019-09-25,29.4
2019-09-26,25.2
2019-09-27,30
2019-09-28,27.2
2019-09-29,46.1
2019-09-30,50.5
2019-10-01,40.5
2019-10-02,34.4
2019-10-03,12.4
2019-10-04,38.5
2019-10-05,34.8
2019-10-06,33.8
2019-10-07,31.5
2019-10-08,44.7
2019-10-09,38.5
2019-10-10,40.4
2019-10-11,34.5
2019-10-12,38.3
2019-10-13,38.6
2019-10-14,46.4
2019-10-15,36.7
2019-10-16,54.7
2019-10-17,38.2
2019-10-18,48.3
2019-10-19,49.7
2019-10-20,45.2
2019-10-21,36
2019-10-22,32
2019-10-23,36
2019-10-24,45
2019-10-25,48.4
2019-10-26,57.3
2019-10-27,40.6
2019-10-28,36.9
2019-10-29,49.4
2019-10-30,45.6
2019-10-31,38.6
2019-11-01,53.9
2019-11-02,41.2
2019-11-03,57.9
2019-11-04,48
2019-11-05,36.7
2019-11-06,26.5
2019-11-07,43.2
2019-11-08,42.9
2019-11-09,47.8
2019-11-10,40
2019-11-11,49.9
2019-11-12,46.2
2019-11-13,48.1
2019-11-14,48.2
2019-11-15,34.1
2019-11-16,30.8
2019-11-17,45.7
2019-11-18,37.7
2019-11-19,37.2
2019-11-20,41.5
2019-11-21,49.5
2019-11-22,39.8
2019-11-23,42.6
2019-11-24,46.6
2019-11-25,40.3
2019-11-26,42.8
2019-11-27,53.4
2019-11-28,34.5
2019-11-29,58
2019-11-30,34.6
2019-12-01,69.8
2019-12-02,33.5
2019-12-03,60.1
2019-12-04,NA
2019-12-05,49.8
2019-12-06,59
2019-12-07,61.6
2019-12-08,57.5
2019-12-09,60.4
2019-12-10,54.6
2019-12-11,54.1
2019-12-12,53.9
2019-12-13,45.7
2019-12-14,46.7
2019-12-15,49.4
2019-12-16,51.1
2019-12-17,55.7
2019-12-18,53.8
2019-12-19,39.2
2019-12-20,52
2019-12-21,50.3
2019-12-22,45
2019-12-23,54.2
2019-12-24,50.4
2019-12-25,61.6
2019-12-26,53.8
2019-12-27,52.9
2019-12-28,41.2
2019-12-29,50.9
2019-12-30,52.1
2019-12-31,48.3
2020-01-01,45.7
2020-01-02,69.1
2020-01-03,58.8
2020-01-04,55.5
2020-01-05,51.8
2020-01-06,64.2
2020-01-07,40.3
2020-01-08,59.1
2020-01-09,61.6
2020-01-10,52.4
2020-01-11,56.8
2020-01-12,51.5
2020-01-13,53.7
2020-01-14,53.6
2020-01-15,47.4
2020-01-16,42.1
2020-01-17,48.5
2020-01-18,51.6
2020-01-19,66.5
2020-01-20,60
2020-01-21,41.8
2020-01-22,43.5
2020-01-23,40.9
2020-01-24,40.8
2020-01-25,57.9
2020-01-26,56
2020-01-27,49.2
2020-01-28,43
2020-01-29,51.4
2020-01-30,47.6
2020-01-31,51.5
2020-02-01,51.5
2020-02-02,65.4
2020-02-03,56
2020-02-04,43.2
2020-02-05,NA
2020-02-06,47.7
2020-02-07,50.1
2020-02-08,49.5
2020-02-09,51.7
2020-02-10,48.9
2020-02-11,42.9
2020-02-12,38.9
2020-02-13,55.4
2020-02-14,66.3
2020-02-15,76.2
2020-02-16,54.2
2020-02-17,52.8
2020-02-18,66.8
2020-02-19,47
2020-02-20,47.7
2020-02-21,41.5
2020-02-22,56.6
2020-02-23,51.5
2020-02-24,50.9
2020-02-25,53.7
2020-02-26,47
2020-02-27,66.1
2020-02-28,48.4
2020-02-29,51.1
2020-03-01,61.2
2020-03-02,NA
2020-03-03,45.9
2020-03-04,34.7
2020-03-05,45.1
2020-03-06,50.3
2020-03-07,42.7
2020-03-08,47.2
2020-03-09,47.6
2020-03-10,52.7
2020-03-11,53.7
2020-03-12,NA
2020-03-13,42.4
2020-03-14,46.5
2020-03-15,48.2
2020-03-16,49.9
2020-03-17,32.5
2020-03-18,47.1
2020-03-19,34.1
2020-03-20,31.7
2020-03-21,50.3
2020-03-22,43.7
2020-03-23,37.1
2020-03-24,33.2
2020-03-25,46.8
2020-03-26,45
2020-03-27,48.1
2020-03-28,48.9
2020-03-29,50.7
2020-03-30,58.4
2020-03-31,41.3
2020-04-01,56.1
2020-04-02,60.4
2020-04-03,36.7
2020-04-04,32.4
2020-04-05,39.3
2020-04-06,36.7
2020-04-07,41.9
2020-04-08,33.1
2020-04-09,30.2
2020-04-10,41.9
2020-04-11,66.6
2020-04-12,49.3
2020-04-13,46.5
2020-04-14,46.2
2020-04-15,43.2
2020-04-16,47
2020-04-17,37.3
2020-04-18,NA
2020-04-19,32.1
2020-04-20,29.7
2020-04-21,24.4
2020-04-22,33.2
2020-04-23,42.6
2020-04-24,37.9
2020-04-25,48.5
2020-04-26,42.6
2020-04-27,27.3
2020-04-28,20.5
2020-04-29,43.4
2020-04-30,36.5
2020-05-01,39.4
2020-05-02,44.7
2020-05-03,44.8
2020-05-04,42.7
2020-05-05,18.5
2020-05-06,38
2020-05-07,22.3
2020-05-08,32.3
2020-05-09,39.6
2020-05-10,31.9
2020-05-11,42.8
2020-05-12,42.3
2020-05-13,46
2020-05-14,32.3
2020-05-15,32.6
2020-05-16,27.6
2020-05-17,22.6
2020-05-18,37.7
2020-05-19,24.9
2020-05-20,36.1
2020-05-21,23.4
2020-05-22,10.9
2020-05-23,51.8
2020-05-24,23
2020-05-25,34
2020-05-26,35.4
2020-05-27,21.7
2020-05-28,40.2
2020-05-29,34.5
2020-05-30,46.7
2020-05-31,47.5
2020-06-01,34
2020-06-02,40.2
2020-06-03,36.7
2020-06-04,30.8
2020-06-05,37
2020-06-06,29.3
2020-06-07,27.7
2020-06-08,24.9
2020-06-09,17.9
2020-06-10,13
2020-06-11,34.1
2020-06-12,16.4
2020-06-13,19.8
2020-06-14,31.3
2020-06-15,22
2020-06-16,28
2020-06-17,20.5
2020-06-18,8.8
2020-06-19,30.7
2020-06-20,42.1
2020-06-21,35.4
2020-06-22,27.1
2020-06-23,35.3
2020-06-24,34.1
2020-06-25,28.3
2020-06-26,25.9
2020-06-27,14.8
2020-06-28,9.7
2020-06-29,31.8
2020-06-30,15.9
2020-07-01,14.7
2020-07-02,31.2
2020-07-03,17.3
2020-07-04,NA
2020-07-05,24
2020-07-06,22.8
2020-07-07,38.6
2020-07-08,18.9
2020-07-09,26.5
2020-07-10,31.5
2020-07-11,18.8
2020-07-12,31
2020-07-13,20.5
2020-07-14,29.5
2020-07-15,16.9
2020-07-16,29.3
2020-07-17,25.5
2020-07-18,28.6
2020-07-19,17.9
2020-07-20,6.5
2020-07-21,26.8
2020-07-22,13.5
2020-07-23,28
2020-07-24,5.4
2020-07-25,8.2
2020-07-26,47.8
2020-07-27,70.9
2020-07-28,22.4
2020-07-29,27.7
2020-07-30,11
2020-07-31,17.6
2020-08-01,14.2
2020-08-02,12.2
2020-08-03,27.3
2020-08-04,21.1
2020-08-05,13.6
2020-08-06,85
2020-08-07,25.9
2020-08-08,NA
2020-08-09,26.1
2020-08-10,16.2
2020-08-11,27.8
2020-08-12,20.1
2020-08-13,27.5
2020-08-14,21
2020-08-15,32.3
2020-08-16,15.6
2020-08-17,26.2
2020-08-18,26.4
2020-08-19,25
2020-08-20,32.9
2020-08-21,30.6
2020-08-22,38.5
2020-08-23,21.9
2020-08-24,32.9
2020-08-25,20.8
2020-08-26,27.6
2020-08-27,24.3
2020-08-28,21.9
2020-08-29,17.9
2020-08-30,39.4
2020-08-31,27.1
2020-09-01,22
2020-09-02,20.1
2020-09-03,15.7
2020-09-04,31.9
2020-09-05,22.5
2020-09-06,16.2
2020-09-07,24.9
2020-09-08,21.9
2020-09-09,33.6
2020-09-10,38
2020-09-11,19.1
2020-09-12,38.7
2020-09-13,35.6
2020-09-14,35.6
2020-09-15,47
2020-09-16,33.1
2020-09-17,33.6
2020-09-18,43.9
2020-09-19,34.7
2020-09-20,30.7
2020-09-21,23.6
2020-09-22,21.6
2020-09-23,NA
2020-09-24,32.3
2020-09-25,48.4
2020-09-26,35.9
2020-09-27,25.7
2020-09-28,49
2020-09-29,45.2
2020-09-30,28.8
2020-10-01,28.1
2020-10-02,39.8
2020-10-03,28.3
2020-10-04,45.9
2020-10-05,38
2020-10-06,40.4
2020-10-07,35.2
2020-10-08,46.7
2020-10-09,42.3
2020-10-10,27.1
2020-10-11,29
2020-10-12,35.5
2020-10-13,45.6
2020-10-14,39.7
2020-10-15,37
2020-10-16,36
2020-10-17,49.3
2020-10-18,33.1
2020-10-19,29.4
2020-10-20,36.8
2020-10-21,31.6
2020-10-22,39.6
2020-10-23,32.3
2020-10-24,33
2020-10-25,39.1
2020-10-26,34
2020-10-27,44.9
2020-10-28,47.4
2020-10-29,50.9
2020-10-30,45.3
2020-10-31,49.4
2020-11-01,40.9
2020-11-02,36.1
2020-11-03,47.4
2020-11-04,45.5
2020-11-05,35.3
2020-11-06,38.7
2020-11-07,40.8
2020-11-08,41.8
2020-11-09,66.9
2020-11-10,58
2020-11-11,47.5
2020-11-12,52.7
2020-11-13,145.6
2020-11-14,50.9
2020-11-15,57.4
2020-11-16,52.8
2020-11-17,34.5
2020-11-18,54.5
2020-11-19,42.7
2020-11-20,66.7
2020-11-21,43.9
2020-11-22,40
2020-11-23,54.6
2020-11-24,43.2
2020-11-25,46.4
2020-11-26,54.8
2020-11-27,45.5
2020-11-28,47.1
2020-11-29,53.7
2020-11-30,63.6
2020-12-01,66.2
2020-12-02,47.3
2020-12-03,58.4
2020-12-04,56.2
2020-12-05,69.7
2020-12-06,39.9
2020-12-07,51.2
2020-12-08,52.3
2020-12-09,49.5
2020-12-10,49.7
2020-12-11,52.1
2020-12-12,47.4
2020-12-13,58.6
2020-12-14,47.4
2020-12-15,65.9
2020-12-16,53.8
2020-12-17,52.1
2020-12-18,56.5
2020-12-19,49.7
2020-12-20,42.5
2020-12-21,52.3
2020-12-22,48.7
2020-12-23,58.4
2020-12-24,58.8
2020-12-25,45.9
2020-12-26,51.5
2020-12-27,58.8
2020-12-28,61.4
2020-12-29,64.7
2020-12-30,57.8
2020-12-31,54.8
