"data","pm10"
2001-01-01,34.2
2001-01-02,55.4
2001-01-03,38.9
2001-01-04,48
2001-01-05,42.6
2001-01-06,48.8
2001-01-07,41.6
2001-01-08,58.6
2001-01-09,50.4
2001-01-10,NA
2001-01-11,51
2001-01-12,46.6
2001-01-13,51.5
2001-01-14,61.5
2001-01-15,45.7
2001-01-16,51.9
2001-01-17,39.9
2001-01-18,47.3
2001-01-19,50.9
2001-01-20,103.6
2001-01-21,41.3
2001-01-22,48.9
2001-01-23,43.2
2001-01-24,62.6
2001-01-25,36.5
2001-01-26,49.3
2001-01-27,45.8
2001-01-28,39.7
2001-01-29,41.2
2001-01-30,61.7
2001-01-31,50.3
2001-02-01,49.1
2001-02-02,48.4
2001-02-03,47.5
2001-02-04,38.7
2001-02-05,41.5
2001-02-06,54
2001-02-07,45.5
2001-02-08,45.9
2001-02-09,38.5
2001-02-10,44.1
2001-02-11,33.8
2001-02-12,51.9
2001-02-13,50.5
2001-02-14,44.4
2001-02-15,34.9
2001-02-16,49.1
2001-02-17,54.3
2001-02-18,35.3
2001-02-19,41.7
2001-02-20,33.4
2001-02-21,36.9
2001-02-22,46.6
2001-02-23,56
2001-02-24,52.5
2001-02-25,51.9
2001-02-26,39.3
2001-02-27,35.7
2001-02-28,41.1
2001-03-01,51.6
2001-03-02,42.5
2001-03-03,48.2
2001-03-04,39.9
2001-03-05,38
2001-03-06,56.7
2001-03-07,44.4
2001-03-08,46.4
2001-03-09,41.4
2001-03-10,43.9
2001-03-11,37.5
2001-03-12,49.4
2001-03-13,26.6
2001-03-14,52.1
2001-03-15,48.2
2001-03-16,34.6
2001-03-17,NA
2001-03-18,36.1
2001-03-19,27
2001-03-20,30.4
2001-03-21,47.2
2001-03-22,32.9
2001-03-23,37.1
2001-03-24,44.3
2001-03-25,NA
2001-03-26,39.8
2001-03-27,37.1
2001-03-28,47.1
2001-03-29,33.6
2001-03-30,45.8
2001-03-31,34
2001-04-01,52.1
2001-04-02,37.4
2001-04-03,28.4
2001-04-04,41.6
2001-04-05,32.6
2001-04-06,45.2
2001-04-07,36.6
2001-04-08,44.9
2001-04-09,24.8
2001-04-10,41.4
2001-04-11,30.2
2001-04-12,48.4
2001-04-13,NA
2001-04-14,45.6
2001-04-15,29.4
2001-04-16,29.2
2001-04-17,30
2001-04-18,47
2001-04-19,22.6
2001-04-20,21.3
2001-04-21,30.4
2001-04-22,36.1
2001-04-23,24
2001-04-24,27.7
2001-04-25,25.9
2001-04-26,31
2001-04-27,30.9
2001-04-28,14.3
2001-04-29,28.6
2001-04-30,18.6
2001-05-01,26.4
2001-05-02,32.7
2001-05-03,31.6
2001-05-04,25.3
2001-05-05,30.6
2001-05-06,35.1
2001-05-07,35.6
2001-05-08,34.9
2001-05-09,22.6
2001-05-10,35.5
2001-05-11,31.8
2001-05-12,31.6
2001-05-13,27.3
2001-05-14,9
2001-05-15,21.3
2001-05-16,12.9
2001-05-17,29.3
2001-05-18,20.2
2001-05-19,23.7
2001-05-20,30.2
2001-05-21,32.2
2001-05-22,15.8
2001-05-23,26.1
2001-05-24,19
2001-05-25,24.6
2001-05-26,31.7
2001-05-27,19.9
2001-05-28,20.3
2001-05-29,24.3
2001-05-30,19
2001-05-31,15
2001-06-01,22.3
2001-06-02,30.8
2001-06-03,36
2001-06-04,29.3
2001-06-05,21.8
2001-06-06,15.1
2001-06-07,14.3
2001-06-08,25.9
2001-06-09,14.1
2001-06-10,20.4
2001-06-11,12.8
2001-06-12,19.1
2001-06-13,18.4
2001-06-14,23.3
2001-06-15,9.7
2001-06-16,24.4
2001-06-17,13.9
2001-06-18,5.5
2001-06-19,23.5
2001-06-20,18.2
2001-06-21,16.2
2001-06-22,11.3
2001-06-23,8.5
2001-06-24,NA
2001-06-25,3.7
2001-06-26,24
2001-06-27,16.8
2001-06-28,8.1
2001-06-29,26
2001-06-30,22.2
2001-07-01,21.6
2001-07-02,NA
2001-07-03,33.1
2001-07-04,24.5
2001-07-05,13.5
2001-07-06,18.5
2001-07-07,15.2
2001-07-08,14.4
2001-07-09,2
2001-07-10,NA
2001-07-11,18.9
2001-07-12,7
2001-07-13,16.9
2001-07-14,8.9
2001-07-15,25.1
2001-07-16,18.8
2001-07-17,25.1
2001-07-18,20.7
2001-07-19,23.4
2001-07-20,15.8
2001-07-21,11.5
2001-07-22,13.8
2001-07-23,2
2001-07-24,21.7
2001-07-25,26.8
2001-07-26,22.8
2001-07-27,14.9
2001-07-28,2
2001-07-29,4.6
2001-07-30,23.3
2001-07-31,NA
2001-08-01,8.5
2001-08-02,22.3
2001-08-03,25.9
2001-08-04,12.4
2001-08-05,14.3
2001-08-06,11.2
2001-08-07,11.4
2001-08-08,26.5
2001-08-09,30.3
2001-08-10,28.2
2001-08-11,13
2001-08-12,6.6
2001-08-13,11
2001-08-14,16.9
2001-08-15,13.3
2001-08-16,24.1
2001-08-17,19.4
2001-08-18,3.9
2001-08-19,20.6
2001-08-20,2
2001-08-21,31.2
2001-08-22,18.9
2001-08-23,14.5
2001-08-24,27.1
2001-08-25,7.3
2001-08-26,22.6
2001-08-27,22.4
2001-08-28,26
2001-08-29,19.4
2001-08-30,14.3
2001-08-31,19.2
2001-09-01,22.4
2001-09-02,15.4
2001-09-03,30.8
2001-09-04,35.7
2001-09-05,28.2
2001-09-06,NA
2001-09-07,18
2001-09-08,20.4
2001-09-09,22.5
2001-09-10,29.1
2001-09-11,35.5
2001-09-12,18.3
2001-09-13,29.8
2001-09-14,17
2001-09-15,27
2001-09-16,NA
2001-09-17,16.9
2001-09-18,26.2
2001-09-19,20.6
2001-09-20,44.4
2001-09-21,27.7
2001-09-22,25.3
2001-09-23,37.8
2001-09-24,24.7
2001-09-25,26.5
2001-09-26,18
2001-09-27,31.2
2001-09-28,19.7
2001-09-29,20.3
2001-09-30,22.5
2001-10-01,47
2001-10-02,18.2
2001-10-03,24.2
2001-10-04,24.5
2001-10-05,26.3
2001-10-06,41.8
2001-10-07,25.6
2001-10-08,25.7
2001-10-09,22.8
2001-10-10,20
2001-10-11,40.2
2001-10-12,33.3
2001-10-13,22.2
2001-10-14,29.5
2001-10-15,34.7
2001-10-16,39.7
2001-10-17,34.6
2001-10-18,29.8
2001-10-19,26.5
2001-10-20,36
2001-10-21,34.8
2001-10-22,35.1
2001-10-23,44.9
2001-10-24,35.4
2001-10-25,NA
2001-10-26,44.7
2001-10-27,25
2001-10-28,36.6
2001-10-29,35.6
2001-10-30,38.2
2001-10-31,29.5
2001-11-01,31
2001-11-02,47.7
2001-11-03,37.9
2001-11-04,33.9
2001-11-05,37.2
2001-11-06,21.4
2001-11-07,34
2001-11-08,45.3
2001-11-09,36
2001-11-10,27.8
2001-11-11,30.7
2001-11-12,37.6
2001-11-13,37.9
2001-11-14,38.5
2001-11-15,47.2
2001-11-16,35.3
2001-11-17,42.6
2001-11-18,33.3
2001-11-19,35.7
2001-11-20,36.2
2001-11-21,35.7
2001-11-22,48.9
2001-11-23,46
2001-11-24,51.1
2001-11-25,48.3
2001-11-26,NA
2001-11-27,40.8
2001-11-28,49.5
2001-11-29,44.4
2001-11-30,42.8
2001-12-01,54.2
2001-12-02,40
2001-12-03,39
2001-12-04,33.8
2001-12-05,46.5
2001-12-06,56.1
2001-12-07,36
2001-12-08,35.2
2001-12-09,43.1
2001-12-10,43.7
2001-12-11,42.2
2001-12-12,47.8
2001-12-13,42.4
2001-12-14,44
2001-12-15,59.3
2001-12-16,43
2001-12-17,34.7
2001-12-18,37.5
2001-12-19,47.2
2001-12-20,103.6
2001-12-21,39.7
2001-12-22,43.2
2001-12-23,41.7
2001-12-24,34.5
2001-12-25,38.5
2001-12-26,48.3
2001-12-27,29.5
2001-12-28,47.7
2001-12-29,55.4
2001-12-30,31.2
2001-12-31,46.5
2002-01-01,50
2002-01-02,44.6
2002-01-03,48.4
2002-01-04,NA
2002-01-05,50
2002-01-06,52.9
2002-01-07,44.5
2002-01-08,40.2
2002-01-09,49.6
2002-01-10,46.3
2002-01-11,48.5
2002-01-12,46.6
2002-01-13,54.4
2002-01-14,49.7
2002-01-15,50.1
2002-01-16,30.5
2002-01-17,58.8
2002-01-18,45.9
2002-01-19,48.8
2002-01-20,39.1
2002-01-21,40.7
2002-01-22,42.4
2002-01-23,50
2002-01-24,46.5
2002-01-25,49.5
2002-01-26,53
2002-01-27,45.4
2002-01-28,51.3
2002-01-29,46.3
2002-01-30,42.6
2002-01-31,63.7
2002-02-01,54.2
2002-02-02,47.1
2002-02-03,41.7
2002-02-04,49.6
2002-02-05,61.5
2002-02-06,38.4
2002-02-07,40.1
2002-02-08,44.9
2002-02-09,70.4
2002-02-10,44.9
2002-02-11,50.8
2002-02-12,49.7
2002-02-13,44.4
2002-02-14,44.4
2002-02-15,57.5
2002-02-16,41.1
2002-02-17,53.7
2002-02-18,63.6
2002-02-19,57.5
2002-02-20,39.8
2002-02-21,50
2002-02-22,52.6
2002-02-23,49.2
2002-02-24,37
2002-02-25,41.3
2002-02-26,50.8
2002-02-27,48.9
2002-02-28,37.4
2002-03-01,45.1
2002-03-02,42.3
2002-03-03,40.4
2002-03-04,41
2002-03-05,37.2
2002-03-06,50
2002-03-07,48.7
2002-03-08,52.1
2002-03-09,41
2002-03-10,40.9
2002-03-11,42.1
2002-03-12,46.9
2002-03-13,42.4
2002-03-14,42.2
2002-03-15,34.4
2002-03-16,41.2
2002-03-17,39.3
2002-03-18,33.9
2002-03-19,30.5
2002-03-20,38.7
2002-03-21,38.8
2002-03-22,NA
2002-03-23,38.4
2002-03-24,40.4
2002-03-25,44.8
2002-03-26,94.5
2002-03-27,29
2002-03-28,28.7
2002-03-29,36.5
2002-03-30,42.8
2002-03-31,38.1
2002-04-01,47.2
2002-04-02,28
2002-04-03,25.8
2002-04-04,24.4
2002-04-05,NA
2002-04-06,30.2
2002-04-07,53.9
2002-04-08,57.8
2002-04-09,43.8
2002-04-10,31.6
2002-04-11,40.6
2002-04-12,30.6
2002-04-13,40.6
2002-04-14,31.4
2002-04-15,32.5
2002-04-16,13.9
2002-04-17,31.5
2002-04-18,23.8
2002-04-19,28.4
2002-04-20,25.3
2002-04-21,43
2002-04-22,22.1
2002-04-23,32.8
2002-04-24,27.4
2002-04-25,37.6
2002-04-26,28.1
2002-04-27,32.7
2002-04-28,21.8
2002-04-29,12.2
2002-04-30,39.9
2002-05-01,22.1
2002-05-02,28.8
2002-05-03,29.1
2002-05-04,34.9
2002-05-05,27.7
2002-05-06,32.8
2002-05-07,42.9
2002-05-08,14.9
2002-05-09,19.5
2002-05-10,20.6
2002-05-11,27.5
2002-05-12,20.2
2002-05-13,32.6
2002-05-14,28.3
2002-05-15,31.1
2002-05-16,28.1
2002-05-17,25.2
2002-05-18,28.3
2002-05-19,16.1
2002-05-20,34.3
2002-05-21,27.6
2002-05-22,14.1
2002-05-23,15.7
2002-05-24,19.1
2002-05-25,20.4
2002-05-26,18.2
2002-05-27,11.2
2002-05-28,2
2002-05-29,27
2002-05-30,19.6
2002-05-31,31.5
2002-06-01,26.8
2002-06-02,7.6
2002-06-03,8.5
2002-06-04,47.9
2002-06-05,9
2002-06-06,20.6
2002-06-07,20.1
2002-06-08,30.3
2002-06-09,31.6
2002-06-10,14.1
2002-06-11,21.1
2002-06-12,20.6
2002-06-13,20.1
2002-06-14,22.5
2002-06-15,17.1
2002-06-16,10.7
2002-06-17,NA
2002-06-18,20.2
2002-06-19,20.7
2002-06-20,16.1
2002-06-21,15.6
2002-06-22,19.2
2002-06-23,23.4
2002-06-24,18.3
2002-06-25,15.7
2002-06-26,16.5
2002-06-27,2.4
2002-06-28,21.9
2002-06-29,11.6
2002-06-30,20.9
2002-07-01,27.8
2002-07-02,26.5
2002-07-03,8.7
2002-07-04,4.6
2002-07-05,14.1
2002-07-06,11.1
2002-07-07,19.2
2002-07-08,30
2002-07-09,10.7
2002-07-10,12.5
2002-07-11,18.6
2002-07-12,6.7
2002-07-13,30.4
2002-07-14,10.9
2002-07-15,16.5
2002-07-16,4.7
2002-07-17,27
2002-07-18,2.9
2002-07-19,19.5
2002-07-20,22
2002-07-21,20.8
2002-07-22,11.3
2002-07-23,2.7
2002-07-24,19.4
2002-07-25,26.1
2002-07-26,17.1
2002-07-27,32.6
2002-07-28,12.2
2002-07-29,6
2002-07-30,27
2002-07-31,22.2
2002-08-01,6.1
2002-08-02,16.2
2002-08-03,12.4
2002-08-04,24.7
2002-08-05,15.5
2002-08-06,13
2002-08-07,10.4
2002-08-08,5.8
2002-08-09,4
2002-08-10,21.2
2002-08-11,26.2
2002-08-12,27.8
2002-08-13,23.7
2002-08-14,14.9
2002-08-15,22.3
2002-08-16,17.6
2002-08-17,21.2
2002-08-18,18.8
2002-08-19,9.3
2002-08-20,4.2
2002-08-21,8.1
2002-08-22,7
2002-08-23,20
2002-08-24,6.8
2002-08-25,2
2002-08-26,25.6
2002-08-27,24.8
2002-08-28,11.5
2002-08-29,9.7
2002-08-30,22.3
2002-08-31,21.9
2002-09-01,21.1
2002-09-02,23.7
2002-09-03,39.7
2002-09-04,23.9
2002-09-05,21.2
2002-09-06,20.5
2002-09-07,6.8
2002-09-08,68.1
2002-09-09,18.4
2002-09-10,20.3
2002-09-11,13.9
2002-09-12,12
2002-09-13,22.3
2002-09-14,28.4
2002-09-15,20.1
2002-09-16,14.4
2002-09-17,18.8
2002-09-18,20.3
2002-09-19,19.1
2002-09-20,19
2002-09-21,17.9
2002-09-22,34.1
2002-09-23,21.9
2002-09-24,16.4
2002-09-25,29.6
2002-09-26,29
2002-09-27,26.4
2002-09-28,73.4
2002-09-29,19.5
2002-09-30,18.6
2002-10-01,43.4
2002-10-02,29.2
2002-10-03,33.6
2002-10-04,20.3
2002-10-05,29.8
2002-10-06,22.2
2002-10-07,27.7
2002-10-08,2
2002-10-09,32.4
2002-10-10,10.6
2002-10-11,25.8
2002-10-12,27.8
2002-10-13,38
2002-10-14,18.8
2002-10-15,7.6
2002-10-16,47.9
2002-10-17,34.7
2002-10-18,23.3
2002-10-19,20.8
2002-10-20,38.7
2002-10-21,48.3
2002-10-22,44
2002-10-23,23.6
2002-10-24,37.7
2002-10-25,33.7
2002-10-26,36.5
2002-10-27,34.4
2002-10-28,23.3
2002-10-29,29.8
2002-10-30,30.7
2002-10-31,41.2
2002-11-01,38.8
2002-11-02,28.6
2002-11-03,23.7
2002-11-04,33.1
2002-11-05,26.1
2002-11-06,123.3
2002-11-07,30.7
2002-11-08,38.2
2002-11-09,43
2002-11-10,38.8
2002-11-11,46.7
2002-11-12,43
2002-11-13,46.8
2002-11-14,31.3
2002-11-15,43.2
2002-11-16,42.8
2002-11-17,27.2
2002-11-18,29.9
2002-11-19,40
2002-11-20,38.1
2002-11-21,39.9
2002-11-22,44.1
2002-11-23,35.6
2002-11-24,32.4
2002-11-25,29.8
2002-11-26,33.9
2002-11-27,51.3
2002-11-28,45.3
2002-11-29,32.6
2002-11-30,38.1
2002-12-01,42.1
2002-12-02,48.2
2002-12-03,46.1
2002-12-04,106
2002-12-05,57.3
2002-12-06,45.9
2002-12-07,44.1
2002-12-08,53.9
2002-12-09,50.3
2002-12-10,35.7
2002-12-11,48.9
2002-12-12,39
2002-12-13,45.9
2002-12-14,48
2002-12-15,44.4
2002-12-16,32
2002-12-17,53.4
2002-12-18,46.1
2002-12-19,38.4
2002-12-20,103.6
2002-12-21,42.1
2002-12-22,43.1
2002-12-23,37.2
2002-12-24,37.7
2002-12-25,47.7
2002-12-26,63.5
2002-12-27,49.3
2002-12-28,32.7
2002-12-29,41.3
2002-12-30,51.7
2002-12-31,52.1
2003-01-01,56.6
2003-01-02,61.8
2003-01-03,52.5
2003-01-04,32.3
2003-01-05,52.3
2003-01-06,34.7
2003-01-07,38.5
2003-01-08,52.7
2003-01-09,38.2
2003-01-10,45.3
2003-01-11,44.3
2003-01-12,58.9
2003-01-13,NA
2003-01-14,55.7
2003-01-15,49.5
2003-01-16,44.6
2003-01-17,48.9
2003-01-18,51.2
2003-01-19,52.1
2003-01-20,46.9
2003-01-21,NA
2003-01-22,39.5
2003-01-23,48.4
2003-01-24,43.3
2003-01-25,45.6
2003-01-26,31.7
2003-01-27,NA
2003-01-28,62.7
2003-01-29,42
2003-01-30,49.7
2003-01-31,35.6
2003-02-01,45.1
2003-02-02,51.2
2003-02-03,48.6
2003-02-04,42.5
2003-02-05,56.3
2003-02-06,52.8
2003-02-07,54.9
2003-02-08,54.1
2003-02-09,58.8
2003-02-10,44
2003-02-11,37.2
2003-02-12,37
2003-02-13,35.3
2003-02-14,46.3
2003-02-15,NA
2003-02-16,44
2003-02-17,41.6
2003-02-18,29.6
2003-02-19,52.3
2003-02-20,47.2
2003-02-21,55.8
2003-02-22,139.9
2003-02-23,41.3
2003-02-24,48.3
2003-02-25,38.5
2003-02-26,34.9
2003-02-27,121.4
2003-02-28,38.2
2003-03-01,44
2003-03-02,43.4
2003-03-03,37.8
2003-03-04,48.7
2003-03-05,44.8
2003-03-06,NA
2003-03-07,38.4
2003-03-08,36.6
2003-03-09,54.8
2003-03-10,31.8
2003-03-11,27.6
2003-03-12,42.7
2003-03-13,37.8
2003-03-14,34.6
2003-03-15,57
2003-03-16,39.6
2003-03-17,45.7
2003-03-18,63.9
2003-03-19,35.1
2003-03-20,40.5
2003-03-21,37.4
2003-03-22,21.4
2003-03-23,23.5
2003-03-24,30.3
2003-03-25,24
2003-03-26,42.8
2003-03-27,43.4
2003-03-28,42.9
2003-03-29,34.9
2003-03-30,27.6
2003-03-31,36.2
2003-04-01,43.4
2003-04-02,44.5
2003-04-03,35.2
2003-04-04,36.4
2003-04-05,34.3
2003-04-06,41.5
2003-04-07,NA
2003-04-08,31.5
2003-04-09,27.7
2003-04-10,39.9
2003-04-11,29.9
2003-04-12,31.5
2003-04-13,44.2
2003-04-14,17.3
2003-04-15,33.4
2003-04-16,21.9
2003-04-17,41.6
2003-04-18,34.9
2003-04-19,39.5
2003-04-20,23
2003-04-21,43.6
2003-04-22,31.6
2003-04-23,65.3
2003-04-24,46.3
2003-04-25,22
2003-04-26,36.5
2003-04-27,23.1
2003-04-28,33.6
2003-04-29,NA
2003-04-30,23.2
2003-05-01,23
2003-05-02,22.4
2003-05-03,26.9
2003-05-04,17.4
2003-05-05,30.7
2003-05-06,12.7
2003-05-07,21.2
2003-05-08,26.3
2003-05-09,20.7
2003-05-10,31.8
2003-05-11,22.7
2003-05-12,30.4
2003-05-13,NA
2003-05-14,28.2
2003-05-15,20.4
2003-05-16,NA
2003-05-17,26.6
2003-05-18,28.3
2003-05-19,33.1
2003-05-20,27.5
2003-05-21,21.1
2003-05-22,29.6
2003-05-23,26.1
2003-05-24,34.5
2003-05-25,35.5
2003-05-26,24
2003-05-27,36.1
2003-05-28,19.4
2003-05-29,9.3
2003-05-30,32
2003-05-31,34.3
2003-06-01,24.6
2003-06-02,26.4
2003-06-03,25.3
2003-06-04,58
2003-06-05,21.2
2003-06-06,8.2
2003-06-07,22.2
2003-06-08,8.3
2003-06-09,11.1
2003-06-10,11.7
2003-06-11,24.4
2003-06-12,25.3
2003-06-13,17.2
2003-06-14,20.6
2003-06-15,25.4
2003-06-16,13.7
2003-06-17,18.7
2003-06-18,43.5
2003-06-19,12.7
2003-06-20,20.5
2003-06-21,33.7
2003-06-22,10.5
2003-06-23,20.5
2003-06-24,16.7
2003-06-25,22
2003-06-26,21.5
2003-06-27,17.3
2003-06-28,11.3
2003-06-29,8.3
2003-06-30,14.6
2003-07-01,17.1
2003-07-02,18.2
2003-07-03,23
2003-07-04,23.7
2003-07-05,12.2
2003-07-06,12
2003-07-07,19.3
2003-07-08,11.1
2003-07-09,16.5
2003-07-10,15.5
2003-07-11,27.6
2003-07-12,2
2003-07-13,18.5
2003-07-14,19.6
2003-07-15,7.9
2003-07-16,13.1
2003-07-17,14.5
2003-07-18,10.1
2003-07-19,9.6
2003-07-20,15.7
2003-07-21,13.8
2003-07-22,22.5
2003-07-23,21.3
2003-07-24,10
2003-07-25,25.6
2003-07-26,16
2003-07-27,22.4
2003-07-28,23.7
2003-07-29,11.6
2003-07-30,18.7
2003-07-31,19.1
2003-08-01,23.2
2003-08-02,25.8
2003-08-03,17.8
2003-08-04,20.6
2003-08-05,14.9
2003-08-06,19.4
2003-08-07,23.8
2003-08-08,2
2003-08-09,23.6
2003-08-10,26.3
2003-08-11,NA
2003-08-12,20.6
2003-08-13,21.8
2003-08-14,28
2003-08-15,25.9
2003-08-16,13.3
2003-08-17,22.9
2003-08-18,21.2
2003-08-19,23.2
2003-08-20,11.6
2003-08-21,22
2003-08-22,11.8
2003-08-23,15.7
2003-08-24,26.7
2003-08-25,47.7
2003-08-26,14.1
2003-08-27,4.7
2003-08-28,15.9
2003-08-29,18.8
2003-08-30,27.9
2003-08-31,16
2003-09-01,12.7
2003-09-02,12.6
2003-09-03,28.2
2003-09-04,17.5
2003-09-05,26
2003-09-06,18.1
2003-09-07,34.3
2003-09-08,26
2003-09-09,18.3
2003-09-10,22.8
2003-09-11,14.9
2003-09-12,23.4
2003-09-13,37.8
2003-09-14,28.1
2003-09-15,23
2003-09-16,17.4
2003-09-17,2
2003-09-18,25
2003-09-19,32.9
2003-09-20,38.9
2003-09-21,25.8
2003-09-22,24.2
2003-09-23,21.5
2003-09-24,24.2
2003-09-25,104.4
2003-09-26,20.7
2003-09-27,20.7
2003-09-28,36.6
2003-09-29,23
2003-09-30,29.6
2003-10-01,27.7
2003-10-02,31.9
2003-10-03,21.5
2003-10-04,27.9
2003-10-05,20.9
2003-10-06,32.6
2003-10-07,40.4
2003-10-08,28.2
2003-10-09,20.4
2003-10-10,43.4
2003-10-11,30.6
2003-10-12,27
2003-10-13,29.3
2003-10-14,25
2003-10-15,30
2003-10-16,42.1
2003-10-17,41
2003-10-18,32.8
2003-10-19,32.1
2003-10-20,27.1
2003-10-21,37.1
2003-10-22,31.8
2003-10-23,31
2003-10-24,28.1
2003-10-25,44.5
2003-10-26,25.4
2003-10-27,35.8
2003-10-28,37.9
2003-10-29,31.5
2003-10-30,34.9
2003-10-31,28.8
2003-11-01,34.7
2003-11-02,30.9
2003-11-03,35.1
2003-11-04,40.1
2003-11-05,39.7
2003-11-06,24.7
2003-11-07,51.9
2003-11-08,31.5
2003-11-09,38.5
2003-11-10,36
2003-11-11,NA
2003-11-12,36.5
2003-11-13,27.2
2003-11-14,38.1
2003-11-15,39.7
2003-11-16,47.6
2003-11-17,52
2003-11-18,26.7
2003-11-19,47.5
2003-11-20,50.2
2003-11-21,39.7
2003-11-22,39.7
2003-11-23,34.9
2003-11-24,42.7
2003-11-25,31.7
2003-11-26,35.7
2003-11-27,53.5
2003-11-28,50.5
2003-11-29,36.2
2003-11-30,22.3
2003-12-01,44
2003-12-02,48
2003-12-03,50.1
2003-12-04,47.3
2003-12-05,33
2003-12-06,40.3
2003-12-07,61
2003-12-08,49.5
2003-12-09,39.3
2003-12-10,43.1
2003-12-11,50.2
2003-12-12,41.8
2003-12-13,48.9
2003-12-14,57.1
2003-12-15,45.8
2003-12-16,41.1
2003-12-17,56.5
2003-12-18,39.4
2003-12-19,43.6
2003-12-20,54.9
2003-12-21,49.5
2003-12-22,41.9
2003-12-23,35.4
2003-12-24,47.9
2003-12-25,40.1
2003-12-26,38.3
2003-12-27,46.5
2003-12-28,45.4
2003-12-29,44.9
2003-12-30,59.1
2003-12-31,38.9
2004-01-01,48.5
2004-01-02,50.7
2004-01-03,36.7
2004-01-04,53.8
2004-01-05,44.2
2004-01-06,42.1
2004-01-07,34.4
2004-01-08,50
2004-01-09,61.9
2004-01-10,38.2
2004-01-11,44.2
2004-01-12,51.2
2004-01-13,54
2004-01-14,56.2
2004-01-15,48.9
2004-01-16,48.4
2004-01-17,NA
2004-01-18,70
2004-01-19,50.4
2004-01-20,63.9
2004-01-21,30.9
2004-01-22,45.9
2004-01-23,48.1
2004-01-24,37.6
2004-01-25,38.3
2004-01-26,42.8
2004-01-27,NA
2004-01-28,43.8
2004-01-29,33.8
2004-01-30,53.4
2004-01-31,34.5
2004-02-01,52.5
2004-02-02,44.5
2004-02-03,30.5
2004-02-04,44.1
2004-02-05,45.8
2004-02-06,39.1
2004-02-07,40.3
2004-02-08,49.6
2004-02-09,56.2
2004-02-10,53.3
2004-02-11,41.1
2004-02-12,41.3
2004-02-13,45.3
2004-02-14,33.2
2004-02-15,34.9
2004-02-16,61.5
2004-02-17,32.5
2004-02-18,32.9
2004-02-19,52.6
2004-02-20,45
2004-02-21,43.9
2004-02-22,45.5
2004-02-23,44
2004-02-24,42.2
2004-02-25,45.9
2004-02-26,36.2
2004-02-27,51.5
2004-02-28,40.7
2004-02-29,30.5
2004-03-01,47.4
2004-03-02,66.3
2004-03-03,41.7
2004-03-04,46.1
2004-03-05,40.6
2004-03-06,42.1
2004-03-07,34.1
2004-03-08,53.4
2004-03-09,36.7
2004-03-10,53.7
2004-03-11,43.9
2004-03-12,43.4
2004-03-13,40.5
2004-03-14,50
2004-03-15,34.3
2004-03-16,36.4
2004-03-17,16.9
2004-03-18,43.4
2004-03-19,43.9
2004-03-20,40.7
2004-03-21,31.2
2004-03-22,34.7
2004-03-23,33.5
2004-03-24,25.3
2004-03-25,32.3
2004-03-26,29.2
2004-03-27,33.3
2004-03-28,35.9
2004-03-29,25.9
2004-03-30,58.2
2004-03-31,29.2
2004-04-01,37.4
2004-04-02,41.3
2004-04-03,24.6
2004-04-04,55.8
2004-04-05,34.2
2004-04-06,26.4
2004-04-07,26.8
2004-04-08,NA
2004-04-09,33.1
2004-04-10,21.6
2004-04-11,32.4
2004-04-12,34.3
2004-04-13,35.5
2004-04-14,35.3
2004-04-15,25.5
2004-04-16,34.9
2004-04-17,33.7
2004-04-18,25.5
2004-04-19,43.7
2004-04-20,29.6
2004-04-21,43.5
2004-04-22,22.5
2004-04-23,30.5
2004-04-24,25
2004-04-25,30.1
2004-04-26,29.7
2004-04-27,36.8
2004-04-28,34.9
2004-04-29,35.7
2004-04-30,18.6
2004-05-01,18.1
2004-05-02,3.1
2004-05-03,36.5
2004-05-04,23.4
2004-05-05,101.4
2004-05-06,14
2004-05-07,34.6
2004-05-08,33.1
2004-05-09,18.7
2004-05-10,33.4
2004-05-11,13.7
2004-05-12,18.2
2004-05-13,11.9
2004-05-14,NA
2004-05-15,30.5
2004-05-16,20.3
2004-05-17,27.2
2004-05-18,18.4
2004-05-19,19.8
2004-05-20,32.5
2004-05-21,24.7
2004-05-22,25.5
2004-05-23,16.8
2004-05-24,25.2
2004-05-25,10.6
2004-05-26,33.2
2004-05-27,11.9
2004-05-28,31.4
2004-05-29,17.4
2004-05-30,26.9
2004-05-31,16.8
2004-06-01,19.4
2004-06-02,39
2004-06-03,14.1
2004-06-04,10.2
2004-06-05,10.2
2004-06-06,22.4
2004-06-07,12.4
2004-06-08,27.7
2004-06-09,21.5
2004-06-10,18.2
2004-06-11,17.7
2004-06-12,15.3
2004-06-13,32
2004-06-14,14.1
2004-06-15,20.2
2004-06-16,12.2
2004-06-17,18.3
2004-06-18,25.1
2004-06-19,19.1
2004-06-20,18
2004-06-21,17.9
2004-06-22,9.1
2004-06-23,11.2
2004-06-24,18
2004-06-25,8.8
2004-06-26,17.9
2004-06-27,NA
2004-06-28,21.2
2004-06-29,11.9
2004-06-30,12.3
2004-07-01,12.1
2004-07-02,18.2
2004-07-03,15.1
2004-07-04,23.1
2004-07-05,35.2
2004-07-06,14
2004-07-07,17.1
2004-07-08,13.2
2004-07-09,22.1
2004-07-10,13.6
2004-07-11,24.2
2004-07-12,13.9
2004-07-13,12.6
2004-07-14,16
2004-07-15,56
2004-07-16,18.5
2004-07-17,7.7
2004-07-18,30.6
2004-07-19,18.9
2004-07-20,24.9
2004-07-21,8.8
2004-07-22,23.2
2004-07-23,14.5
2004-07-24,30
2004-07-25,10.9
2004-07-26,2
2004-07-27,NA
2004-07-28,24.3
2004-07-29,9.3
2004-07-30,33.6
2004-07-31,21.8
2004-08-01,56.1
2004-08-02,13.7
2004-08-03,9
2004-08-04,3
2004-08-05,30.2
2004-08-06,35.6
2004-08-07,17.6
2004-08-08,2
2004-08-09,17.9
2004-08-10,7.6
2004-08-11,14.3
2004-08-12,25.2
2004-08-13,17.5
2004-08-14,41.4
2004-08-15,30.1
2004-08-16,25.9
2004-08-17,31.3
2004-08-18,20.7
2004-08-19,29.3
2004-08-20,16
2004-08-21,23.2
2004-08-22,16.5
2004-08-23,23.8
2004-08-24,40.8
2004-08-25,20.5
2004-08-26,15.1
2004-08-27,13.6
2004-08-28,16.4
2004-08-29,9.4
2004-08-30,18.4
2004-08-31,25.9
2004-09-01,6.1
2004-09-02,27.3
2004-09-03,16.7
2004-09-04,8.2
2004-09-05,26.2
2004-09-06,22.2
2004-09-07,24.3
2004-09-08,27
2004-09-09,29.8
2004-09-10,28.2
2004-09-11,18.7
2004-09-12,19.1
2004-09-13,31.1
2004-09-14,21.7
2004-09-15,21.7
2004-09-16,29.2
2004-09-17,NA
2004-09-18,27.6
2004-09-19,18.6
2004-09-20,18.3
2004-09-21,45.3
2004-09-22,24.9
2004-09-23,NA
2004-09-24,43.5
2004-09-25,11
2004-09-26,24
2004-09-27,44.3
2004-09-28,25.9
2004-09-29,14.2
2004-09-30,19.1
2004-10-01,51
2004-10-02,38.2
2004-10-03,20.4
2004-10-04,28.2
2004-10-05,23.7
2004-10-06,33.2
2004-10-07,19.4
2004-10-08,29.7
2004-10-09,34.6
2004-10-10,40.7
2004-10-11,14.6
2004-10-12,34.2
2004-10-13,36.5
2004-10-14,37.3
2004-10-15,23.8
2004-10-16,20.6
2004-10-17,35.4
2004-10-18,43.7
2004-10-19,35.6
2004-10-20,20.9
2004-10-21,33.2
2004-10-22,52.5
2004-10-23,38.5
2004-10-24,39.1
2004-10-25,41.1
2004-10-26,30.1
2004-10-27,50
2004-10-28,28.5
2004-10-29,59.4
2004-10-30,35.5
2004-10-31,36.8
2004-11-01,44
2004-11-02,35.6
2004-11-03,26.8
2004-11-04,45.9
2004-11-05,28.2
2004-11-06,27.9
2004-11-07,41.6
2004-11-08,36.5
2004-11-09,39.9
2004-11-10,36.8
2004-11-11,34.2
2004-11-12,38.6
2004-11-13,41.2
2004-11-14,34.2
2004-11-15,33.5
2004-11-16,34.4
2004-11-17,16.8
2004-11-18,141.4
2004-11-19,43.3
2004-11-20,29.2
2004-11-21,38.5
2004-11-22,34.7
2004-11-23,37.4
2004-11-24,43.4
2004-11-25,NA
2004-11-26,51.1
2004-11-27,48.5
2004-11-28,41.2
2004-11-29,40
2004-11-30,61.5
2004-12-01,58.7
2004-12-02,41.6
2004-12-03,35.4
2004-12-04,46.2
2004-12-05,38.4
2004-12-06,46.4
2004-12-07,49.6
2004-12-08,41
2004-12-09,53.2
2004-12-10,56.5
2004-12-11,41.3
2004-12-12,44.2
2004-12-13,42.2
2004-12-14,30.2
2004-12-15,NA
2004-12-16,45.1
2004-12-17,50.4
2004-12-18,46.7
2004-12-19,52.7
2004-12-20,64.2
2004-12-21,47.8
2004-12-22,163.2
2004-12-23,51.4
2004-12-24,39.5
2004-12-25,41.9
2004-12-26,36.6
2004-12-27,38.2
2004-12-28,45.4
2004-12-29,45
2004-12-30,48.4
2004-12-31,45.9
2005-01-01,35.7
2005-01-02,38.9
2005-01-03,59.1
2005-01-04,46
2005-01-05,29.9
2005-01-06,43.7
2005-01-07,50.9
2005-01-08,44.2
2005-01-09,37.7
2005-01-10,42.1
2005-01-11,51.1
2005-01-12,52.4
2005-01-13,37.5
2005-01-14,43.5
2005-01-15,47.3
2005-01-16,28.7
2005-01-17,41.6
2005-01-18,43.9
2005-01-19,37
2005-01-20,45.4
2005-01-21,56.3
2005-01-22,41
2005-01-23,50.6
2005-01-24,35.3
2005-01-25,48.5
2005-01-26,39.9
2005-01-27,50.6
2005-01-28,32.9
2005-01-29,43.9
2005-01-30,50.6
2005-01-31,63.8
2005-02-01,44.5
2005-02-02,35.1
2005-02-03,49.2
2005-02-04,36.3
2005-02-05,42.8
2005-02-06,33
2005-02-07,37.6
2005-02-08,45.9
2005-02-09,44.9
2005-02-10,41.7
2005-02-11,41.5
2005-02-12,44.3
2005-02-13,39.7
2005-02-14,38.4
2005-02-15,89.4
2005-02-16,50.7
2005-02-17,41.2
2005-02-18,35
2005-02-19,49.2
2005-02-20,42.7
2005-02-21,51.8
2005-02-22,45.7
2005-02-23,43.3
2005-02-24,47.3
2005-02-25,44.2
2005-02-26,55.3
2005-02-27,27.8
2005-02-28,48.1
2005-03-01,45.8
2005-03-02,119.2
2005-03-03,36
2005-03-04,29.7
2005-03-05,37.5
2005-03-06,36.3
2005-03-07,36.7
2005-03-08,39.8
2005-03-09,40.7
2005-03-10,30
2005-03-11,51.7
2005-03-12,41.2
2005-03-13,37
2005-03-14,47.4
2005-03-15,29.6
2005-03-16,41.3
2005-03-17,37.1
2005-03-18,55.5
2005-03-19,46.6
2005-03-20,31
2005-03-21,34.6
2005-03-22,25.1
2005-03-23,45.2
2005-03-24,52.9
2005-03-25,29.8
2005-03-26,53.2
2005-03-27,31.7
2005-03-28,34.5
2005-03-29,39.1
2005-03-30,26.5
2005-03-31,38.4
2005-04-01,44
2005-04-02,29.5
2005-04-03,37.6
2005-04-04,28.4
2005-04-05,47.1
2005-04-06,33.4
2005-04-07,19.9
2005-04-08,34
2005-04-09,38.6
2005-04-10,48.6
2005-04-11,47.6
2005-04-12,39.9
2005-04-13,44
2005-04-14,36.4
2005-04-15,15.6
2005-04-16,14.1
2005-04-17,32.5
2005-04-18,16.5
2005-04-19,29.5
2005-04-20,30.1
2005-04-21,37.3
2005-04-22,21.8
2005-04-23,26.7
2005-04-24,4.3
2005-04-25,26.5
2005-04-26,22.7
2005-04-27,15.2
2005-04-28,8.1
2005-04-29,25.2
2005-04-30,24.5
2005-05-01,13.9
2005-05-02,28.1
2005-05-03,30.9
2005-05-04,25.4
2005-05-05,19.1
2005-05-06,22.5
2005-05-07,31.4
2005-05-08,17.7
2005-05-09,27.8
2005-05-10,22.1
2005-05-11,25.5
2005-05-12,24.7
2005-05-13,26.2
2005-05-14,25.9
2005-05-15,19.7
2005-05-16,28.5
2005-05-17,40.4
2005-05-18,18
2005-05-19,38.3
2005-05-20,17.3
2005-05-21,24.2
2005-05-22,21.8
2005-05-23,15.9
2005-05-24,20.3
2005-05-25,13.2
2005-05-26,26.6
2005-05-27,21.7
2005-05-28,25.4
2005-05-29,34.3
2005-05-30,32.1
2005-05-31,53.1
2005-06-01,19.3
2005-06-02,NA
2005-06-03,12.3
2005-06-04,30.5
2005-06-05,16.3
2005-06-06,10.7
2005-06-07,23.8
2005-06-08,15.3
2005-06-09,9
2005-06-10,21.4
2005-06-11,30.1
2005-06-12,29.4
2005-06-13,19.3
2005-06-14,16.8
2005-06-15,5.5
2005-06-16,NA
2005-06-17,17
2005-06-18,2
2005-06-19,18.7
2005-06-20,39.2
2005-06-21,13.6
2005-06-22,26.7
2005-06-23,13.9
2005-06-24,11.6
2005-06-25,18.7
2005-06-26,2
2005-06-27,9.3
2005-06-28,19.5
2005-06-29,24
2005-06-30,21.7
2005-07-01,25.9
2005-07-02,12.5
2005-07-03,25
2005-07-04,21
2005-07-05,23.3
2005-07-06,2
2005-07-07,16.1
2005-07-08,21.6
2005-07-09,4.2
2005-07-10,2
2005-07-11,16.4
2005-07-12,6.8
2005-07-13,15.5
2005-07-14,94.7
2005-07-15,15.7
2005-07-16,13.2
2005-07-17,18.3
2005-07-18,13.6
2005-07-19,22.3
2005-07-20,20.6
2005-07-21,25.8
2005-07-22,26.5
2005-07-23,99.1
2005-07-24,2
2005-07-25,27.8
2005-07-26,9
2005-07-27,31.3
2005-07-28,6
2005-07-29,22
2005-07-30,13.7
2005-07-31,15.6
2005-08-01,5.3
2005-08-02,7.9
2005-08-03,19.2
2005-08-04,21.7
2005-08-05,8.7
2005-08-06,15.8
2005-08-07,14.8
2005-08-08,19.8
2005-08-09,20.5
2005-08-10,19
2005-08-11,20.4
2005-08-12,26.6
2005-08-13,14.7
2005-08-14,12.6
2005-08-15,13.3
2005-08-16,25.8
2005-08-17,17.1
2005-08-18,28.5
2005-08-19,13.1
2005-08-20,24.1
2005-08-21,14.5
2005-08-22,28
2005-08-23,13.9
2005-08-24,6.7
2005-08-25,16.9
2005-08-26,22.3
2005-08-27,14.1
2005-08-28,16.8
2005-08-29,67.4
2005-08-30,15.1
2005-08-31,20.2
2005-09-01,11.1
2005-09-02,44.7
2005-09-03,23.3
2005-09-04,27
2005-09-05,10.7
2005-09-06,11.6
2005-09-07,25.1
2005-09-08,23.7
2005-09-09,20.1
2005-09-10,24.8
2005-09-11,23.6
2005-09-12,12.8
2005-09-13,24.4
2005-09-14,8.2
2005-09-15,16.8
2005-09-16,17.7
2005-09-17,35.1
2005-09-18,11.9
2005-09-19,21.1
2005-09-20,34.4
2005-09-21,30.4
2005-09-22,13.6
2005-09-23,16.7
2005-09-24,34.2
2005-09-25,42.5
2005-09-26,20.6
2005-09-27,24.9
2005-09-28,27.3
2005-09-29,14.7
2005-09-30,21.2
2005-10-01,34.1
2005-10-02,38.3
2005-10-03,28.5
2005-10-04,40.7
2005-10-05,48.9
2005-10-06,28
2005-10-07,47.3
2005-10-08,16.3
2005-10-09,32.9
2005-10-10,24.7
2005-10-11,26.9
2005-10-12,46.1
2005-10-13,23.8
2005-10-14,28.9
2005-10-15,34.7
2005-10-16,28.6
2005-10-17,33
2005-10-18,22.9
2005-10-19,22.8
2005-10-20,29.7
2005-10-21,22.9
2005-10-22,NA
2005-10-23,17.6
2005-10-24,32.3
2005-10-25,30.8
2005-10-26,27.7
2005-10-27,40.5
2005-10-28,24.1
2005-10-29,23.1
2005-10-30,NA
2005-10-31,24.7
2005-11-01,47.3
2005-11-02,34.1
2005-11-03,32.3
2005-11-04,29.2
2005-11-05,26.9
2005-11-06,21.7
2005-11-07,32
2005-11-08,26.4
2005-11-09,34.1
2005-11-10,40.6
2005-11-11,32.8
2005-11-12,35.1
2005-11-13,37.5
2005-11-14,34.6
2005-11-15,39.1
2005-11-16,41.3
2005-11-17,49
2005-11-18,37.4
2005-11-19,38.5
2005-11-20,34.8
2005-11-21,43.5
2005-11-22,35.6
2005-11-23,42.8
2005-11-24,36.4
2005-11-25,58.6
2005-11-26,53.5
2005-11-27,38.4
2005-11-28,40.4
2005-11-29,48.8
2005-11-30,40.6
2005-12-01,54.8
2005-12-02,35.6
2005-12-03,95.7
2005-12-04,30.3
2005-12-05,45.5
2005-12-06,56
2005-12-07,50.2
2005-12-08,NA
2005-12-09,48.1
2005-12-10,51.5
2005-12-11,43.6
2005-12-12,42.2
2005-12-13,42.5
2005-12-14,46.7
2005-12-15,58
2005-12-16,35.8
2005-12-17,42.2
2005-12-18,104.4
2005-12-19,51.6
2005-12-20,42.9
2005-12-21,43.1
2005-12-22,41.5
2005-12-23,43.6
2005-12-24,62.9
2005-12-25,36.6
2005-12-26,39.6
2005-12-27,49.3
2005-12-28,42.5
2005-12-29,51.5
2005-12-30,39.3
2005-12-31,52
2006-01-01,52.3
2006-01-02,56.1
2006-01-03,51.5
2006-01-04,60.3
2006-01-05,44.7
2006-01-06,50.9
2006-01-07,21.5
2006-01-08,45.3
2006-01-09,48.2
2006-01-10,47.1
2006-01-11,36.8
2006-01-12,37.7
2006-01-13,37.8
2006-01-14,50.2
2006-01-15,52.1
2006-01-16,29.6
2006-01-17,52.6
2006-01-18,38.6
2006-01-19,53.6
2006-01-20,41.1
2006-01-21,40.7
2006-01-22,56.3
2006-01-23,59.3
2006-01-24,57.7
2006-01-25,48.7
2006-01-26,44.7
2006-01-27,54.8
2006-01-28,53.5
2006-01-29,57.2
2006-01-30,39.2
2006-01-31,38.5
2006-02-01,55.9
2006-02-02,46.6
2006-02-03,41
2006-02-04,39.7
2006-02-05,40.8
2006-02-06,47.1
2006-02-07,53.5
2006-02-08,36.4
2006-02-09,40.4
2006-02-10,33.2
2006-02-11,50.4
2006-02-12,33
2006-02-13,NA
2006-02-14,67.7
2006-02-15,33.6
2006-02-16,39.8
2006-02-17,58.7
2006-02-18,47.1
2006-02-19,36
2006-02-20,46.4
2006-02-21,34.9
2006-02-22,44.7
2006-02-23,46.7
2006-02-24,101.5
2006-02-25,46.1
2006-02-26,45.9
2006-02-27,46.1
2006-02-28,45.3
2006-03-01,53.7
2006-03-02,45
2006-03-03,42.1
2006-03-04,32.6
2006-03-05,22.4
2006-03-06,58.3
2006-03-07,27.5
2006-03-08,40.5
2006-03-09,55.3
2006-03-10,52.8
2006-03-11,38.2
2006-03-12,38.6
2006-03-13,48.1
2006-03-14,36
2006-03-15,43.2
2006-03-16,33.5
2006-03-17,41.1
2006-03-18,36.9
2006-03-19,34.8
2006-03-20,28.8
2006-03-21,38.7
2006-03-22,37.6
2006-03-23,43.3
2006-03-24,37.3
2006-03-25,47.9
2006-03-26,22.2
2006-03-27,27.6
2006-03-28,28.6
2006-03-29,36.2
2006-03-30,27.8
2006-03-31,41.4
2006-04-01,42.1
2006-04-02,28
2006-04-03,29.2
2006-04-04,40.1
2006-04-05,26.5
2006-04-06,25.7
2006-04-07,30.5
2006-04-08,29.4
2006-04-09,102.6
2006-04-10,39.8
2006-04-11,37.4
2006-04-12,28.9
2006-04-13,41.7
2006-04-14,36.3
2006-04-15,30.7
2006-04-16,26.9
2006-04-17,35.6
2006-04-18,23.1
2006-04-19,17.6
2006-04-20,23.4
2006-04-21,45.9
2006-04-22,31.6
2006-04-23,26.4
2006-04-24,27.8
2006-04-25,37.9
2006-04-26,43.4
2006-04-27,21.8
2006-04-28,32.3
2006-04-29,27.6
2006-04-30,37
2006-05-01,21.2
2006-05-02,27.4
2006-05-03,40.1
2006-05-04,25.4
2006-05-05,71.5
2006-05-06,21.8
2006-05-07,41.4
2006-05-08,32.9
2006-05-09,21.8
2006-05-10,30.5
2006-05-11,15
2006-05-12,39.3
2006-05-13,39.3
2006-05-14,17.7
2006-05-15,29.7
2006-05-16,36
2006-05-17,8.5
2006-05-18,2
2006-05-19,18.2
2006-05-20,26.2
2006-05-21,21.8
2006-05-22,18.2
2006-05-23,17.2
2006-05-24,13.6
2006-05-25,26.9
2006-05-26,12.4
2006-05-27,30.8
2006-05-28,16.5
2006-05-29,29.4
2006-05-30,31.1
2006-05-31,12.8
2006-06-01,20.9
2006-06-02,26.4
2006-06-03,32.9
2006-06-04,11
2006-06-05,17.1
2006-06-06,23.4
2006-06-07,30.2
2006-06-08,30.8
2006-06-09,30
2006-06-10,33.5
2006-06-11,NA
2006-06-12,NA
2006-06-13,10.4
2006-06-14,13.9
2006-06-15,11.3
2006-06-16,18.8
2006-06-17,7.2
2006-06-18,11.2
2006-06-19,12.4
2006-06-20,20.8
2006-06-21,3.9
2006-06-22,14.6
2006-06-23,12.5
2006-06-24,35.4
2006-06-25,21.4
2006-06-26,21.6
2006-06-27,11.5
2006-06-28,21.5
2006-06-29,17.4
2006-06-30,2
2006-07-01,14.6
2006-07-02,21
2006-07-03,13.2
2006-07-04,4.8
2006-07-05,17.3
2006-07-06,21.1
2006-07-07,23.1
2006-07-08,13.8
2006-07-09,6.2
2006-07-10,9.3
2006-07-11,8.1
2006-07-12,6.4
2006-07-13,2
2006-07-14,29.1
2006-07-15,19.2
2006-07-16,22.7
2006-07-17,21.1
2006-07-18,6.3
2006-07-19,6.2
2006-07-20,23
2006-07-21,6.5
2006-07-22,22.8
2006-07-23,15.8
2006-07-24,22
2006-07-25,16.6
2006-07-26,15.7
2006-07-27,14.6
2006-07-28,2.7
2006-07-29,24
2006-07-30,16.2
2006-07-31,10.2
2006-08-01,16.6
2006-08-02,14.5
2006-08-03,2.7
2006-08-04,10.7
2006-08-05,14.5
2006-08-06,26.9
2006-08-07,22.3
2006-08-08,26.7
2006-08-09,16.6
2006-08-10,2
2006-08-11,14.9
2006-08-12,19.2
2006-08-13,26
2006-08-14,26.7
2006-08-15,20.6
2006-08-16,14.7
2006-08-17,13.6
2006-08-18,33.2
2006-08-19,21.6
2006-08-20,19.8
2006-08-21,11.1
2006-08-22,10.3
2006-08-23,17.9
2006-08-24,32.4
2006-08-25,16.6
2006-08-26,30.4
2006-08-27,27.2
2006-08-28,16.8
2006-08-29,16.4
2006-08-30,14.2
2006-08-31,16
2006-09-01,11.4
2006-09-02,10.1
2006-09-03,25.7
2006-09-04,32.3
2006-09-05,9.7
2006-09-06,7.6
2006-09-07,20.6
2006-09-08,23.3
2006-09-09,15.9
2006-09-10,33.2
2006-09-11,23.8
2006-09-12,22.9
2006-09-13,36.3
2006-09-14,42.5
2006-09-15,16
2006-09-16,35.3
2006-09-17,24.7
2006-09-18,25.5
2006-09-19,17.2
2006-09-20,35.9
2006-09-21,16.2
2006-09-22,24.7
2006-09-23,8.1
2006-09-24,9.6
2006-09-25,18.3
2006-09-26,27.8
2006-09-27,20.5
2006-09-28,31
2006-09-29,27.1
2006-09-30,24.5
2006-10-01,31.4
2006-10-02,17.4
2006-10-03,23.1
2006-10-04,24.3
2006-10-05,18.9
2006-10-06,13.7
2006-10-07,20.3
2006-10-08,32.9
2006-10-09,29.7
2006-10-10,29.4
2006-10-11,21.9
2006-10-12,21.7
2006-10-13,21.7
2006-10-14,24.6
2006-10-15,22.3
2006-10-16,NA
2006-10-17,19.7
2006-10-18,25.7
2006-10-19,88.3
2006-10-20,27.7
2006-10-21,38.5
2006-10-22,18
2006-10-23,28.5
2006-10-24,26.9
2006-10-25,30
2006-10-26,23.4
2006-10-27,39.5
2006-10-28,30
2006-10-29,35.6
2006-10-30,40.5
2006-10-31,52.1
2006-11-01,28.1
2006-11-02,41.3
2006-11-03,NA
2006-11-04,46.1
2006-11-05,17.1
2006-11-06,46.8
2006-11-07,43
2006-11-08,36.8
2006-11-09,45.4
2006-11-10,34.3
2006-11-11,36
2006-11-12,34.2
2006-11-13,34.5
2006-11-14,40.8
2006-11-15,39.6
2006-11-16,39.8
2006-11-17,33.3
2006-11-18,32.4
2006-11-19,45.7
2006-11-20,34.9
2006-11-21,33.5
2006-11-22,53.3
2006-11-23,37.1
2006-11-24,123
2006-11-25,44
2006-11-26,45.9
2006-11-27,44.5
2006-11-28,37.2
2006-11-29,57.6
2006-11-30,35.1
2006-12-01,38.6
2006-12-02,32.9
2006-12-03,27.3
2006-12-04,41
2006-12-05,43.4
2006-12-06,45.7
2006-12-07,45.2
2006-12-08,43.9
2006-12-09,49.1
2006-12-10,35.6
2006-12-11,45
2006-12-12,39.9
2006-12-13,49.7
2006-12-14,49.7
2006-12-15,54.7
2006-12-16,55.2
2006-12-17,41.9
2006-12-18,41.9
2006-12-19,52.7
2006-12-20,42.6
2006-12-21,51.2
2006-12-22,50.3
2006-12-23,73.8
2006-12-24,49.6
2006-12-25,58.8
2006-12-26,41.7
2006-12-27,41.3
2006-12-28,42.4
2006-12-29,39
2006-12-30,44.4
2006-12-31,31.5
2007-01-01,43.4
2007-01-02,49.2
2007-01-03,46
2007-01-04,26.7
2007-01-05,59.6
2007-01-06,34.8
2007-01-07,41.4
2007-01-08,26.1
2007-01-09,42.9
2007-01-10,47.1
2007-01-11,47.3
2007-01-12,43.6
2007-01-13,77.6
2007-01-14,41.2
2007-01-15,43.5
2007-01-16,63.2
2007-01-17,62.6
2007-01-18,69.5
2007-01-19,49.7
2007-01-20,51.1
2007-01-21,38.9
2007-01-22,46.3
2007-01-23,49.6
2007-01-24,46.1
2007-01-25,39.3
2007-01-26,44.7
2007-01-27,44.6
2007-01-28,41.3
2007-01-29,48.1
2007-01-30,NA
2007-01-31,44.9
2007-02-01,41.4
2007-02-02,47.6
2007-02-03,42.1
2007-02-04,58.2
2007-02-05,45.6
2007-02-06,48.7
2007-02-07,56.4
2007-02-08,43.7
2007-02-09,35.6
2007-02-10,42.6
2007-02-11,35.4
2007-02-12,50.1
2007-02-13,51
2007-02-14,27.6
2007-02-15,43
2007-02-16,42.8
2007-02-17,47.2
2007-02-18,38.5
2007-02-19,45.5
2007-02-20,37.5
2007-02-21,40.7
2007-02-22,50.7
2007-02-23,34.1
2007-02-24,42.8
2007-02-25,45.8
2007-02-26,38.4
2007-02-27,38
2007-02-28,39.7
2007-03-01,37
2007-03-02,49.4
2007-03-03,52.8
2007-03-04,41.4
2007-03-05,NA
2007-03-06,32.9
2007-03-07,52
2007-03-08,54.2
2007-03-09,43.2
2007-03-10,47.1
2007-03-11,43.5
2007-03-12,36.9
2007-03-13,45.5
2007-03-14,37
2007-03-15,27.7
2007-03-16,29.1
2007-03-17,43
2007-03-18,37.4
2007-03-19,27.4
2007-03-20,35.3
2007-03-21,39.5
2007-03-22,26.1
2007-03-23,46.4
2007-03-24,83.3
2007-03-25,41.4
2007-03-26,33.8
2007-03-27,30.5
2007-03-28,38
2007-03-29,23.5
2007-03-30,46.4
2007-03-31,33.8
2007-04-01,35.9
2007-04-02,35.2
2007-04-03,41.2
2007-04-04,27.5
2007-04-05,25.5
2007-04-06,37.2
2007-04-07,32.7
2007-04-08,30.1
2007-04-09,24.5
2007-04-10,31.5
2007-04-11,22.5
2007-04-12,NA
2007-04-13,20.4
2007-04-14,28.6
2007-04-15,13.4
2007-04-16,31.2
2007-04-17,44.2
2007-04-18,29
2007-04-19,12.8
2007-04-20,32.8
2007-04-21,53.1
2007-04-22,31.9
2007-04-23,28.2
2007-04-24,35.6
2007-04-25,24.8
2007-04-26,19.9
2007-04-27,NA
2007-04-28,22.5
2007-04-29,31
2007-04-30,20.6
2007-05-01,34.9
2007-05-02,NA
2007-05-03,31.8
2007-05-04,21.8
2007-05-05,27.7
2007-05-06,34.6
2007-05-07,30.7
2007-05-08,29.2
2007-05-09,36.8
2007-05-10,27.7
2007-05-11,26.1
2007-05-12,7.8
2007-05-13,34.2
2007-05-14,18.1
2007-05-15,18
2007-05-16,23
2007-05-17,17
2007-05-18,13.2
2007-05-19,3.3
2007-05-20,22.2
2007-05-21,21.5
2007-05-22,7
2007-05-23,14.9
2007-05-24,20.1
2007-05-25,18.9
2007-05-26,9.3
2007-05-27,20.5
2007-05-28,14.7
2007-05-29,15.1
2007-05-30,38.1
2007-05-31,17
2007-06-01,8.8
2007-06-02,17.4
2007-06-03,24.1
2007-06-04,30.8
2007-06-05,13.4
2007-06-06,8
2007-06-07,28.5
2007-06-08,29.2
2007-06-09,12.9
2007-06-10,9.3
2007-06-11,12.8
2007-06-12,16.4
2007-06-13,23.7
2007-06-14,14.2
2007-06-15,NA
2007-06-16,NA
2007-06-17,4.9
2007-06-18,16.6
2007-06-19,16.7
2007-06-20,2
2007-06-21,26.8
2007-06-22,5.2
2007-06-23,24.2
2007-06-24,31.9
2007-06-25,13.6
2007-06-26,2
2007-06-27,13.2
2007-06-28,13.3
2007-06-29,12.2
2007-06-30,25.9
2007-07-01,7.5
2007-07-02,23.3
2007-07-03,14.5
2007-07-04,2.4
2007-07-05,23.1
2007-07-06,26.7
2007-07-07,3.5
2007-07-08,11
2007-07-09,28.7
2007-07-10,22.4
2007-07-11,26.6
2007-07-12,15.9
2007-07-13,24.4
2007-07-14,2
2007-07-15,16.8
2007-07-16,6.4
2007-07-17,7.5
2007-07-18,16.2
2007-07-19,20.3
2007-07-20,23.2
2007-07-21,33.7
2007-07-22,21.9
2007-07-23,17.2
2007-07-24,2
2007-07-25,23.3
2007-07-26,12.9
2007-07-27,21.2
2007-07-28,8.6
2007-07-29,14.6
2007-07-30,12.6
2007-07-31,17.8
2007-08-01,17.2
2007-08-02,31.3
2007-08-03,30.2
2007-08-04,17.3
2007-08-05,20.4
2007-08-06,29.6
2007-08-07,21.6
2007-08-08,11.9
2007-08-09,2
2007-08-10,23.3
2007-08-11,14.9
2007-08-12,18.1
2007-08-13,20.6
2007-08-14,10.2
2007-08-15,11.9
2007-08-16,32.5
2007-08-17,16.9
2007-08-18,19.2
2007-08-19,9.3
2007-08-20,22.6
2007-08-21,9.7
2007-08-22,6.6
2007-08-23,14.2
2007-08-24,2.5
2007-08-25,12.8
2007-08-26,6.6
2007-08-27,19.3
2007-08-28,16.1
2007-08-29,25.8
2007-08-30,11.5
2007-08-31,10.2
2007-09-01,18.4
2007-09-02,22.4
2007-09-03,4.6
2007-09-04,12.5
2007-09-05,20.5
2007-09-06,8.4
2007-09-07,25.1
2007-09-08,22.2
2007-09-09,25.6
2007-09-10,16.2
2007-09-11,11.2
2007-09-12,15.9
2007-09-13,19.8
2007-09-14,10.2
2007-09-15,93.8
2007-09-16,19.1
2007-09-17,18.7
2007-09-18,25.5
2007-09-19,15.3
2007-09-20,25.9
2007-09-21,26.5
2007-09-22,26.1
2007-09-23,28.2
2007-09-24,20.7
2007-09-25,16.9
2007-09-26,15.4
2007-09-27,13.3
2007-09-28,23.9
2007-09-29,31
2007-09-30,20.6
2007-10-01,28.3
2007-10-02,29.4
2007-10-03,20.4
2007-10-04,24.8
2007-10-05,NA
2007-10-06,18.1
2007-10-07,16.5
2007-10-08,23.1
2007-10-09,24.5
2007-10-10,20.7
2007-10-11,27.4
2007-10-12,22.9
2007-10-13,25.5
2007-10-14,22.7
2007-10-15,33.5
2007-10-16,39.3
2007-10-17,26.1
2007-10-18,29
2007-10-19,34.3
2007-10-20,47.9
2007-10-21,32.7
2007-10-22,26.2
2007-10-23,55.6
2007-10-24,NA
2007-10-25,34.4
2007-10-26,28.3
2007-10-27,19.7
2007-10-28,29.3
2007-10-29,37.5
2007-10-30,27.9
2007-10-31,30.8
2007-11-01,38.7
2007-11-02,36.9
2007-11-03,27.3
2007-11-04,30.6
2007-11-05,31.2
2007-11-06,34.1
2007-11-07,NA
2007-11-08,42.5
2007-11-09,51.8
2007-11-10,35.8
2007-11-11,34.7
2007-11-12,39.6
2007-11-13,25
2007-11-14,36.1
2007-11-15,34.1
2007-11-16,42.2
2007-11-17,45.1
2007-11-18,39
2007-11-19,30
2007-11-20,35.7
2007-11-21,40.9
2007-11-22,26.6
2007-11-23,53.6
2007-11-24,44.3
2007-11-25,31.8
2007-11-26,38.4
2007-11-27,37.8
2007-11-28,41.1
2007-11-29,35.7
2007-11-30,37.6
2007-12-01,49.7
2007-12-02,50.2
2007-12-03,57.2
2007-12-04,40.2
2007-12-05,37.9
2007-12-06,42.7
2007-12-07,45.6
2007-12-08,41.6
2007-12-09,56.5
2007-12-10,49.3
2007-12-11,56.5
2007-12-12,40.5
2007-12-13,39.7
2007-12-14,35.7
2007-12-15,36.3
2007-12-16,51
2007-12-17,45
2007-12-18,52
2007-12-19,54.8
2007-12-20,30.9
2007-12-21,40.7
2007-12-22,33.8
2007-12-23,49.1
2007-12-24,39.5
2007-12-25,36.7
2007-12-26,39.1
2007-12-27,35.6
2007-12-28,34.6
2007-12-29,30.5
2007-12-30,50.6
2007-12-31,55.5
2008-01-01,34.4
2008-01-02,58
2008-01-03,44.7
2008-01-04,NA
2008-01-05,46.7
2008-01-06,46.4
2008-01-07,36
2008-01-08,41.8
2008-01-09,41
2008-01-10,41.7
2008-01-11,37.7
2008-01-12,31.4
2008-01-13,46.7
2008-01-14,46.8
2008-01-15,46.9
2008-01-16,40.9
2008-01-17,48.7
2008-01-18,38.1
2008-01-19,51.2
2008-01-20,51.9
2008-01-21,38.6
2008-01-22,51.3
2008-01-23,33
2008-01-24,46.4
2008-01-25,42.6
2008-01-26,52.5
2008-01-27,49.4
2008-01-28,45.4
2008-01-29,38.3
2008-01-30,38.4
2008-01-31,39.3
2008-02-01,30.8
2008-02-02,41.6
2008-02-03,48.7
2008-02-04,41.7
2008-02-05,35.3
2008-02-06,46.8
2008-02-07,44.7
2008-02-08,36.9
2008-02-09,49.2
2008-02-10,40.9
2008-02-11,52.9
2008-02-12,29.5
2008-02-13,49.7
2008-02-14,50.3
2008-02-15,47.3
2008-02-16,41.1
2008-02-17,51.6
2008-02-18,59.5
2008-02-19,33.7
2008-02-20,NA
2008-02-21,42.6
2008-02-22,40.2
2008-02-23,36.5
2008-02-24,45.6
2008-02-25,46
2008-02-26,50.3
2008-02-27,40.2
2008-02-28,46.4
2008-02-29,119.5
2008-03-01,40.5
2008-03-02,50.5
2008-03-03,51.5
2008-03-04,38.3
2008-03-05,39
2008-03-06,41.7
2008-03-07,30
2008-03-08,40.8
2008-03-09,41.6
2008-03-10,43.7
2008-03-11,53.6
2008-03-12,70.2
2008-03-13,37.7
2008-03-14,NA
2008-03-15,47.9
2008-03-16,40.8
2008-03-17,46.6
2008-03-18,29.7
2008-03-19,51.4
2008-03-20,39.7
2008-03-21,42.1
2008-03-22,36.8
2008-03-23,34.2
2008-03-24,39.6
2008-03-25,31.5
2008-03-26,42.2
2008-03-27,35.9
2008-03-28,28.8
2008-03-29,36.3
2008-03-30,39.9
2008-03-31,33.8
2008-04-01,26.3
2008-04-02,51.8
2008-04-03,19.8
2008-04-04,35.6
2008-04-05,24.1
2008-04-06,44.9
2008-04-07,NA
2008-04-08,23.5
2008-04-09,45.8
2008-04-10,28
2008-04-11,18.7
2008-04-12,22.7
2008-04-13,26.8
2008-04-14,31.2
2008-04-15,28.4
2008-04-16,29.5
2008-04-17,22.4
2008-04-18,30.2
2008-04-19,26.3
2008-04-20,31.7
2008-04-21,24.4
2008-04-22,20.7
2008-04-23,31.6
2008-04-24,29.4
2008-04-25,24.8
2008-04-26,26.5
2008-04-27,26.9
2008-04-28,33.4
2008-04-29,18.4
2008-04-30,20
2008-05-01,34.8
2008-05-02,13.9
2008-05-03,27.3
2008-05-04,21
2008-05-05,22.5
2008-05-06,26
2008-05-07,7.6
2008-05-08,14.9
2008-05-09,NA
2008-05-10,24
2008-05-11,24.6
2008-05-12,100
2008-05-13,17.6
2008-05-14,27.7
2008-05-15,29
2008-05-16,18.5
2008-05-17,21.1
2008-05-18,15.3
2008-05-19,9.9
2008-05-20,18.7
2008-05-21,34.5
2008-05-22,22.4
2008-05-23,26.9
2008-05-24,21.2
2008-05-25,28.5
2008-05-26,19.9
2008-05-27,14.1
2008-05-28,13
2008-05-29,29.2
2008-05-30,31.4
2008-05-31,11.9
2008-06-01,27.2
2008-06-02,18.2
2008-06-03,13.9
2008-06-04,8.6
2008-06-05,7.2
2008-06-06,16.3
2008-06-07,34.2
2008-06-08,27.3
2008-06-09,13.1
2008-06-10,NA
2008-06-11,17.8
2008-06-12,12.6
2008-06-13,4.3
2008-06-14,7.3
2008-06-15,33
2008-06-16,29.6
2008-06-17,14.8
2008-06-18,25.2
2008-06-19,16.7
2008-06-20,11
2008-06-21,11
2008-06-22,18.4
2008-06-23,4.8
2008-06-24,13.9
2008-06-25,22.8
2008-06-26,18.1
2008-06-27,14.9
2008-06-28,25.7
2008-06-29,17.4
2008-06-30,10.5
2008-07-01,11.5
2008-07-02,18.2
2008-07-03,53.5
2008-07-04,22
2008-07-05,15.9
2008-07-06,29.8
2008-07-07,16.7
2008-07-08,17.1
2008-07-09,15.6
2008-07-10,11.8
2008-07-11,22.1
2008-07-12,9.7
2008-07-13,10.1
2008-07-14,22
2008-07-15,31.8
2008-07-16,14.8
2008-07-17,10.5
2008-07-18,29.5
2008-07-19,15.8
2008-07-20,15.1
2008-07-21,17.5
2008-07-22,2
2008-07-23,9.9
2008-07-24,22.7
2008-07-25,2.4
2008-07-26,23.5
2008-07-27,24.1
2008-07-28,2
2008-07-29,24.7
2008-07-30,34
2008-07-31,15.9
2008-08-01,25
2008-08-02,12.5
2008-08-03,20.1
2008-08-04,16
2008-08-05,NA
2008-08-06,12.5
2008-08-07,NA
2008-08-08,8.5
2008-08-09,9.1
2008-08-10,23.2
2008-08-11,21.1
2008-08-12,25.6
2008-08-13,19.8
2008-08-14,14.5
2008-08-15,10.3
2008-08-16,10.3
2008-08-17,7.3
2008-08-18,17.6
2008-08-19,24.4
2008-08-20,13.5
2008-08-21,17.6
2008-08-22,3
2008-08-23,9.7
2008-08-24,25.6
2008-08-25,21.5
2008-08-26,14.3
2008-08-27,10.2
2008-08-28,6.7
2008-08-29,18.3
2008-08-30,33.8
2008-08-31,32.5
2008-09-01,21.9
2008-09-02,25.2
2008-09-03,21.9
2008-09-04,6.6
2008-09-05,46.6
2008-09-06,28.3
2008-09-07,20.8
2008-09-08,30.1
2008-09-09,32.1
2008-09-10,16.3
2008-09-11,27.8
2008-09-12,24.7
2008-09-13,15.3
2008-09-14,23.1
2008-09-15,9.2
2008-09-16,34.6
2008-09-17,20.9
2008-09-18,23.8
2008-09-19,23.6
2008-09-20,32.9
2008-09-21,41.8
2008-09-22,19.2
2008-09-23,18.1
2008-09-24,24.8
2008-09-25,19.1
2008-09-26,26.2
2008-09-27,41.5
2008-09-28,37.4
2008-09-29,23.6
2008-09-30,30.8
2008-10-01,31.2
2008-10-02,33.9
2008-10-03,26.6
2008-10-04,32
2008-10-05,21.6
2008-10-06,30.8
2008-10-07,35.4
2008-10-08,29.9
2008-10-09,21.8
2008-10-10,21.8
2008-10-11,35.9
2008-10-12,23.4
2008-10-13,22.1
2008-10-14,28.9
2008-10-15,28.1
2008-10-16,25.1
2008-10-17,28.9
2008-10-18,22.9
2008-10-19,55
2008-10-20,26.3
2008-10-21,33.6
2008-10-22,28.5
2008-10-23,42.4
2008-10-24,35.6
2008-10-25,31.7
2008-10-26,31.7
2008-10-27,26.3
2008-10-28,31.6
2008-10-29,39.8
2008-10-30,45.6
2008-10-31,31.3
2008-11-01,48.8
2008-11-02,42.7
2008-11-03,28.7
2008-11-04,27.6
2008-11-05,25.5
2008-11-06,28.6
2008-11-07,42.4
2008-11-08,43.9
2008-11-09,41.7
2008-11-10,50.7
2008-11-11,31.1
2008-11-12,34
2008-11-13,32.8
2008-11-14,66
2008-11-15,39.5
2008-11-16,45.2
2008-11-17,39.6
2008-11-18,38.7
2008-11-19,33.3
2008-11-20,45.2
2008-11-21,22.3
2008-11-22,26.2
2008-11-23,51.2
2008-11-24,29.2
2008-11-25,39.9
2008-11-26,40.9
2008-11-27,39.8
2008-11-28,28.7
2008-11-29,41
2008-11-30,41
2008-12-01,37.4
2008-12-02,42.3
2008-12-03,39.5
2008-12-04,30
2008-12-05,51.8
2008-12-06,38.6
2008-12-07,41.9
2008-12-08,38
2008-12-09,52.1
2008-12-10,35.7
2008-12-11,42
2008-12-12,40
2008-12-13,31.2
2008-12-14,NA
2008-12-15,43.4
2008-12-16,45.1
2008-12-17,44
2008-12-18,48.8
2008-12-19,36.1
2008-12-20,47
2008-12-21,35.2
2008-12-22,41.1
2008-12-23,36.3
2008-12-24,32.3
2008-12-25,41.1
2008-12-26,46.6
2008-12-27,51.5
2008-12-28,NA
2008-12-29,44.9
2008-12-30,63.7
2008-12-31,45.2
2009-01-01,50.4
2009-01-02,56.1
2009-01-03,22.6
2009-01-04,37.1
2009-01-05,42.4
2009-01-06,47.1
2009-01-07,48.3
2009-01-08,69.8
2009-01-09,42.9
2009-01-10,45.6
2009-01-11,36.5
2009-01-12,36.2
2009-01-13,55
2009-01-14,38.8
2009-01-15,31
2009-01-16,32.3
2009-01-17,45.4
2009-01-18,49.6
2009-01-19,61.7
2009-01-20,43.7
2009-01-21,54.6
2009-01-22,36.4
2009-01-23,23.8
2009-01-24,39.1
2009-01-25,36.9
2009-01-26,37.7
2009-01-27,43
2009-01-28,65.7
2009-01-29,46
2009-01-30,40
2009-01-31,53
2009-02-01,44.1
2009-02-02,31.1
2009-02-03,30.8
2009-02-04,37.2
2009-02-05,48.1
2009-02-06,53.9
2009-02-07,42
2009-02-08,45.3
2009-02-09,38.4
2009-02-10,41
2009-02-11,42.6
2009-02-12,59.7
2009-02-13,47.4
2009-02-14,47
2009-02-15,30.8
2009-02-16,65.5
2009-02-17,34.5
2009-02-18,38.2
2009-02-19,36.6
2009-02-20,39.4
2009-02-21,41.5
2009-02-22,22.7
2009-02-23,40.1
2009-02-24,47.1
2009-02-25,47.2
2009-02-26,43.5
2009-02-27,59.6
2009-02-28,46.7
2009-03-01,146.9
2009-03-02,44.7
2009-03-03,43.4
2009-03-04,35.2
2009-03-05,43.1
2009-03-06,33.2
2009-03-07,31.2
2009-03-08,36.6
2009-03-09,40.2
2009-03-10,130.5
2009-03-11,40.8
2009-03-12,36
2009-03-13,45.4
2009-03-14,49
2009-03-15,42.2
2009-03-16,40.5
2009-03-17,37.3
2009-03-18,52.3
2009-03-19,44.1
2009-03-20,41.9
2009-03-21,44.4
2009-03-22,48.2
2009-03-23,16.6
2009-03-24,45.5
2009-03-25,33.3
2009-03-26,31.2
2009-03-27,30.4
2009-03-28,24.1
2009-03-29,40.1
2009-03-30,32.8
2009-03-31,47.6
2009-04-01,35.1
2009-04-02,32.9
2009-04-03,22.2
2009-04-04,41.5
2009-04-05,27.7
2009-04-06,19.8
2009-04-07,33.7
2009-04-08,19.8
2009-04-09,35.8
2009-04-10,36.9
2009-04-11,11.3
2009-04-12,30.8
2009-04-13,39.7
2009-04-14,27.9
2009-04-15,34.5
2009-04-16,24.2
2009-04-17,26.8
2009-04-18,40.4
2009-04-19,38.2
2009-04-20,22.6
2009-04-21,65.6
2009-04-22,15.7
2009-04-23,30.2
2009-04-24,17.4
2009-04-25,24.6
2009-04-26,25.3
2009-04-27,16.4
2009-04-28,22
2009-04-29,30.9
2009-04-30,21.9
2009-05-01,31
2009-05-02,29.8
2009-05-03,19.4
2009-05-04,35.8
2009-05-05,17.4
2009-05-06,31.4
2009-05-07,22.1
2009-05-08,23.5
2009-05-09,NA
2009-05-10,25.6
2009-05-11,26.2
2009-05-12,19.1
2009-05-13,18.4
2009-05-14,2.4
2009-05-15,32.8
2009-05-16,23.9
2009-05-17,9.4
2009-05-18,26.5
2009-05-19,22.5
2009-05-20,11.9
2009-05-21,29.1
2009-05-22,32.7
2009-05-23,30.4
2009-05-24,23.2
2009-05-25,19.4
2009-05-26,34.7
2009-05-27,23.1
2009-05-28,14.4
2009-05-29,12.7
2009-05-30,2.1
2009-05-31,22.4
2009-06-01,19.2
2009-06-02,5.3
2009-06-03,28.2
2009-06-04,39.6
2009-06-05,20.6
2009-06-06,11.4
2009-06-07,18.5
2009-06-08,24.8
2009-06-09,16.7
2009-06-10,24.8
2009-06-11,10.5
2009-06-12,2
2009-06-13,12.5
2009-06-14,14
2009-06-15,25.2
2009-06-16,7.8
2009-06-17,25.1
2009-06-18,13.3
2009-06-19,26.3
2009-06-20,4.3
2009-06-21,16.4
2009-06-22,9
2009-06-23,28.4
2009-06-24,13
2009-06-25,11
2009-06-26,NA
2009-06-27,6
2009-06-28,18.8
2009-06-29,21.3
2009-06-30,17.7
2009-07-01,14.3
2009-07-02,19.9
2009-07-03,14.7
2009-07-04,18.3
2009-07-05,41.4
2009-07-06,19.2
2009-07-07,5.1
2009-07-08,9.1
2009-07-09,15
2009-07-10,7.6
2009-07-11,2.1
2009-07-12,2
2009-07-13,20.8
2009-07-14,16.6
2009-07-15,5.4
2009-07-16,NA
2009-07-17,18.2
2009-07-18,20
2009-07-19,9
2009-07-20,21.9
2009-07-21,4.4
2009-07-22,24.6
2009-07-23,24
2009-07-24,17.8
2009-07-25,3.3
2009-07-26,9.2
2009-07-27,14.2
2009-07-28,4.7
2009-07-29,13.8
2009-07-30,8.1
2009-07-31,22.6
2009-08-01,25
2009-08-02,9.2
2009-08-03,26.3
2009-08-04,20.7
2009-08-05,18.5
2009-08-06,15.6
2009-08-07,23.9
2009-08-08,33.6
2009-08-09,NA
2009-08-10,15.8
2009-08-11,12.6
2009-08-12,29.7
2009-08-13,20.3
2009-08-14,6.3
2009-08-15,25.9
2009-08-16,19.3
2009-08-17,152
2009-08-18,32.3
2009-08-19,19.1
2009-08-20,2.7
2009-08-21,22
2009-08-22,18.5
2009-08-23,13.9
2009-08-24,22.8
2009-08-25,11.4
2009-08-26,13.3
2009-08-27,22.4
2009-08-28,18.9
2009-08-29,22.1
2009-08-30,12.3
2009-08-31,14.5
2009-09-01,114.2
2009-09-02,14.3
2009-09-03,22.8
2009-09-04,19.3
2009-09-05,10.6
2009-09-06,2
2009-09-07,22.5
2009-09-08,19.5
2009-09-09,16.4
2009-09-10,13.8
2009-09-11,18.1
2009-09-12,26
2009-09-13,11.9
2009-09-14,28.7
2009-09-15,27.9
2009-09-16,18.6
2009-09-17,26.4
2009-09-18,10.8
2009-09-19,22.7
2009-09-20,37
2009-09-21,22
2009-09-22,23.6
2009-09-23,17.2
2009-09-24,30.1
2009-09-25,22.9
2009-09-26,36
2009-09-27,24.5
2009-09-28,18.1
2009-09-29,31.3
2009-09-30,12.8
2009-10-01,16.9
2009-10-02,21.1
2009-10-03,38.7
2009-10-04,29
2009-10-05,27.7
2009-10-06,16.8
2009-10-07,27.8
2009-10-08,30.3
2009-10-09,38.9
2009-10-10,26.3
2009-10-11,47.2
2009-10-12,33.3
2009-10-13,29.5
2009-10-14,15.2
2009-10-15,16.2
2009-10-16,27.3
2009-10-17,28.5
2009-10-18,32.1
2009-10-19,19.6
2009-10-20,33.5
2009-10-21,30.5
2009-10-22,30.8
2009-10-23,37.5
2009-10-24,48.4
2009-10-25,30.3
2009-10-26,29.9
2009-10-27,10.2
2009-10-28,51.9
2009-10-29,33.7
2009-10-30,15.4
2009-10-31,35.3
2009-11-01,45.8
2009-11-02,42.5
2009-11-03,53.9
2009-11-04,38.6
2009-11-05,32.6
2009-11-06,43.9
2009-11-07,42.3
2009-11-08,29.1
2009-11-09,39.7
2009-11-10,38.2
2009-11-11,32.7
2009-11-12,41.1
2009-11-13,40
2009-11-14,14.5
2009-11-15,32
2009-11-16,37.3
2009-11-17,33.4
2009-11-18,32.2
2009-11-19,45.9
2009-11-20,39.6
2009-11-21,41.3
2009-11-22,35.8
2009-11-23,42.5
2009-11-24,40.1
2009-11-25,46.5
2009-11-26,36.8
2009-11-27,39
2009-11-28,30.5
2009-11-29,38
2009-11-30,43.2
2009-12-01,41.6
2009-12-02,33.3
2009-12-03,36.7
2009-12-04,46
2009-12-05,46.9
2009-12-06,59.7
2009-12-07,51.7
2009-12-08,44
2009-12-09,38
2009-12-10,33.3
2009-12-11,46.3
2009-12-12,39.6
2009-12-13,NA
2009-12-14,43.5
2009-12-15,28.9
2009-12-16,30.7
2009-12-17,44.3
2009-12-18,42.6
2009-12-19,37.3
2009-12-20,48.6
2009-12-21,43.2
2009-12-22,39
2009-12-23,32.6
2009-12-24,NA
2009-12-25,41
2009-12-26,27.4
2009-12-27,39.3
2009-12-28,75.8
2009-12-29,48.2
2009-12-30,58.5
2009-12-31,50.8
2010-01-01,42
2010-01-02,28.7
2010-01-03,34.7
2010-01-04,43.2
2010-01-05,51.3
2010-01-06,35.9
2010-01-07,46.9
2010-01-08,47.1
2010-01-09,42.8
2010-01-10,53.8
2010-01-11,61.3
2010-01-12,30.2
2010-01-13,44
2010-01-14,53.9
2010-01-15,47.6
2010-01-16,39
2010-01-17,48.2
2010-01-18,49.8
2010-01-19,37.2
2010-01-20,42.3
2010-01-21,40.8
2010-01-22,39.2
2010-01-23,50.5
2010-01-24,39.3
2010-01-25,51.7
2010-01-26,43.7
2010-01-27,51
2010-01-28,63.5
2010-01-29,52
2010-01-30,46.7
2010-01-31,36.3
2010-02-01,45.8
2010-02-02,32.7
2010-02-03,33.7
2010-02-04,34
2010-02-05,58.8
2010-02-06,41.6
2010-02-07,37.1
2010-02-08,52.9
2010-02-09,44
2010-02-10,39.5
2010-02-11,40.6
2010-02-12,40.6
2010-02-13,48.3
2010-02-14,29.8
2010-02-15,28.9
2010-02-16,48.8
2010-02-17,47.4
2010-02-18,55.8
2010-02-19,47.4
2010-02-20,43.6
2010-02-21,46.5
2010-02-22,25.4
2010-02-23,41.8
2010-02-24,115.9
2010-02-25,45.6
2010-02-26,41.3
2010-02-27,52.2
2010-02-28,43.6
2010-03-01,43.5
2010-03-02,46.8
2010-03-03,41.2
2010-03-04,34.6
2010-03-05,35.8
2010-03-06,30.6
2010-03-07,50
2010-03-08,34.9
2010-03-09,28.8
2010-03-10,35.9
2010-03-11,13.2
2010-03-12,33.6
2010-03-13,51.4
2010-03-14,38.1
2010-03-15,44.4
2010-03-16,47.7
2010-03-17,50.9
2010-03-18,30.4
2010-03-19,39.9
2010-03-20,25.2
2010-03-21,25.6
2010-03-22,37.4
2010-03-23,36.3
2010-03-24,32.1
2010-03-25,25.3
2010-03-26,30.2
2010-03-27,47.3
2010-03-28,32
2010-03-29,42.4
2010-03-30,19.6
2010-03-31,39.6
2010-04-01,122.5
2010-04-02,3.2
2010-04-03,20.7
2010-04-04,12.1
2010-04-05,24.5
2010-04-06,47.3
2010-04-07,39.8
2010-04-08,28.5
2010-04-09,30.2
2010-04-10,32.9
2010-04-11,31.8
2010-04-12,41.5
2010-04-13,28.6
2010-04-14,27.3
2010-04-15,25.6
2010-04-16,31.7
2010-04-17,15.1
2010-04-18,25.1
2010-04-19,38.4
2010-04-20,27
2010-04-21,47
2010-04-22,17.6
2010-04-23,23.6
2010-04-24,38
2010-04-25,40.8
2010-04-26,29.9
2010-04-27,28.7
2010-04-28,10.5
2010-04-29,25.1
2010-04-30,29.9
2010-05-01,29.9
2010-05-02,26
2010-05-03,86.6
2010-05-04,17.6
2010-05-05,22.5
2010-05-06,24.7
2010-05-07,20.9
2010-05-08,26.9
2010-05-09,15.9
2010-05-10,25.5
2010-05-11,8.4
2010-05-12,28.6
2010-05-13,21.2
2010-05-14,25.8
2010-05-15,20.1
2010-05-16,23.7
2010-05-17,80.8
2010-05-18,21.8
2010-05-19,10.6
2010-05-20,24.2
2010-05-21,28.4
2010-05-22,23
2010-05-23,19.7
2010-05-24,15.3
2010-05-25,14.9
2010-05-26,12.7
2010-05-27,21
2010-05-28,25.1
2010-05-29,33.3
2010-05-30,5.4
2010-05-31,25.4
2010-06-01,9.4
2010-06-02,5.2
2010-06-03,33.1
2010-06-04,13.6
2010-06-05,15
2010-06-06,41.2
2010-06-07,21.7
2010-06-08,16.7
2010-06-09,13.9
2010-06-10,26.5
2010-06-11,14
2010-06-12,21.3
2010-06-13,4.1
2010-06-14,26.4
2010-06-15,13
2010-06-16,24.9
2010-06-17,2
2010-06-18,4.6
2010-06-19,29.8
2010-06-20,5.6
2010-06-21,16.9
2010-06-22,25.1
2010-06-23,19
2010-06-24,14.8
2010-06-25,23.2
2010-06-26,41.7
2010-06-27,12.4
2010-06-28,16.1
2010-06-29,18.6
2010-06-30,21
2010-07-01,20.5
2010-07-02,16.6
2010-07-03,2.4
2010-07-04,19.6
2010-07-05,16.1
2010-07-06,15.4
2010-07-07,8.4
2010-07-08,25
2010-07-09,24.6
2010-07-10,10.2
2010-07-11,14.7
2010-07-12,5.9
2010-07-13,19.3
2010-07-14,6.4
2010-07-15,22
2010-07-16,4.8
2010-07-17,32.6
2010-07-18,22.6
2010-07-19,20.6
2010-07-20,7
2010-07-21,14.4
2010-07-22,23.2
2010-07-23,12.7
2010-07-24,18.7
2010-07-25,8.8
2010-07-26,12.2
2010-07-27,21.4
2010-07-28,9.9
2010-07-29,2
2010-07-30,2
2010-07-31,10.2
2010-08-01,26
2010-08-02,11.5
2010-08-03,10.9
2010-08-04,15.8
2010-08-05,14.8
2010-08-06,18.6
2010-08-07,18.2
2010-08-08,11.6
2010-08-09,29.3
2010-08-10,17.8
2010-08-11,30.5
2010-08-12,11.2
2010-08-13,19.6
2010-08-14,17.4
2010-08-15,21.5
2010-08-16,10.4
2010-08-17,8.8
2010-08-18,16.2
2010-08-19,21.4
2010-08-20,7.7
2010-08-21,22.4
2010-08-22,24.6
2010-08-23,17.5
2010-08-24,21.9
2010-08-25,15.9
2010-08-26,20.4
2010-08-27,9.7
2010-08-28,2
2010-08-29,20.6
2010-08-30,25
2010-08-31,15.7
2010-09-01,15.6
2010-09-02,11.1
2010-09-03,13.7
2010-09-04,29
2010-09-05,10.6
2010-09-06,13.8
2010-09-07,15.9
2010-09-08,17.1
2010-09-09,17.4
2010-09-10,22.4
2010-09-11,14.6
2010-09-12,25.3
2010-09-13,10.4
2010-09-14,26.1
2010-09-15,13.1
2010-09-16,25.4
2010-09-17,26.4
2010-09-18,46.7
2010-09-19,172.9
2010-09-20,23.6
2010-09-21,22.5
2010-09-22,33.6
2010-09-23,26.5
2010-09-24,29.1
2010-09-25,18.9
2010-09-26,26.7
2010-09-27,23.9
2010-09-28,NA
2010-09-29,26.7
2010-09-30,19.3
2010-10-01,18.2
2010-10-02,32
2010-10-03,27.6
2010-10-04,25.9
2010-10-05,88
2010-10-06,14.5
2010-10-07,26.1
2010-10-08,35
2010-10-09,30.2
2010-10-10,26.8
2010-10-11,18.4
2010-10-12,38.5
2010-10-13,43.6
2010-10-14,35.5
2010-10-15,90.4
2010-10-16,14.2
2010-10-17,33.8
2010-10-18,35
2010-10-19,28.1
2010-10-20,27.5
2010-10-21,44.2
2010-10-22,33.9
2010-10-23,41.9
2010-10-24,29.2
2010-10-25,23.9
2010-10-26,15
2010-10-27,38.3
2010-10-28,23
2010-10-29,50.5
2010-10-30,36.8
2010-10-31,36.9
2010-11-01,34.3
2010-11-02,38.8
2010-11-03,53.4
2010-11-04,32.8
2010-11-05,30.2
2010-11-06,35.2
2010-11-07,34.5
2010-11-08,19
2010-11-09,36.7
2010-11-10,33.7
2010-11-11,34.4
2010-11-12,31.8
2010-11-13,28.2
2010-11-14,42.1
2010-11-15,29.6
2010-11-16,32.2
2010-11-17,41.3
2010-11-18,NA
2010-11-19,33.7
2010-11-20,38.5
2010-11-21,27.1
2010-11-22,32.9
2010-11-23,37.9
2010-11-24,52.1
2010-11-25,34.7
2010-11-26,37.5
2010-11-27,31.4
2010-11-28,31.3
2010-11-29,50.1
2010-11-30,NA
2010-12-01,38.2
2010-12-02,50.4
2010-12-03,22.6
2010-12-04,29.4
2010-12-05,NA
2010-12-06,52.6
2010-12-07,14.9
2010-12-08,48.3
2010-12-09,50.9
2010-12-10,47.4
2010-12-11,42
2010-12-12,35
2010-12-13,40.7
2010-12-14,38.6
2010-12-15,43.3
2010-12-16,30.7
2010-12-17,32.5
2010-12-18,29.8
2010-12-19,38.4
2010-12-20,27.9
2010-12-21,35.1
2010-12-22,37.8
2010-12-23,47.9
2010-12-24,48.8
2010-12-25,43.1
2010-12-26,68.7
2010-12-27,33.6
2010-12-28,46
2010-12-29,NA
2010-12-30,39.5
2010-12-31,52.1
2011-01-01,35.9
2011-01-02,33
2011-01-03,45.6
2011-01-04,37.6
2011-01-05,40.7
2011-01-06,27.1
2011-01-07,37.6
2011-01-08,59.8
2011-01-09,69.8
2011-01-10,50.2
2011-01-11,50.4
2011-01-12,40.1
2011-01-13,NA
2011-01-14,45.9
2011-01-15,46.7
2011-01-16,46.8
2011-01-17,45.7
2011-01-18,48.4
2011-01-19,53.9
2011-01-20,59.1
2011-01-21,39.9
2011-01-22,35.9
2011-01-23,46.2
2011-01-24,40.3
2011-01-25,34.7
2011-01-26,48.9
2011-01-27,31.9
2011-01-28,41.8
2011-01-29,38.1
2011-01-30,NA
2011-01-31,53.3
2011-02-01,40.8
2011-02-02,42.7
2011-02-03,49
2011-02-04,66.1
2011-02-05,41.8
2011-02-06,39
2011-02-07,30.6
2011-02-08,64.6
2011-02-09,46.2
2011-02-10,42
2011-02-11,38
2011-02-12,45
2011-02-13,40.7
2011-02-14,39.6
2011-02-15,44
2011-02-16,45.1
2011-02-17,42.8
2011-02-18,41.7
2011-02-19,43.7
2011-02-20,46.8
2011-02-21,45.4
2011-02-22,42.4
2011-02-23,42.4
2011-02-24,38
2011-02-25,32
2011-02-26,52.7
2011-02-27,34.4
2011-02-28,37.3
2011-03-01,31.3
2011-03-02,39.2
2011-03-03,46.3
2011-03-04,26.6
2011-03-05,37.9
2011-03-06,37.5
2011-03-07,43.3
2011-03-08,30.7
2011-03-09,49.6
2011-03-10,48.9
2011-03-11,42.2
2011-03-12,39.3
2011-03-13,48.7
2011-03-14,45
2011-03-15,46.5
2011-03-16,34.8
2011-03-17,36.1
2011-03-18,46.8
2011-03-19,27
2011-03-20,25.9
2011-03-21,43.7
2011-03-22,34.9
2011-03-23,40.5
2011-03-24,NA
2011-03-25,36.3
2011-03-26,44.9
2011-03-27,34
2011-03-28,30.4
2011-03-29,39.2
2011-03-30,33.5
2011-03-31,33.6
2011-04-01,33.2
2011-04-02,30.6
2011-04-03,14.5
2011-04-04,55.1
2011-04-05,32.8
2011-04-06,30.2
2011-04-07,45.1
2011-04-08,19.5
2011-04-09,27.1
2011-04-10,36.1
2011-04-11,42.9
2011-04-12,28.8
2011-04-13,23.5
2011-04-14,34.5
2011-04-15,33.4
2011-04-16,21.3
2011-04-17,31.6
2011-04-18,26.4
2011-04-19,31.9
2011-04-20,NA
2011-04-21,36.7
2011-04-22,29.6
2011-04-23,25.1
2011-04-24,26.3
2011-04-25,33.1
2011-04-26,26.2
2011-04-27,22.6
2011-04-28,29
2011-04-29,12.9
2011-04-30,30.3
2011-05-01,22.6
2011-05-02,18.7
2011-05-03,10.1
2011-05-04,26.2
2011-05-05,NA
2011-05-06,12
2011-05-07,27.1
2011-05-08,27.4
2011-05-09,17.3
2011-05-10,21.1
2011-05-11,15.2
2011-05-12,20.9
2011-05-13,26.2
2011-05-14,30.4
2011-05-15,27.9
2011-05-16,36.9
2011-05-17,18.1
2011-05-18,NA
2011-05-19,22
2011-05-20,7.1
2011-05-21,21.7
2011-05-22,NA
2011-05-23,23.4
2011-05-24,17.7
2011-05-25,17.2
2011-05-26,10.8
2011-05-27,20.9
2011-05-28,6.8
2011-05-29,36.9
2011-05-30,40
2011-05-31,12.4
2011-06-01,25
2011-06-02,3.5
2011-06-03,18
2011-06-04,24.9
2011-06-05,24.2
2011-06-06,12
2011-06-07,41.2
2011-06-08,2
2011-06-09,11.1
2011-06-10,21.5
2011-06-11,10.6
2011-06-12,16.3
2011-06-13,12
2011-06-14,16.6
2011-06-15,25.5
2011-06-16,10.5
2011-06-17,2.7
2011-06-18,21.5
2011-06-19,20.1
2011-06-20,22.1
2011-06-21,18
2011-06-22,14.8
2011-06-23,9.8
2011-06-24,30.5
2011-06-25,10.9
2011-06-26,23.6
2011-06-27,2
2011-06-28,15.8
2011-06-29,2
2011-06-30,12.6
2011-07-01,18.5
2011-07-02,2
2011-07-03,8.8
2011-07-04,2.7
2011-07-05,18.2
2011-07-06,13
2011-07-07,73.4
2011-07-08,19
2011-07-09,15.6
2011-07-10,NA
2011-07-11,31.8
2011-07-12,2
2011-07-13,8
2011-07-14,7.3
2011-07-15,21.2
2011-07-16,18.7
2011-07-17,26.9
2011-07-18,14.8
2011-07-19,7
2011-07-20,23.7
2011-07-21,14.7
2011-07-22,15.5
2011-07-23,38.6
2011-07-24,13.9
2011-07-25,10.3
2011-07-26,20.7
2011-07-27,9.8
2011-07-28,6.5
2011-07-29,19.2
2011-07-30,25.4
2011-07-31,NA
2011-08-01,11.3
2011-08-02,10
2011-08-03,7.4
2011-08-04,17.2
2011-08-05,24.3
2011-08-06,24.1
2011-08-07,6.5
2011-08-08,7.2
2011-08-09,10.3
2011-08-10,21.6
2011-08-11,14.5
2011-08-12,14.7
2011-08-13,14.9
2011-08-14,2
2011-08-15,15.6
2011-08-16,21.1
2011-08-17,12
2011-08-18,6.3
2011-08-19,14.8
2011-08-20,6.1
2011-08-21,21.2
2011-08-22,20.8
2011-08-23,22.7
2011-08-24,17.4
2011-08-25,13.7
2011-08-26,29.4
2011-08-27,25
2011-08-28,28.6
2011-08-29,10.5
2011-08-30,23.5
2011-08-31,49
2011-09-01,29.9
2011-09-02,13.8
2011-09-03,2
2011-09-04,20
2011-09-05,23.8
2011-09-06,11.8
2011-09-07,19.4
2011-09-08,26.4
2011-09-09,22.5
2011-09-10,17.8
2011-09-11,4.2
2011-09-12,23.6
2011-09-13,23.3
2011-09-14,19.6
2011-09-15,16.5
2011-09-16,24.2
2011-09-17,19.2
2011-09-18,20
2011-09-19,17
2011-09-20,17.1
2011-09-21,14.6
2011-09-22,28.2
2011-09-23,23.5
2011-09-24,22.5
2011-09-25,28.2
2011-09-26,10.3
2011-09-27,27.3
2011-09-28,34.1
2011-09-29,28.2
2011-09-30,22.7
2011-10-01,25.3
2011-10-02,25.8
2011-10-03,23.9
2011-10-04,18.6
2011-10-05,28.9
2011-10-06,12.6
2011-10-07,24.9
2011-10-08,23.3
2011-10-09,36.2
2011-10-10,20.3
2011-10-11,26.1
2011-10-12,28.9
2011-10-13,29.4
2011-10-14,27.1
2011-10-15,18.7
2011-10-16,35.1
2011-10-17,37.8
2011-10-18,22.4
2011-10-19,67.4
2011-10-20,31
2011-10-21,24.4
2011-10-22,31
2011-10-23,40.1
2011-10-24,33.3
2011-10-25,26.4
2011-10-26,47.9
2011-10-27,39.8
2011-10-28,45.9
2011-10-29,31.2
2011-10-30,34
2011-10-31,38.9
2011-11-01,35.2
2011-11-02,40.9
2011-11-03,19
2011-11-04,32.7
2011-11-05,26.8
2011-11-06,14.1
2011-11-07,34.5
2011-11-08,36.9
2011-11-09,21.9
2011-11-10,34.7
2011-11-11,NA
2011-11-12,38.4
2011-11-13,38.3
2011-11-14,38.4
2011-11-15,29.4
2011-11-16,42.4
2011-11-17,45.7
2011-11-18,30.2
2011-11-19,37
2011-11-20,31.4
2011-11-21,52
2011-11-22,41
2011-11-23,30
2011-11-24,29.4
2011-11-25,32.6
2011-11-26,46.5
2011-11-27,29.8
2011-11-28,37.4
2011-11-29,49.8
2011-11-30,37.9
2011-12-01,33.1
2011-12-02,42.6
2011-12-03,49.3
2011-12-04,38.9
2011-12-05,51.1
2011-12-06,46.3
2011-12-07,44.2
2011-12-08,38.6
2011-12-09,37.9
2011-12-10,41.2
2011-12-11,32.2
2011-12-12,39.4
2011-12-13,NA
2011-12-14,53.6
2011-12-15,41.2
2011-12-16,48.5
2011-12-17,36.1
2011-12-18,43.4
2011-12-19,107.9
2011-12-20,35.8
2011-12-21,45.2
2011-12-22,45.6
2011-12-23,36.8
2011-12-24,45.5
2011-12-25,NA
2011-12-26,26.7
2011-12-27,55.1
2011-12-28,35
2011-12-29,95.6
2011-12-30,NA
2011-12-31,48.1
2012-01-01,43.2
2012-01-02,38.6
2012-01-03,59.8
2012-01-04,34.6
2012-01-05,37.4
2012-01-06,38.9
2012-01-07,20.5
2012-01-08,43.8
2012-01-09,26.3
2012-01-10,33.3
2012-01-11,51.3
2012-01-12,35.9
2012-01-13,39.9
2012-01-14,47.5
2012-01-15,27.8
2012-01-16,40
2012-01-17,36
2012-01-18,54.2
2012-01-19,43.1
2012-01-20,49.5
2012-01-21,52.9
2012-01-22,47.1
2012-01-23,NA
2012-01-24,42.6
2012-01-25,53.2
2012-01-26,48.4
2012-01-27,37.5
2012-01-28,26.7
2012-01-29,51.5
2012-01-30,45
2012-01-31,47.5
2012-02-01,42.3
2012-02-02,38.2
2012-02-03,35.2
2012-02-04,169.1
2012-02-05,47.2
2012-02-06,30.5
2012-02-07,45.4
2012-02-08,44.2
2012-02-09,31.4
2012-02-10,38
2012-02-11,38.9
2012-02-12,40.5
2012-02-13,44.2
2012-02-14,53.9
2012-02-15,31.5
2012-02-16,43.2
2012-02-17,41.1
2012-02-18,45.9
2012-02-19,66.6
2012-02-20,54
2012-02-21,48.6
2012-02-22,36.6
2012-02-23,32.4
2012-02-24,36.7
2012-02-25,50.9
2012-02-26,42.2
2012-02-27,49.6
2012-02-28,53
2012-02-29,29.5
2012-03-01,39.2
2012-03-02,39.7
2012-03-03,28.9
2012-03-04,33.4
2012-03-05,31
2012-03-06,38.7
2012-03-07,43.5
2012-03-08,60
2012-03-09,36
2012-03-10,55.1
2012-03-11,35.5
2012-03-12,47.4
2012-03-13,40
2012-03-14,27.3
2012-03-15,44.3
2012-03-16,42.5
2012-03-17,31.9
2012-03-18,41.6
2012-03-19,42.8
2012-03-20,97.8
2012-03-21,37.2
2012-03-22,40.5
2012-03-23,23.6
2012-03-24,34.9
2012-03-25,66.9
2012-03-26,25.1
2012-03-27,38.5
2012-03-28,38.7
2012-03-29,39.6
2012-03-30,28.1
2012-03-31,26.6
2012-04-01,46.5
2012-04-02,43.6
2012-04-03,40.7
2012-04-04,29.3
2012-04-05,33.3
2012-04-06,17.7
2012-04-07,31.9
2012-04-08,30.7
2012-04-09,20.1
2012-04-10,43.1
2012-04-11,29.6
2012-04-12,29.6
2012-04-13,10.2
2012-04-14,38.6
2012-04-15,33.3
2012-04-16,25.6
2012-04-17,30.5
2012-04-18,19.7
2012-04-19,22.8
2012-04-20,8.4
2012-04-21,29.4
2012-04-22,26.7
2012-04-23,33.2
2012-04-24,13.5
2012-04-25,26.7
2012-04-26,40.9
2012-04-27,41.4
2012-04-28,27.5
2012-04-29,21.4
2012-04-30,21.4
2012-05-01,9
2012-05-02,NA
2012-05-03,32.9
2012-05-04,17.5
2012-05-05,30
2012-05-06,36.4
2012-05-07,15.7
2012-05-08,34.5
2012-05-09,30.8
2012-05-10,15.7
2012-05-11,29.2
2012-05-12,40.1
2012-05-13,42.4
2012-05-14,26.8
2012-05-15,28.4
2012-05-16,22.4
2012-05-17,21.3
2012-05-18,15.3
2012-05-19,17.8
2012-05-20,21.9
2012-05-21,17.4
2012-05-22,131.9
2012-05-23,22.3
2012-05-24,30.2
2012-05-25,18.5
2012-05-26,21.3
2012-05-27,19.9
2012-05-28,14.6
2012-05-29,6.5
2012-05-30,21.4
2012-05-31,10
2012-06-01,18.3
2012-06-02,22.4
2012-06-03,17.8
2012-06-04,NA
2012-06-05,24.7
2012-06-06,19.1
2012-06-07,17
2012-06-08,16.8
2012-06-09,14.3
2012-06-10,21.8
2012-06-11,3
2012-06-12,22.6
2012-06-13,13.6
2012-06-14,17.2
2012-06-15,15.9
2012-06-16,3.3
2012-06-17,13
2012-06-18,17.1
2012-06-19,7.5
2012-06-20,25.9
2012-06-21,10.4
2012-06-22,NA
2012-06-23,6.9
2012-06-24,19.1
2012-06-25,18.2
2012-06-26,20
2012-06-27,25.8
2012-06-28,13.2
2012-06-29,22.7
2012-06-30,5.1
2012-07-01,4.3
2012-07-02,11.8
2012-07-03,12.2
2012-07-04,NA
2012-07-05,23.8
2012-07-06,24.3
2012-07-07,16.1
2012-07-08,2.9
2012-07-09,15.6
2012-07-10,2.9
2012-07-11,NA
2012-07-12,14.1
2012-07-13,16.5
2012-07-14,4.3
2012-07-15,18.7
2012-07-16,10.2
2012-07-17,42
2012-07-18,15.4
2012-07-19,10
2012-07-20,11.6
2012-07-21,10.5
2012-07-22,2.3
2012-07-23,11.8
2012-07-24,27.2
2012-07-25,23.5
2012-07-26,12.3
2012-07-27,17.2
2012-07-28,29
2012-07-29,4.8
2012-07-30,26.9
2012-07-31,7.4
2012-08-01,34.8
2012-08-02,19
2012-08-03,18.1
2012-08-04,20.7
2012-08-05,7.5
2012-08-06,12.7
2012-08-07,19.3
2012-08-08,4.6
2012-08-09,7.7
2012-08-10,10.5
2012-08-11,6.3
2012-08-12,11.6
2012-08-13,24.5
2012-08-14,6.9
2012-08-15,11.2
2012-08-16,15.6
2012-08-17,17.9
2012-08-18,10.5
2012-08-19,10.6
2012-08-20,25
2012-08-21,17
2012-08-22,3.6
2012-08-23,24
2012-08-24,20
2012-08-25,10.9
2012-08-26,24.5
2012-08-27,18.3
2012-08-28,25.8
2012-08-29,5.4
2012-08-30,18.6
2012-08-31,14.9
2012-09-01,23.5
2012-09-02,11.2
2012-09-03,19.7
2012-09-04,13.4
2012-09-05,40.9
2012-09-06,31.3
2012-09-07,20.3
2012-09-08,11.1
2012-09-09,26.2
2012-09-10,18.5
2012-09-11,26.5
2012-09-12,30.9
2012-09-13,12.4
2012-09-14,NA
2012-09-15,29.6
2012-09-16,52.9
2012-09-17,22.6
2012-09-18,21.6
2012-09-19,17.4
2012-09-20,21.1
2012-09-21,13.9
2012-09-22,35.8
2012-09-23,15.5
2012-09-24,24.1
2012-09-25,17.7
2012-09-26,23
2012-09-27,31.3
2012-09-28,10.8
2012-09-29,24.2
2012-09-30,23.2
2012-10-01,10.5
2012-10-02,29.8
2012-10-03,25.8
2012-10-04,19.7
2012-10-05,21.2
2012-10-06,26.2
2012-10-07,26.5
2012-10-08,109.5
2012-10-09,42.4
2012-10-10,13.1
2012-10-11,27.2
2012-10-12,24
2012-10-13,25
2012-10-14,26.7
2012-10-15,35.1
2012-10-16,16
2012-10-17,41.2
2012-10-18,28.6
2012-10-19,26
2012-10-20,37.8
2012-10-21,29.5
2012-10-22,38.8
2012-10-23,27.6
2012-10-24,14.3
2012-10-25,28
2012-10-26,37.5
2012-10-27,41.8
2012-10-28,26.9
2012-10-29,28.9
2012-10-30,33.7
2012-10-31,30.1
2012-11-01,41.3
2012-11-02,39.2
2012-11-03,16.3
2012-11-04,49.5
2012-11-05,41
2012-11-06,39.7
2012-11-07,29.9
2012-11-08,41.7
2012-11-09,43.3
2012-11-10,35.9
2012-11-11,36.6
2012-11-12,33
2012-11-13,34.3
2012-11-14,31
2012-11-15,35.6
2012-11-16,39.1
2012-11-17,29.8
2012-11-18,26.2
2012-11-19,40
2012-11-20,50.1
2012-11-21,41.5
2012-11-22,20.1
2012-11-23,26.9
2012-11-24,46.7
2012-11-25,49.5
2012-11-26,31.2
2012-11-27,38.1
2012-11-28,30.2
2012-11-29,56.8
2012-11-30,38.5
2012-12-01,35.5
2012-12-02,41.7
2012-12-03,45.4
2012-12-04,37.6
2012-12-05,45.4
2012-12-06,49.7
2012-12-07,27.6
2012-12-08,38.6
2012-12-09,34.6
2012-12-10,42.8
2012-12-11,39.3
2012-12-12,37.8
2012-12-13,39.1
2012-12-14,44.3
2012-12-15,28.5
2012-12-16,41.3
2012-12-17,30.7
2012-12-18,39.1
2012-12-19,37.5
2012-12-20,35.9
2012-12-21,49
2012-12-22,41.8
2012-12-23,45.7
2012-12-24,40.9
2012-12-25,42.2
2012-12-26,64.3
2012-12-27,44
2012-12-28,53.3
2012-12-29,42.3
2012-12-30,33.5
2012-12-31,47.5
2013-01-01,50.4
2013-01-02,42.8
2013-01-03,38.1
2013-01-04,43.1
2013-01-05,50.3
2013-01-06,66.5
2013-01-07,41.2
2013-01-08,44.8
2013-01-09,43.6
2013-01-10,45.4
2013-01-11,41.1
2013-01-12,44.7
2013-01-13,37.6
2013-01-14,48.4
2013-01-15,48.9
2013-01-16,35.8
2013-01-17,32.4
2013-01-18,43.7
2013-01-19,45.4
2013-01-20,37.4
2013-01-21,35.3
2013-01-22,49.5
2013-01-23,42.3
2013-01-24,51.1
2013-01-25,58.7
2013-01-26,29.8
2013-01-27,38.2
2013-01-28,29.3
2013-01-29,30.7
2013-01-30,47.8
2013-01-31,49
2013-02-01,41.6
2013-02-02,40.9
2013-02-03,30.4
2013-02-04,36.9
2013-02-05,41.1
2013-02-06,43.5
2013-02-07,40.2
2013-02-08,47.5
2013-02-09,45.2
2013-02-10,47.5
2013-02-11,44.2
2013-02-12,29
2013-02-13,31.2
2013-02-14,39.9
2013-02-15,46.1
2013-02-16,43.7
2013-02-17,40.5
2013-02-18,49.4
2013-02-19,54
2013-02-20,50.5
2013-02-21,41.4
2013-02-22,35.3
2013-02-23,39.1
2013-02-24,39.2
2013-02-25,25.5
2013-02-26,48.3
2013-02-27,38.6
2013-02-28,46.2
2013-03-01,63.3
2013-03-02,37.3
2013-03-03,43.8
2013-03-04,52.2
2013-03-05,46.7
2013-03-06,38.3
2013-03-07,30.3
2013-03-08,NA
2013-03-09,45.7
2013-03-10,36.9
2013-03-11,35.4
2013-03-12,51.7
2013-03-13,42
2013-03-14,106.9
2013-03-15,45
2013-03-16,26.9
2013-03-17,24.1
2013-03-18,36.2
2013-03-19,34.5
2013-03-20,33
2013-03-21,25.9
2013-03-22,29.8
2013-03-23,40.4
2013-03-24,26.9
2013-03-25,29
2013-03-26,46.3
2013-03-27,24.4
2013-03-28,18.7
2013-03-29,30.6
2013-03-30,23.4
2013-03-31,27.7
2013-04-01,29.1
2013-04-02,33.4
2013-04-03,31.4
2013-04-04,32.9
2013-04-05,27.4
2013-04-06,41.5
2013-04-07,38.8
2013-04-08,37.1
2013-04-09,34.5
2013-04-10,47.4
2013-04-11,32.4
2013-04-12,32
2013-04-13,17.1
2013-04-14,NA
2013-04-15,32.7
2013-04-16,18.1
2013-04-17,34.5
2013-04-18,29.1
2013-04-19,42.4
2013-04-20,20.6
2013-04-21,39.8
2013-04-22,23.1
2013-04-23,26
2013-04-24,33.9
2013-04-25,22.7
2013-04-26,29.1
2013-04-27,32.9
2013-04-28,23.7
2013-04-29,18.3
2013-04-30,35.7
2013-05-01,39.3
2013-05-02,8.1
2013-05-03,16.7
2013-05-04,27.9
2013-05-05,16.4
2013-05-06,25.5
2013-05-07,26.1
2013-05-08,21
2013-05-09,13.3
2013-05-10,15
2013-05-11,18.6
2013-05-12,21.3
2013-05-13,13.2
2013-05-14,14.4
2013-05-15,43.7
2013-05-16,25.2
2013-05-17,24.6
2013-05-18,18.7
2013-05-19,6.7
2013-05-20,24.3
2013-05-21,14
2013-05-22,15.1
2013-05-23,26.1
2013-05-24,15.6
2013-05-25,21.8
2013-05-26,18
2013-05-27,NA
2013-05-28,104.2
2013-05-29,25.1
2013-05-30,7.1
2013-05-31,36.5
2013-06-01,11.8
2013-06-02,21.7
2013-06-03,12.6
2013-06-04,21.1
2013-06-05,11.5
2013-06-06,22.5
2013-06-07,29.5
2013-06-08,28.3
2013-06-09,12.2
2013-06-10,2
2013-06-11,20.3
2013-06-12,23.7
2013-06-13,31.7
2013-06-14,25.9
2013-06-15,20.1
2013-06-16,27.7
2013-06-17,19.4
2013-06-18,15.5
2013-06-19,43.9
2013-06-20,15.6
2013-06-21,10.2
2013-06-22,10.9
2013-06-23,27.7
2013-06-24,26.1
2013-06-25,2
2013-06-26,15.4
2013-06-27,14.2
2013-06-28,18
2013-06-29,29.9
2013-06-30,9.8
2013-07-01,24.3
2013-07-02,7.2
2013-07-03,39.8
2013-07-04,15.2
2013-07-05,13.6
2013-07-06,2
2013-07-07,16.4
2013-07-08,13
2013-07-09,12
2013-07-10,12.2
2013-07-11,4.9
2013-07-12,NA
2013-07-13,16.5
2013-07-14,5.6
2013-07-15,19.8
2013-07-16,NA
2013-07-17,28.4
2013-07-18,12.8
2013-07-19,11.1
2013-07-20,13.3
2013-07-21,20.8
2013-07-22,22.1
2013-07-23,11.8
2013-07-24,24.8
2013-07-25,2
2013-07-26,2
2013-07-27,9.3
2013-07-28,2
2013-07-29,78.4
2013-07-30,19
2013-07-31,48.9
2013-08-01,11.5
2013-08-02,5.7
2013-08-03,11.1
2013-08-04,20.5
2013-08-05,5.1
2013-08-06,25.9
2013-08-07,86.5
2013-08-08,10.6
2013-08-09,19.8
2013-08-10,35.1
2013-08-11,12.2
2013-08-12,22.7
2013-08-13,9.5
2013-08-14,2
2013-08-15,26.7
2013-08-16,5.7
2013-08-17,19.8
2013-08-18,11.7
2013-08-19,21.1
2013-08-20,7.8
2013-08-21,14
2013-08-22,6.8
2013-08-23,28.6
2013-08-24,12.3
2013-08-25,13.7
2013-08-26,2.4
2013-08-27,17
2013-08-28,28.6
2013-08-29,7.2
2013-08-30,32
2013-08-31,15.8
2013-09-01,29.5
2013-09-02,2
2013-09-03,18.7
2013-09-04,16.2
2013-09-05,31.1
2013-09-06,26.7
2013-09-07,18.9
2013-09-08,16.8
2013-09-09,16.4
2013-09-10,17.1
2013-09-11,22.3
2013-09-12,33.1
2013-09-13,21.4
2013-09-14,14.7
2013-09-15,22.6
2013-09-16,18.8
2013-09-17,14.2
2013-09-18,29.2
2013-09-19,29.1
2013-09-20,38.2
2013-09-21,19.1
2013-09-22,19.5
2013-09-23,98.4
2013-09-24,30.9
2013-09-25,7.4
2013-09-26,36.8
2013-09-27,27
2013-09-28,26.7
2013-09-29,18.1
2013-09-30,22.6
2013-10-01,15.2
2013-10-02,31.3
2013-10-03,14.5
2013-10-04,29.3
2013-10-05,23.4
2013-10-06,23.5
2013-10-07,NA
2013-10-08,31.2
2013-10-09,26.7
2013-10-10,34
2013-10-11,30.9
2013-10-12,16.2
2013-10-13,21
2013-10-14,17.1
2013-10-15,27.8
2013-10-16,NA
2013-10-17,27.4
2013-10-18,29.5
2013-10-19,16.6
2013-10-20,26.7
2013-10-21,24
2013-10-22,32.3
2013-10-23,30.1
2013-10-24,42.2
2013-10-25,33.1
2013-10-26,34.4
2013-10-27,37.8
2013-10-28,30.3
2013-10-29,24.3
2013-10-30,42.5
2013-10-31,15.2
2013-11-01,43.6
2013-11-02,37.3
2013-11-03,30.3
2013-11-04,29.7
2013-11-05,24.2
2013-11-06,33
2013-11-07,36.5
2013-11-08,118.2
2013-11-09,41
2013-11-10,34
2013-11-11,34.1
2013-11-12,37.4
2013-11-13,34
2013-11-14,32
2013-11-15,23.5
2013-11-16,33.8
2013-11-17,42.9
2013-11-18,46
2013-11-19,29.4
2013-11-20,39.4
2013-11-21,35.5
2013-11-22,40
2013-11-23,43.8
2013-11-24,36.6
2013-11-25,41.3
2013-11-26,47.9
2013-11-27,34.2
2013-11-28,39.1
2013-11-29,29.6
2013-11-30,41
2013-12-01,23.7
2013-12-02,49.3
2013-12-03,38.2
2013-12-04,34.1
2013-12-05,32.6
2013-12-06,34.4
2013-12-07,58.4
2013-12-08,42.5
2013-12-09,56.2
2013-12-10,42.9
2013-12-11,31
2013-12-12,42.8
2013-12-13,33.9
2013-12-14,46
2013-12-15,25.2
2013-12-16,31.3
2013-12-17,50.1
2013-12-18,39.7
2013-12-19,37.4
2013-12-20,47.7
2013-12-21,29.4
2013-12-22,35.8
2013-12-23,38.8
2013-12-24,34.3
2013-12-25,48.6
2013-12-26,39.9
2013-12-27,44.4
2013-12-28,40.6
2013-12-29,41.6
2013-12-30,61
2013-12-31,38.2
2014-01-01,39.4
2014-01-02,53.4
2014-01-03,41.5
2014-01-04,39.4
2014-01-05,NA
2014-01-06,45.9
2014-01-07,46.2
2014-01-08,48.1
2014-01-09,49.1
2014-01-10,62
2014-01-11,39.9
2014-01-12,55.5
2014-01-13,33.2
2014-01-14,37.9
2014-01-15,46.2
2014-01-16,46
2014-01-17,38.8
2014-01-18,41.2
2014-01-19,52.7
2014-01-20,47.9
2014-01-21,36.9
2014-01-22,54.4
2014-01-23,41.2
2014-01-24,48
2014-01-25,46.1
2014-01-26,50.1
2014-01-27,39.9
2014-01-28,41.5
2014-01-29,53.4
2014-01-30,49.8
2014-01-31,34
2014-02-01,44.9
2014-02-02,36.9
2014-02-03,36.6
2014-02-04,55.3
2014-02-05,33.7
2014-02-06,NA
2014-02-07,46.3
2014-02-08,37.9
2014-02-09,61.4
2014-02-10,38.5
2014-02-11,34.5
2014-02-12,43
2014-02-13,54.9
2014-02-14,37.8
2014-02-15,44.7
2014-02-16,34.1
2014-02-17,45.5
2014-02-18,41.8
2014-02-19,39
2014-02-20,37.7
2014-02-21,46.7
2014-02-22,45.8
2014-02-23,34.4
2014-02-24,49.6
2014-02-25,34
2014-02-26,45.7
2014-02-27,26.6
2014-02-28,38.7
2014-03-01,28.4
2014-03-02,34.9
2014-03-03,48
2014-03-04,35.2
2014-03-05,35.5
2014-03-06,50.8
2014-03-07,29.6
2014-03-08,33.7
2014-03-09,35.2
2014-03-10,30.7
2014-03-11,47.3
2014-03-12,41.6
2014-03-13,NA
2014-03-14,29.8
2014-03-15,82.3
2014-03-16,43
2014-03-17,46.1
2014-03-18,47.2
2014-03-19,28.7
2014-03-20,32.7
2014-03-21,39.5
2014-03-22,20
2014-03-23,25.8
2014-03-24,47.6
2014-03-25,33.2
2014-03-26,37.2
2014-03-27,27
2014-03-28,19
2014-03-29,39.2
2014-03-30,35
2014-03-31,29.1
2014-04-01,33.2
2014-04-02,46.8
2014-04-03,39.9
2014-04-04,31.3
2014-04-05,38.9
2014-04-06,38.1
2014-04-07,37
2014-04-08,21.3
2014-04-09,24.6
2014-04-10,59.9
2014-04-11,20.8
2014-04-12,26.3
2014-04-13,32.1
2014-04-14,23.5
2014-04-15,22.8
2014-04-16,24.3
2014-04-17,20.1
2014-04-18,34.1
2014-04-19,24.1
2014-04-20,15.1
2014-04-21,35.4
2014-04-22,NA
2014-04-23,26.1
2014-04-24,20.3
2014-04-25,38.3
2014-04-26,28.6
2014-04-27,26.3
2014-04-28,26.2
2014-04-29,10.5
2014-04-30,22.3
2014-05-01,19.4
2014-05-02,15.2
2014-05-03,22.3
2014-05-04,22.7
2014-05-05,21.6
2014-05-06,23.8
2014-05-07,24.5
2014-05-08,22.8
2014-05-09,24
2014-05-10,28.1
2014-05-11,19.5
2014-05-12,20.5
2014-05-13,11.6
2014-05-14,24.3
2014-05-15,8.3
2014-05-16,20.9
2014-05-17,25.8
2014-05-18,31.8
2014-05-19,11.8
2014-05-20,8.6
2014-05-21,22.2
2014-05-22,32.2
2014-05-23,25.3
2014-05-24,12.8
2014-05-25,14.9
2014-05-26,19.3
2014-05-27,13.2
2014-05-28,7.4
2014-05-29,24.3
2014-05-30,27.7
2014-05-31,16.4
2014-06-01,22.5
2014-06-02,31.4
2014-06-03,16.3
2014-06-04,2
2014-06-05,13.4
2014-06-06,15.4
2014-06-07,12.5
2014-06-08,12.5
2014-06-09,24.7
2014-06-10,19.4
2014-06-11,5.6
2014-06-12,12.4
2014-06-13,14.4
2014-06-14,22.3
2014-06-15,4
2014-06-16,26.9
2014-06-17,6.1
2014-06-18,21.6
2014-06-19,10.4
2014-06-20,28.9
2014-06-21,17.2
2014-06-22,10.3
2014-06-23,3
2014-06-24,31
2014-06-25,17.1
2014-06-26,23.5
2014-06-27,20.2
2014-06-28,20.6
2014-06-29,19.9
2014-06-30,14.9
2014-07-01,9.5
2014-07-02,20.7
2014-07-03,2
2014-07-04,23.3
2014-07-05,7.7
2014-07-06,7.9
2014-07-07,25
2014-07-08,2
2014-07-09,2
2014-07-10,2
2014-07-11,19.5
2014-07-12,22
2014-07-13,15.6
2014-07-14,NA
2014-07-15,18.3
2014-07-16,2
2014-07-17,10.3
2014-07-18,19.3
2014-07-19,24.3
2014-07-20,16.6
2014-07-21,NA
2014-07-22,18.7
2014-07-23,2
2014-07-24,11.9
2014-07-25,12.3
2014-07-26,10.6
2014-07-27,19.7
2014-07-28,9.6
2014-07-29,9.2
2014-07-30,16.5
2014-07-31,13.5
2014-08-01,19.6
2014-08-02,NA
2014-08-03,2
2014-08-04,4.5
2014-08-05,13.6
2014-08-06,21.7
2014-08-07,3.1
2014-08-08,10.5
2014-08-09,11.7
2014-08-10,18.3
2014-08-11,23.1
2014-08-12,25.4
2014-08-13,12.5
2014-08-14,28.4
2014-08-15,29
2014-08-16,21.4
2014-08-17,11.6
2014-08-18,21.7
2014-08-19,16
2014-08-20,6.4
2014-08-21,27.6
2014-08-22,19.2
2014-08-23,11.7
2014-08-24,17.6
2014-08-25,24.6
2014-08-26,3.7
2014-08-27,18.8
2014-08-28,17.3
2014-08-29,4.7
2014-08-30,8.7
2014-08-31,26.7
2014-09-01,19.4
2014-09-02,17.2
2014-09-03,26.7
2014-09-04,25
2014-09-05,19.5
2014-09-06,25.4
2014-09-07,12.6
2014-09-08,24.9
2014-09-09,12.2
2014-09-10,34
2014-09-11,7
2014-09-12,28.2
2014-09-13,17.7
2014-09-14,9
2014-09-15,31
2014-09-16,28.1
2014-09-17,19.3
2014-09-18,30.9
2014-09-19,18.7
2014-09-20,26.8
2014-09-21,17.1
2014-09-22,24.7
2014-09-23,16.6
2014-09-24,22.1
2014-09-25,21.7
2014-09-26,21.2
2014-09-27,20.7
2014-09-28,16.8
2014-09-29,14.2
2014-09-30,27.9
2014-10-01,15.2
2014-10-02,14.1
2014-10-03,11.2
2014-10-04,27.9
2014-10-05,23.9
2014-10-06,31.4
2014-10-07,41.7
2014-10-08,21.8
2014-10-09,43.8
2014-10-10,20.8
2014-10-11,26.2
2014-10-12,28.1
2014-10-13,23.8
2014-10-14,34
2014-10-15,24.2
2014-10-16,30.2
2014-10-17,33
2014-10-18,24.4
2014-10-19,44
2014-10-20,47.1
2014-10-21,40.8
2014-10-22,30.6
2014-10-23,34.2
2014-10-24,27.4
2014-10-25,28.5
2014-10-26,76.2
2014-10-27,28
2014-10-28,35.5
2014-10-29,42.5
2014-10-30,NA
2014-10-31,47.4
2014-11-01,18.9
2014-11-02,39.4
2014-11-03,26.8
2014-11-04,25.1
2014-11-05,32.7
2014-11-06,36.7
2014-11-07,39.1
2014-11-08,39
2014-11-09,26.2
2014-11-10,28.7
2014-11-11,37.4
2014-11-12,33.5
2014-11-13,35.3
2014-11-14,48.3
2014-11-15,42.6
2014-11-16,19.8
2014-11-17,48.4
2014-11-18,33.5
2014-11-19,39.4
2014-11-20,45.7
2014-11-21,36.9
2014-11-22,35.2
2014-11-23,52.2
2014-11-24,40.5
2014-11-25,37.4
2014-11-26,50
2014-11-27,29.3
2014-11-28,35.7
2014-11-29,29.8
2014-11-30,52.8
2014-12-01,29.5
2014-12-02,32.3
2014-12-03,27.8
2014-12-04,38.6
2014-12-05,43.5
2014-12-06,55.1
2014-12-07,30.4
2014-12-08,34.5
2014-12-09,48.1
2014-12-10,38.2
2014-12-11,43.4
2014-12-12,29.4
2014-12-13,40.5
2014-12-14,26.5
2014-12-15,55
2014-12-16,41.6
2014-12-17,31.8
2014-12-18,38.6
2014-12-19,46.5
2014-12-20,27.6
2014-12-21,40.6
2014-12-22,52.7
2014-12-23,32.7
2014-12-24,61
2014-12-25,41.5
2014-12-26,49.9
2014-12-27,39.1
2014-12-28,44.6
2014-12-29,54.4
2014-12-30,37.6
2014-12-31,42.1
2015-01-01,36.4
2015-01-02,37.7
2015-01-03,42.4
2015-01-04,51.8
2015-01-05,52.3
2015-01-06,33.1
2015-01-07,37.8
2015-01-08,35.2
2015-01-09,56.5
2015-01-10,35.2
2015-01-11,51.8
2015-01-12,50
2015-01-13,31.5
2015-01-14,38
2015-01-15,44.5
2015-01-16,40.1
2015-01-17,66.5
2015-01-18,NA
2015-01-19,44.8
2015-01-20,41.8
2015-01-21,48.9
2015-01-22,35.4
2015-01-23,62.6
2015-01-24,43.5
2015-01-25,48.2
2015-01-26,NA
2015-01-27,37.9
2015-01-28,37.7
2015-01-29,44.9
2015-01-30,48.5
2015-01-31,50.9
2015-02-01,52
2015-02-02,51.6
2015-02-03,49.2
2015-02-04,48.8
2015-02-05,41.6
2015-02-06,53.2
2015-02-07,30.5
2015-02-08,47.1
2015-02-09,36.7
2015-02-10,49.9
2015-02-11,46.4
2015-02-12,43.1
2015-02-13,48.3
2015-02-14,NA
2015-02-15,44.4
2015-02-16,43.8
2015-02-17,31.2
2015-02-18,40.2
2015-02-19,57.8
2015-02-20,26.9
2015-02-21,45.8
2015-02-22,61.2
2015-02-23,39.7
2015-02-24,36.8
2015-02-25,50.5
2015-02-26,29
2015-02-27,41
2015-02-28,24.7
2015-03-01,50.3
2015-03-02,32.8
2015-03-03,39.7
2015-03-04,44
2015-03-05,37.6
2015-03-06,42.2
2015-03-07,40.3
2015-03-08,49.9
2015-03-09,42.6
2015-03-10,33
2015-03-11,33.4
2015-03-12,42
2015-03-13,44.4
2015-03-14,32
2015-03-15,41.5
2015-03-16,29.9
2015-03-17,47.8
2015-03-18,18.3
2015-03-19,152.7
2015-03-20,34
2015-03-21,32.3
2015-03-22,38.3
2015-03-23,24
2015-03-24,37.8
2015-03-25,21
2015-03-26,40.5
2015-03-27,32.2
2015-03-28,36.4
2015-03-29,32.5
2015-03-30,33
2015-03-31,40.3
2015-04-01,27.1
2015-04-02,34.3
2015-04-03,28.2
2015-04-04,NA
2015-04-05,38
2015-04-06,24.4
2015-04-07,33.6
2015-04-08,NA
2015-04-09,45.2
2015-04-10,19.1
2015-04-11,34
2015-04-12,18.1
2015-04-13,17.6
2015-04-14,30.7
2015-04-15,38.2
2015-04-16,12.7
2015-04-17,22.8
2015-04-18,18.3
2015-04-19,27.5
2015-04-20,23
2015-04-21,19.5
2015-04-22,19.9
2015-04-23,33.3
2015-04-24,21.9
2015-04-25,14.4
2015-04-26,27.4
2015-04-27,33.4
2015-04-28,22.5
2015-04-29,26.9
2015-04-30,21
2015-05-01,21.5
2015-05-02,24.8
2015-05-03,24
2015-05-04,31.5
2015-05-05,87.6
2015-05-06,21.8
2015-05-07,23.7
2015-05-08,39.9
2015-05-09,23.9
2015-05-10,31.9
2015-05-11,23.4
2015-05-12,32.2
2015-05-13,20.7
2015-05-14,22.8
2015-05-15,25.6
2015-05-16,25.7
2015-05-17,18.4
2015-05-18,21.7
2015-05-19,7.7
2015-05-20,22.2
2015-05-21,23.2
2015-05-22,10
2015-05-23,13.6
2015-05-24,15.3
2015-05-25,27.8
2015-05-26,18.3
2015-05-27,19.8
2015-05-28,39.5
2015-05-29,14.6
2015-05-30,27.2
2015-05-31,8.4
2015-06-01,33.5
2015-06-02,23.5
2015-06-03,8.2
2015-06-04,28
2015-06-05,16.2
2015-06-06,20.7
2015-06-07,16.8
2015-06-08,18.8
2015-06-09,21.7
2015-06-10,14.4
2015-06-11,12.8
2015-06-12,13.8
2015-06-13,9.6
2015-06-14,2
2015-06-15,21.4
2015-06-16,19.4
2015-06-17,17.9
2015-06-18,2.5
2015-06-19,12.4
2015-06-20,15.9
2015-06-21,8.6
2015-06-22,20.9
2015-06-23,11.3
2015-06-24,25.8
2015-06-25,4.9
2015-06-26,31
2015-06-27,2.8
2015-06-28,2
2015-06-29,19.1
2015-06-30,25.6
2015-07-01,22.7
2015-07-02,13.6
2015-07-03,18.9
2015-07-04,12.8
2015-07-05,12.1
2015-07-06,2
2015-07-07,13.8
2015-07-08,7.6
2015-07-09,28.9
2015-07-10,2
2015-07-11,7.8
2015-07-12,19.2
2015-07-13,11.3
2015-07-14,2
2015-07-15,15.2
2015-07-16,10
2015-07-17,22
2015-07-18,9.4
2015-07-19,11.7
2015-07-20,13.1
2015-07-21,5.3
2015-07-22,14.1
2015-07-23,6.6
2015-07-24,14.7
2015-07-25,18.8
2015-07-26,6.8
2015-07-27,25.8
2015-07-28,17.5
2015-07-29,4
2015-07-30,30.5
2015-07-31,13.4
2015-08-01,2
2015-08-02,2
2015-08-03,18.6
2015-08-04,2
2015-08-05,65.9
2015-08-06,2
2015-08-07,20.8
2015-08-08,54.1
2015-08-09,25.7
2015-08-10,19.8
2015-08-11,6.7
2015-08-12,22.9
2015-08-13,3.9
2015-08-14,31.5
2015-08-15,15
2015-08-16,14.9
2015-08-17,10.7
2015-08-18,13.1
2015-08-19,13.2
2015-08-20,13.1
2015-08-21,12.9
2015-08-22,23.7
2015-08-23,15.4
2015-08-24,23.8
2015-08-25,18.2
2015-08-26,10.5
2015-08-27,NA
2015-08-28,11.3
2015-08-29,30.7
2015-08-30,8.6
2015-08-31,27.5
2015-09-01,22.2
2015-09-02,15.4
2015-09-03,20.4
2015-09-04,11
2015-09-05,31.3
2015-09-06,15.4
2015-09-07,15.2
2015-09-08,26.7
2015-09-09,24.6
2015-09-10,25.4
2015-09-11,19.2
2015-09-12,8.3
2015-09-13,29.1
2015-09-14,NA
2015-09-15,29.8
2015-09-16,28.7
2015-09-17,23.1
2015-09-18,38
2015-09-19,29.3
2015-09-20,33
2015-09-21,14.4
2015-09-22,19.2
2015-09-23,7.1
2015-09-24,19.8
2015-09-25,25.7
2015-09-26,34.5
2015-09-27,26.7
2015-09-28,21.9
2015-09-29,21.5
2015-09-30,25.2
2015-10-01,37.2
2015-10-02,24
2015-10-03,18.8
2015-10-04,21.1
2015-10-05,19.9
2015-10-06,NA
2015-10-07,19.9
2015-10-08,11.6
2015-10-09,29.5
2015-10-10,NA
2015-10-11,17.8
2015-10-12,27.7
2015-10-13,98.3
2015-10-14,105.3
2015-10-15,29.8
2015-10-16,26.9
2015-10-17,34.7
2015-10-18,31.8
2015-10-19,35.7
2015-10-20,33
2015-10-21,21.5
2015-10-22,26.9
2015-10-23,NA
2015-10-24,23
2015-10-25,30.4
2015-10-26,24
2015-10-27,38
2015-10-28,30.9
2015-10-29,22.3
2015-10-30,36.7
2015-10-31,31.9
2015-11-01,50.9
2015-11-02,31
2015-11-03,17.4
2015-11-04,NA
2015-11-05,33.5
2015-11-06,29.7
2015-11-07,28.2
2015-11-08,34.3
2015-11-09,28.5
2015-11-10,39.5
2015-11-11,32.5
2015-11-12,41
2015-11-13,31.1
2015-11-14,35.6
2015-11-15,31.2
2015-11-16,26.6
2015-11-17,38.7
2015-11-18,32.6
2015-11-19,28.9
2015-11-20,37
2015-11-21,41.8
2015-11-22,37.2
2015-11-23,32.9
2015-11-24,39.5
2015-11-25,48.7
2015-11-26,42.9
2015-11-27,28.4
2015-11-28,67.2
2015-11-29,34.7
2015-11-30,49.2
2015-12-01,38
2015-12-02,33.1
2015-12-03,58.7
2015-12-04,37.4
2015-12-05,33.8
2015-12-06,51.8
2015-12-07,52.2
2015-12-08,41.4
2015-12-09,44.9
2015-12-10,28.2
2015-12-11,45.4
2015-12-12,33.5
2015-12-13,49.3
2015-12-14,32.5
2015-12-15,31.6
2015-12-16,46.3
2015-12-17,31.1
2015-12-18,37.8
2015-12-19,44.6
2015-12-20,32.2
2015-12-21,43
2015-12-22,46.3
2015-12-23,49.1
2015-12-24,28
2015-12-25,41.7
2015-12-26,40.6
2015-12-27,43.3
2015-12-28,45
2015-12-29,36.3
2015-12-30,38.4
2015-12-31,34.8
2016-01-01,35.2
2016-01-02,43.4
2016-01-03,43.2
2016-01-04,NA
2016-01-05,46.2
2016-01-06,37
2016-01-07,32.7
2016-01-08,52.6
2016-01-09,50.8
2016-01-10,42.4
2016-01-11,52.7
2016-01-12,NA
2016-01-13,40.9
2016-01-14,36.2
2016-01-15,57.2
2016-01-16,45
2016-01-17,35.7
2016-01-18,41.3
2016-01-19,39
2016-01-20,36.5
2016-01-21,48.4
2016-01-22,39.4
2016-01-23,38.2
2016-01-24,46.4
2016-01-25,52.1
2016-01-26,NA
2016-01-27,36.4
2016-01-28,39
2016-01-29,33.2
2016-01-30,51.3
2016-01-31,126.5
2016-02-01,49.1
2016-02-02,43.3
2016-02-03,37.7
2016-02-04,55.2
2016-02-05,19.8
2016-02-06,38.3
2016-02-07,26.7
2016-02-08,71.4
2016-02-09,29.7
2016-02-10,49.6
2016-02-11,33.6
2016-02-12,44.3
2016-02-13,35.4
2016-02-14,49.6
2016-02-15,21.5
2016-02-16,46.6
2016-02-17,45
2016-02-18,NA
2016-02-19,46.4
2016-02-20,40.2
2016-02-21,43.8
2016-02-22,38.4
2016-02-23,36.5
2016-02-24,27
2016-02-25,48.3
2016-02-26,46.4
2016-02-27,27
2016-02-28,45.6
2016-02-29,39.3
2016-03-01,44.3
2016-03-02,32.8
2016-03-03,32
2016-03-04,41.9
2016-03-05,37.2
2016-03-06,43.8
2016-03-07,41.3
2016-03-08,37.3
2016-03-09,40.3
2016-03-10,34.7
2016-03-11,47.5
2016-03-12,44.5
2016-03-13,32.5
2016-03-14,35.7
2016-03-15,37.3
2016-03-16,34.2
2016-03-17,26.5
2016-03-18,36.5
2016-03-19,34.6
2016-03-20,37.1
2016-03-21,25.8
2016-03-22,20.5
2016-03-23,17.1
2016-03-24,37.5
2016-03-25,20.1
2016-03-26,52.4
2016-03-27,NA
2016-03-28,30.6
2016-03-29,20
2016-03-30,31.9
2016-03-31,39.9
2016-04-01,26.3
2016-04-02,32.9
2016-04-03,35.7
2016-04-04,23.5
2016-04-05,24.8
2016-04-06,23.5
2016-04-07,40.5
2016-04-08,38.9
2016-04-09,30.1
2016-04-10,30.7
2016-04-11,66.3
2016-04-12,28.8
2016-04-13,35.4
2016-04-14,26.1
2016-04-15,22.5
2016-04-16,NA
2016-04-17,22.5
2016-04-18,25.6
2016-04-19,82.1
2016-04-20,27.3
2016-04-21,35.6
2016-04-22,29.7
2016-04-23,21.3
2016-04-24,21.3
2016-04-25,31.3
2016-04-26,NA
2016-04-27,37
2016-04-28,30.6
2016-04-29,24.5
2016-04-30,11.9
2016-05-01,21.2
2016-05-02,17.7
2016-05-03,20
2016-05-04,30.9
2016-05-05,48.5
2016-05-06,19.1
2016-05-07,25.8
2016-05-08,20.3
2016-05-09,23.6
2016-05-10,22.9
2016-05-11,20
2016-05-12,27.6
2016-05-13,25.3
2016-05-14,4.5
2016-05-15,25
2016-05-16,10.5
2016-05-17,21.8
2016-05-18,15.2
2016-05-19,20
2016-05-20,17.5
2016-05-21,58.1
2016-05-22,13.8
2016-05-23,2
2016-05-24,16.1
2016-05-25,18
2016-05-26,29.5
2016-05-27,17.6
2016-05-28,6.5
2016-05-29,23.6
2016-05-30,17
2016-05-31,2
2016-06-01,81.6
2016-06-02,9.2
2016-06-03,22.8
2016-06-04,17.2
2016-06-05,10.4
2016-06-06,2
2016-06-07,12
2016-06-08,9.8
2016-06-09,11
2016-06-10,28.3
2016-06-11,7.1
2016-06-12,14.1
2016-06-13,13.1
2016-06-14,2.9
2016-06-15,18.2
2016-06-16,20.1
2016-06-17,14.2
2016-06-18,9.4
2016-06-19,34.7
2016-06-20,20.8
2016-06-21,25.9
2016-06-22,12.4
2016-06-23,3.7
2016-06-24,15.5
2016-06-25,19.1
2016-06-26,5.6
2016-06-27,NA
2016-06-28,18.7
2016-06-29,7.5
2016-06-30,128.6
2016-07-01,9.9
2016-07-02,7.6
2016-07-03,20.7
2016-07-04,23.3
2016-07-05,43.1
2016-07-06,26.5
2016-07-07,2
2016-07-08,2
2016-07-09,6.7
2016-07-10,2
2016-07-11,15.1
2016-07-12,12.4
2016-07-13,23.7
2016-07-14,2
2016-07-15,8.4
2016-07-16,29.3
2016-07-17,5
2016-07-18,16.7
2016-07-19,13.8
2016-07-20,10.5
2016-07-21,7.4
2016-07-22,19.1
2016-07-23,13.8
2016-07-24,28.8
2016-07-25,23.1
2016-07-26,NA
2016-07-27,15.7
2016-07-28,14.4
2016-07-29,23.9
2016-07-30,14.1
2016-07-31,82.9
2016-08-01,27
2016-08-02,12
2016-08-03,10.3
2016-08-04,2
2016-08-05,8.5
2016-08-06,16.5
2016-08-07,20.7
2016-08-08,7.6
2016-08-09,34.6
2016-08-10,10.6
2016-08-11,25.3
2016-08-12,24.4
2016-08-13,8.3
2016-08-14,26.1
2016-08-15,6.2
2016-08-16,22.8
2016-08-17,22.5
2016-08-18,27.1
2016-08-19,6
2016-08-20,16.7
2016-08-21,NA
2016-08-22,7.9
2016-08-23,16.3
2016-08-24,24.2
2016-08-25,23
2016-08-26,8.7
2016-08-27,12.4
2016-08-28,17.9
2016-08-29,15.1
2016-08-30,17.4
2016-08-31,17.1
2016-09-01,17.2
2016-09-02,15.3
2016-09-03,23.1
2016-09-04,10.4
2016-09-05,11.9
2016-09-06,24.8
2016-09-07,16.5
2016-09-08,15.8
2016-09-09,21.6
2016-09-10,16.5
2016-09-11,28.7
2016-09-12,27.4
2016-09-13,74
2016-09-14,18.2
2016-09-15,29.1
2016-09-16,25.6
2016-09-17,17.7
2016-09-18,7.5
2016-09-19,22.6
2016-09-20,7.2
2016-09-21,35
2016-09-22,5
2016-09-23,25.2
2016-09-24,15.8
2016-09-25,14.3
2016-09-26,21.3
2016-09-27,22.8
2016-09-28,17.7
2016-09-29,27.2
2016-09-30,19.7
2016-10-01,78.6
2016-10-02,24.3
2016-10-03,26
2016-10-04,28.9
2016-10-05,28
2016-10-06,28.6
2016-10-07,35.6
2016-10-08,16.9
2016-10-09,30.9
2016-10-10,6.5
2016-10-11,38.9
2016-10-12,11.7
2016-10-13,19.7
2016-10-14,35.2
2016-10-15,21.9
2016-10-16,26.1
2016-10-17,24.7
2016-10-18,22.4
2016-10-19,22.8
2016-10-20,35
2016-10-21,27.6
2016-10-22,26.3
2016-10-23,47.1
2016-10-24,33.1
2016-10-25,33.3
2016-10-26,14.6
2016-10-27,19.4
2016-10-28,19
2016-10-29,35.6
2016-10-30,29
2016-10-31,18.7
2016-11-01,30.8
2016-11-02,28.6
2016-11-03,16.6
2016-11-04,27.1
2016-11-05,32.7
2016-11-06,33.4
2016-11-07,32.8
2016-11-08,43.7
2016-11-09,28.2
2016-11-10,48.4
2016-11-11,38.5
2016-11-12,32
2016-11-13,34.4
2016-11-14,33.7
2016-11-15,30.3
2016-11-16,47.4
2016-11-17,30.1
2016-11-18,27
2016-11-19,35
2016-11-20,42.2
2016-11-21,56.4
2016-11-22,41.9
2016-11-23,127.4
2016-11-24,43.2
2016-11-25,48.5
2016-11-26,30
2016-11-27,62
2016-11-28,34.7
2016-11-29,53.7
2016-11-30,38.7
2016-12-01,40.9
2016-12-02,42.7
2016-12-03,38.6
2016-12-04,37.4
2016-12-05,26.1
2016-12-06,59.1
2016-12-07,48.2
2016-12-08,58.3
2016-12-09,42.4
2016-12-10,43.2
2016-12-11,43.6
2016-12-12,47.4
2016-12-13,47.7
2016-12-14,24.9
2016-12-15,42.1
2016-12-16,40.5
2016-12-17,35.7
2016-12-18,31.5
2016-12-19,42.3
2016-12-20,43.3
2016-12-21,39.5
2016-12-22,35.1
2016-12-23,36.7
2016-12-24,52.5
2016-12-25,44.2
2016-12-26,47.9
2016-12-27,37.7
2016-12-28,42.7
2016-12-29,30.5
2016-12-30,38.2
2016-12-31,48.1
2017-01-01,35.2
2017-01-02,46.7
2017-01-03,42.7
2017-01-04,41.7
2017-01-05,49.9
2017-01-06,45.2
2017-01-07,34.7
2017-01-08,57.5
2017-01-09,38.1
2017-01-10,43.1
2017-01-11,28.5
2017-01-12,49
2017-01-13,36.8
2017-01-14,46.3
2017-01-15,40.3
2017-01-16,42.9
2017-01-17,48.3
2017-01-18,50.4
2017-01-19,29.2
2017-01-20,41.9
2017-01-21,47.6
2017-01-22,49
2017-01-23,38.7
2017-01-24,40.4
2017-01-25,48.6
2017-01-26,34.1
2017-01-27,51.4
2017-01-28,42.1
2017-01-29,39.8
2017-01-30,33.4
2017-01-31,45.2
2017-02-01,30.7
2017-02-02,42.4
2017-02-03,46.9
2017-02-04,33.5
2017-02-05,32.1
2017-02-06,39.9
2017-02-07,44.3
2017-02-08,37.4
2017-02-09,52.7
2017-02-10,41.6
2017-02-11,44.1
2017-02-12,45.6
2017-02-13,51.2
2017-02-14,28.6
2017-02-15,45.1
2017-02-16,56.3
2017-02-17,38.6
2017-02-18,40.2
2017-02-19,40
2017-02-20,37.2
2017-02-21,35.3
2017-02-22,45.6
2017-02-23,47.1
2017-02-24,48.3
2017-02-25,42.5
2017-02-26,38.2
2017-02-27,27.1
2017-02-28,44.8
2017-03-01,34.7
2017-03-02,NA
2017-03-03,47.4
2017-03-04,NA
2017-03-05,39.6
2017-03-06,36.9
2017-03-07,44.2
2017-03-08,35.1
2017-03-09,NA
2017-03-10,36.5
2017-03-11,33
2017-03-12,41.6
2017-03-13,27.4
2017-03-14,26.1
2017-03-15,52.1
2017-03-16,58.8
2017-03-17,37.5
2017-03-18,39.3
2017-03-19,31.8
2017-03-20,23.6
2017-03-21,27.7
2017-03-22,28
2017-03-23,29.3
2017-03-24,40.4
2017-03-25,37.6
2017-03-26,11.9
2017-03-27,27.3
2017-03-28,29.4
2017-03-29,28.9
2017-03-30,22.7
2017-03-31,39.8
2017-04-01,27.5
2017-04-02,24.5
2017-04-03,34.8
2017-04-04,15.7
2017-04-05,NA
2017-04-06,30.6
2017-04-07,29.4
2017-04-08,23.7
2017-04-09,16.1
2017-04-10,31.4
2017-04-11,37.5
2017-04-12,34.2
2017-04-13,26.2
2017-04-14,33.1
2017-04-15,32.8
2017-04-16,25.4
2017-04-17,29.7
2017-04-18,30.6
2017-04-19,27.4
2017-04-20,26.9
2017-04-21,28.5
2017-04-22,28.7
2017-04-23,32.5
2017-04-24,33.4
2017-04-25,35.3
2017-04-26,19.2
2017-04-27,18.1
2017-04-28,34.8
2017-04-29,36.3
2017-04-30,43
2017-05-01,32.9
2017-05-02,34.8
2017-05-03,17.4
2017-05-04,30
2017-05-05,13.3
2017-05-06,16.5
2017-05-07,9.9
2017-05-08,32.9
2017-05-09,14.6
2017-05-10,16.7
2017-05-11,32.2
2017-05-12,29.3
2017-05-13,31.4
2017-05-14,14.8
2017-05-15,24.6
2017-05-16,33.4
2017-05-17,12.6
2017-05-18,9
2017-05-19,26.7
2017-05-20,18.7
2017-05-21,21.9
2017-05-22,16.1
2017-05-23,4.8
2017-05-24,17.2
2017-05-25,22.1
2017-05-26,21.6
2017-05-27,8.4
2017-05-28,14.1
2017-05-29,25.4
2017-05-30,115.9
2017-05-31,10
2017-06-01,22.9
2017-06-02,18.8
2017-06-03,14
2017-06-04,13.6
2017-06-05,22.4
2017-06-06,15.9
2017-06-07,22.9
2017-06-08,15.5
2017-06-09,20.8
2017-06-10,15
2017-06-11,27.8
2017-06-12,15.3
2017-06-13,2.5
2017-06-14,2
2017-06-15,5.2
2017-06-16,20.2
2017-06-17,23.2
2017-06-18,21.9
2017-06-19,12.5
2017-06-20,9.7
2017-06-21,17.4
2017-06-22,19.9
2017-06-23,3.4
2017-06-24,6
2017-06-25,2
2017-06-26,9
2017-06-27,21.8
2017-06-28,2
2017-06-29,19.7
2017-06-30,26.1
2017-07-01,14.9
2017-07-02,16
2017-07-03,12.8
2017-07-04,2.5
2017-07-05,7.3
2017-07-06,3.9
2017-07-07,12
2017-07-08,6.4
2017-07-09,12.6
2017-07-10,10.6
2017-07-11,13.9
2017-07-12,20.7
2017-07-13,5.5
2017-07-14,5.8
2017-07-15,13.1
2017-07-16,14.9
2017-07-17,12.3
2017-07-18,7.4
2017-07-19,21
2017-07-20,2
2017-07-21,13
2017-07-22,18.2
2017-07-23,9.3
2017-07-24,12.9
2017-07-25,18.9
2017-07-26,24
2017-07-27,20.1
2017-07-28,16.1
2017-07-29,9.7
2017-07-30,24
2017-07-31,13.7
2017-08-01,19.5
2017-08-02,3.7
2017-08-03,20.3
2017-08-04,15.1
2017-08-05,3.8
2017-08-06,26.9
2017-08-07,18.4
2017-08-08,26.7
2017-08-09,12.9
2017-08-10,19.4
2017-08-11,16.3
2017-08-12,12.2
2017-08-13,24
2017-08-14,12.2
2017-08-15,3.7
2017-08-16,23
2017-08-17,24.3
2017-08-18,10.9
2017-08-19,2.7
2017-08-20,16.5
2017-08-21,9.7
2017-08-22,23.4
2017-08-23,21.5
2017-08-24,33.3
2017-08-25,NA
2017-08-26,14.6
2017-08-27,22.8
2017-08-28,11.4
2017-08-29,18.3
2017-08-30,2
2017-08-31,3.4
2017-09-01,20.6
2017-09-02,3.2
2017-09-03,11.4
2017-09-04,26.6
2017-09-05,10.6
2017-09-06,3.6
2017-09-07,13.5
2017-09-08,5.4
2017-09-09,16.2
2017-09-10,15.4
2017-09-11,48
2017-09-12,18.3
2017-09-13,17
2017-09-14,16.9
2017-09-15,30.2
2017-09-16,26.7
2017-09-17,22.7
2017-09-18,17.3
2017-09-19,16.1
2017-09-20,24.9
2017-09-21,28.1
2017-09-22,24.4
2017-09-23,31.7
2017-09-24,45.1
2017-09-25,31.7
2017-09-26,27.6
2017-09-27,15.2
2017-09-28,26.1
2017-09-29,11.2
2017-09-30,18.9
2017-10-01,20.4
2017-10-02,15.9
2017-10-03,29.5
2017-10-04,9.2
2017-10-05,26.9
2017-10-06,28.7
2017-10-07,15.3
2017-10-08,25.8
2017-10-09,22.1
2017-10-10,34.4
2017-10-11,26.6
2017-10-12,25.8
2017-10-13,12.8
2017-10-14,31.2
2017-10-15,21.5
2017-10-16,25.3
2017-10-17,22.4
2017-10-18,24.8
2017-10-19,6.7
2017-10-20,32.8
2017-10-21,28.5
2017-10-22,35
2017-10-23,22.8
2017-10-24,18.6
2017-10-25,37.3
2017-10-26,20.1
2017-10-27,20.5
2017-10-28,37.3
2017-10-29,38.6
2017-10-30,24.8
2017-10-31,30
2017-11-01,36.2
2017-11-02,26.1
2017-11-03,18.9
2017-11-04,27.1
2017-11-05,23.4
2017-11-06,28.9
2017-11-07,44.7
2017-11-08,39
2017-11-09,35
2017-11-10,35.1
2017-11-11,29
2017-11-12,44
2017-11-13,37.8
2017-11-14,25.1
2017-11-15,30.1
2017-11-16,41.8
2017-11-17,36.5
2017-11-18,46.6
2017-11-19,42.6
2017-11-20,24.9
2017-11-21,24.9
2017-11-22,22.3
2017-11-23,20.8
2017-11-24,31.6
2017-11-25,41.3
2017-11-26,23.3
2017-11-27,24.6
2017-11-28,45.8
2017-11-29,44.4
2017-11-30,32.3
2017-12-01,25.6
2017-12-02,43.6
2017-12-03,23
2017-12-04,39.2
2017-12-05,44.4
2017-12-06,26
2017-12-07,32.5
2017-12-08,43.2
2017-12-09,30.5
2017-12-10,36.3
2017-12-11,36.5
2017-12-12,52.2
2017-12-13,29.9
2017-12-14,23.5
2017-12-15,39.6
2017-12-16,46.7
2017-12-17,37.8
2017-12-18,53.9
2017-12-19,30.6
2017-12-20,52.7
2017-12-21,44.2
2017-12-22,46.7
2017-12-23,33.5
2017-12-24,37.3
2017-12-25,46.5
2017-12-26,32.6
2017-12-27,36
2017-12-28,33.2
2017-12-29,41
2017-12-30,41.9
2017-12-31,31.5
2018-01-01,69.5
2018-01-02,49.4
2018-01-03,50.3
2018-01-04,36.3
2018-01-05,47.6
2018-01-06,44.1
2018-01-07,45.1
2018-01-08,44.3
2018-01-09,67.9
2018-01-10,50.2
2018-01-11,44.4
2018-01-12,36.3
2018-01-13,45.6
2018-01-14,32.3
2018-01-15,54.3
2018-01-16,42.8
2018-01-17,52.3
2018-01-18,44.8
2018-01-19,30.1
2018-01-20,57.6
2018-01-21,61.4
2018-01-22,36.2
2018-01-23,56.5
2018-01-24,41.2
2018-01-25,45.6
2018-01-26,49.3
2018-01-27,30.8
2018-01-28,46
2018-01-29,25.5
2018-01-30,41.1
2018-01-31,54.3
2018-02-01,44.6
2018-02-02,32.4
2018-02-03,61.5
2018-02-04,34.7
2018-02-05,51.2
2018-02-06,52.9
2018-02-07,46.8
2018-02-08,49.7
2018-02-09,46.2
2018-02-10,46.2
2018-02-11,43
2018-02-12,32.6
2018-02-13,30.6
2018-02-14,NA
2018-02-15,41.4
2018-02-16,44.3
2018-02-17,47.1
2018-02-18,NA
2018-02-19,39.7
2018-02-20,30.7
2018-02-21,38
2018-02-22,29.3
2018-02-23,56.9
2018-02-24,24.5
2018-02-25,32.3
2018-02-26,31.6
2018-02-27,36.9
2018-02-28,48.3
2018-03-01,103.8
2018-03-02,47.2
2018-03-03,43.2
2018-03-04,35.8
2018-03-05,38.2
2018-03-06,34.8
2018-03-07,43.4
2018-03-08,41.5
2018-03-09,26.6
2018-03-10,29.5
2018-03-11,39.1
2018-03-12,29
2018-03-13,39.4
2018-03-14,33
2018-03-15,35.7
2018-03-16,36.4
2018-03-17,33.9
2018-03-18,44.8
2018-03-19,25.3
2018-03-20,32.5
2018-03-21,47.4
2018-03-22,23.6
2018-03-23,36.4
2018-03-24,28.4
2018-03-25,30
2018-03-26,33.1
2018-03-27,28.9
2018-03-28,34.8
2018-03-29,19.1
2018-03-30,25.9
2018-03-31,27.6
2018-04-01,20.1
2018-04-02,44.3
2018-04-03,39.5
2018-04-04,38.8
2018-04-05,33.6
2018-04-06,43
2018-04-07,34.8
2018-04-08,36.9
2018-04-09,23
2018-04-10,30.2
2018-04-11,32.5
2018-04-12,41.9
2018-04-13,37.1
2018-04-14,33.8
2018-04-15,30.1
2018-04-16,22.8
2018-04-17,43.8
2018-04-18,2
2018-04-19,4.2
2018-04-20,29.3
2018-04-21,29.5
2018-04-22,24.7
2018-04-23,29.9
2018-04-24,16.7
2018-04-25,26
2018-04-26,27.5
2018-04-27,22.3
2018-04-28,31.8
2018-04-29,22.5
2018-04-30,13.4
2018-05-01,44.1
2018-05-02,25.7
2018-05-03,35.5
2018-05-04,29
2018-05-05,32.7
2018-05-06,25.9
2018-05-07,29
2018-05-08,15.7
2018-05-09,16.1
2018-05-10,21.7
2018-05-11,16
2018-05-12,45.4
2018-05-13,14
2018-05-14,37.3
2018-05-15,12.5
2018-05-16,23.2
2018-05-17,17.5
2018-05-18,36.7
2018-05-19,7.4
2018-05-20,30.9
2018-05-21,23.1
2018-05-22,9.5
2018-05-23,17.5
2018-05-24,23
2018-05-25,27.2
2018-05-26,28.9
2018-05-27,NA
2018-05-28,14.7
2018-05-29,19.4
2018-05-30,13.6
2018-05-31,NA
2018-06-01,NA
2018-06-02,9.2
2018-06-03,4.3
2018-06-04,17.5
2018-06-05,18
2018-06-06,3.2
2018-06-07,2
2018-06-08,23.7
2018-06-09,7
2018-06-10,41.4
2018-06-11,19.5
2018-06-12,14.9
2018-06-13,18.7
2018-06-14,6.4
2018-06-15,13.3
2018-06-16,17.9
2018-06-17,24.9
2018-06-18,7.4
2018-06-19,15.9
2018-06-20,20.5
2018-06-21,25.9
2018-06-22,6.9
2018-06-23,21.2
2018-06-24,13.1
2018-06-25,14.9
2018-06-26,10
2018-06-27,7.8
2018-06-28,22.9
2018-06-29,2
2018-06-30,25
2018-07-01,2.5
2018-07-02,3.3
2018-07-03,13.7
2018-07-04,11.4
2018-07-05,10.3
2018-07-06,2
2018-07-07,26.2
2018-07-08,11.8
2018-07-09,3
2018-07-10,20
2018-07-11,14.8
2018-07-12,4
2018-07-13,13.7
2018-07-14,8
2018-07-15,19.5
2018-07-16,2
2018-07-17,11.9
2018-07-18,12
2018-07-19,33.3
2018-07-20,7.6
2018-07-21,15.3
2018-07-22,9.8
2018-07-23,6.9
2018-07-24,2
2018-07-25,6.8
2018-07-26,5.2
2018-07-27,12.3
2018-07-28,15.7
2018-07-29,2
2018-07-30,11.8
2018-07-31,14
2018-08-01,12.9
2018-08-02,28.3
2018-08-03,NA
2018-08-04,18.5
2018-08-05,21.7
2018-08-06,18.2
2018-08-07,15.1
2018-08-08,16.4
2018-08-09,37.8
2018-08-10,2
2018-08-11,32.3
2018-08-12,12.4
2018-08-13,22.2
2018-08-14,12
2018-08-15,92.3
2018-08-16,10.3
2018-08-17,19
2018-08-18,16
2018-08-19,22.4
2018-08-20,8.8
2018-08-21,28.1
2018-08-22,20.2
2018-08-23,18.6
2018-08-24,25.5
2018-08-25,17
2018-08-26,14.8
2018-08-27,17.4
2018-08-28,22.8
2018-08-29,15.1
2018-08-30,21.8
2018-08-31,6.8
2018-09-01,30
2018-09-02,15.1
2018-09-03,15.8
2018-09-04,16.4
2018-09-05,27.3
2018-09-06,29.1
2018-09-07,18.5
2018-09-08,14.8
2018-09-09,23.9
2018-09-10,23.5
2018-09-11,6.1
2018-09-12,29.1
2018-09-13,2
2018-09-14,29.8
2018-09-15,30.7
2018-09-16,34.2
2018-09-17,10.2
2018-09-18,7.1
2018-09-19,12.5
2018-09-20,10.5
2018-09-21,29.1
2018-09-22,18
2018-09-23,15.7
2018-09-24,65.3
2018-09-25,21.9
2018-09-26,15.9
2018-09-27,12.6
2018-09-28,22.2
2018-09-29,36.6
2018-09-30,24.8
2018-10-01,26.3
2018-10-02,37.7
2018-10-03,20.5
2018-10-04,21
2018-10-05,31.7
2018-10-06,NA
2018-10-07,33.3
2018-10-08,40.2
2018-10-09,26.1
2018-10-10,16.5
2018-10-11,31.1
2018-10-12,25.4
2018-10-13,19.8
2018-10-14,23.5
2018-10-15,91
2018-10-16,17.6
2018-10-17,28.5
2018-10-18,31.3
2018-10-19,36
2018-10-20,31.9
2018-10-21,20.4
2018-10-22,28.3
2018-10-23,10.5
2018-10-24,45.2
2018-10-25,20.2
2018-10-26,25.1
2018-10-27,35.9
2018-10-28,33.1
2018-10-29,28.8
2018-10-30,NA
2018-10-31,26.4
2018-11-01,23.2
2018-11-02,30.3
2018-11-03,28.3
2018-11-04,31
2018-11-05,39.4
2018-11-06,31.5
2018-11-07,35.4
2018-11-08,37.7
2018-11-09,31
2018-11-10,37.4
2018-11-11,38.1
2018-11-12,25.8
2018-11-13,41.2
2018-11-14,32.2
2018-11-15,47.6
2018-11-16,42.9
2018-11-17,53.1
2018-11-18,25.7
2018-11-19,28
2018-11-20,27.9
2018-11-21,45.1
2018-11-22,39.6
2018-11-23,36.1
2018-11-24,36.1
2018-11-25,38
2018-11-26,44.2
2018-11-27,41.3
2018-11-28,48.1
2018-11-29,35.1
2018-11-30,52.8
2018-12-01,34.7
2018-12-02,29.6
2018-12-03,35.7
2018-12-04,35
2018-12-05,42.3
2018-12-06,46.1
2018-12-07,49.9
2018-12-08,43.4
2018-12-09,38
2018-12-10,36.9
2018-12-11,49.2
2018-12-12,40.5
2018-12-13,36
2018-12-14,37.9
2018-12-15,31.8
2018-12-16,28.2
2018-12-17,32.9
2018-12-18,39.6
2018-12-19,44.6
2018-12-20,43.4
2018-12-21,82.8
2018-12-22,28
2018-12-23,26.6
2018-12-24,52.9
2018-12-25,46.9
2018-12-26,42.3
2018-12-27,46.3
2018-12-28,25.3
2018-12-29,37.1
2018-12-30,45.1
2018-12-31,40.2
2019-01-01,26.6
2019-01-02,42
2019-01-03,40.4
2019-01-04,42
2019-01-05,28.7
2019-01-06,42.8
2019-01-07,44.9
2019-01-08,31.4
2019-01-09,28.6
2019-01-10,31.9
2019-01-11,39.7
2019-01-12,41.8
2019-01-13,35
2019-01-14,50.9
2019-01-15,36.4
2019-01-16,34
2019-01-17,35.4
2019-01-18,47.3
2019-01-19,44
2019-01-20,24.3
2019-01-21,30.3
2019-01-22,32.1
2019-01-23,47.5
2019-01-24,53.7
2019-01-25,47.4
2019-01-26,32
2019-01-27,42.6
2019-01-28,34.3
2019-01-29,43
2019-01-30,41.3
2019-01-31,48.1
2019-02-01,56.9
2019-02-02,33.3
2019-02-03,43.2
2019-02-04,29.5
2019-02-05,45.1
2019-02-06,31.6
2019-02-07,64.2
2019-02-08,33
2019-02-09,40.8
2019-02-10,44.9
2019-02-11,52.8
2019-02-12,47.8
2019-02-13,47.8
2019-02-14,37.8
2019-02-15,NA
2019-02-16,33.2
2019-02-17,37.6
2019-02-18,37.3
2019-02-19,41.3
2019-02-20,28.3
2019-02-21,22.6
2019-02-22,33.2
2019-02-23,43.3
2019-02-24,33.7
2019-02-25,42.1
2019-02-26,37.9
2019-02-27,25.9
2019-02-28,44.9
2019-03-01,122.9
2019-03-02,46.8
2019-03-03,47.9
2019-03-04,33.1
2019-03-05,48
2019-03-06,35.8
2019-03-07,30.4
2019-03-08,24.1
2019-03-09,34
2019-03-10,46.6
2019-03-11,20.7
2019-03-12,32.1
2019-03-13,45.8
2019-03-14,31.4
2019-03-15,30.3
2019-03-16,34.9
2019-03-17,25.5
2019-03-18,18.3
2019-03-19,33.6
2019-03-20,32.7
2019-03-21,25
2019-03-22,31.7
2019-03-23,29.2
2019-03-24,26.1
2019-03-25,35.1
2019-03-26,33.5
2019-03-27,40
2019-03-28,30.3
2019-03-29,20.8
2019-03-30,32.2
2019-03-31,38
2019-04-01,37.4
2019-04-02,41.2
2019-04-03,22.6
2019-04-04,40.8
2019-04-05,28.5
2019-04-06,33.3
2019-04-07,20
2019-04-08,29.5
2019-04-09,36.8
2019-04-10,33.7
2019-04-11,34.7
2019-04-12,26.8
2019-04-13,29.2
2019-04-14,14.9
2019-04-15,40.5
2019-04-16,29.4
2019-04-17,21.8
2019-04-18,37.7
2019-04-19,26.6
2019-04-20,10.2
2019-04-21,26.3
2019-04-22,30.3
2019-04-23,3.3
2019-04-24,21.1
2019-04-25,16.7
2019-04-26,27.3
2019-04-27,26.9
2019-04-28,26.7
2019-04-29,27.7
2019-04-30,28.3
2019-05-01,12.6
2019-05-02,26.8
2019-05-03,19.6
2019-05-04,25
2019-05-05,27.9
2019-05-06,24.9
2019-05-07,20.1
2019-05-08,17.8
2019-05-09,29.3
2019-05-10,21.2
2019-05-11,46.2
2019-05-12,25.9
2019-05-13,8.1
2019-05-14,20.3
2019-05-15,10.4
2019-05-16,18.7
2019-05-17,11.9
2019-05-18,15.3
2019-05-19,14.5
2019-05-20,23.3
2019-05-21,8.2
2019-05-22,15.7
2019-05-23,22.6
2019-05-24,28.1
2019-05-25,35.7
2019-05-26,18.4
2019-05-27,24
2019-05-28,17.6
2019-05-29,19.1
2019-05-30,28.3
2019-05-31,12.7
2019-06-01,20.4
2019-06-02,23.2
2019-06-03,7.6
2019-06-04,9.5
2019-06-05,16.3
2019-06-06,15.2
2019-06-07,13.5
2019-06-08,21.7
2019-06-09,5.4
2019-06-10,24.2
2019-06-11,8.6
2019-06-12,22.4
2019-06-13,2
2019-06-14,16.1
2019-06-15,8.9
2019-06-16,22.2
2019-06-17,5.3
2019-06-18,2
2019-06-19,2
2019-06-20,10.3
2019-06-21,6.8
2019-06-22,14.1
2019-06-23,4.8
2019-06-24,11.3
2019-06-25,16.8
2019-06-26,107
2019-06-27,24.2
2019-06-28,12.7
2019-06-29,5.3
2019-06-30,20.3
2019-07-01,3.8
2019-07-02,4.4
2019-07-03,2
2019-07-04,19.3
2019-07-05,8.1
2019-07-06,52.9
2019-07-07,8
2019-07-08,22.3
2019-07-09,8.6
2019-07-10,17.4
2019-07-11,27.5
2019-07-12,14.7
2019-07-13,7.4
2019-07-14,9.7
2019-07-15,17.2
2019-07-16,13.3
2019-07-17,15.4
2019-07-18,13.5
2019-07-19,20.8
2019-07-20,5.6
2019-07-21,3.1
2019-07-22,2
2019-07-23,5.9
2019-07-24,5.1
2019-07-25,12.5
2019-07-26,20.9
2019-07-27,4.9
2019-07-28,NA
2019-07-29,14.5
2019-07-30,27
2019-07-31,17.2
2019-08-01,18.4
2019-08-02,2
2019-08-03,9.3
2019-08-04,5.4
2019-08-05,10.6
2019-08-06,23.3
2019-08-07,21.3
2019-08-08,26
2019-08-09,17
2019-08-10,65.7
2019-08-11,2
2019-08-12,10.3
2019-08-13,15.4
2019-08-14,2
2019-08-15,17.9
2019-08-16,23.3
2019-08-17,2
2019-08-18,10.4
2019-08-19,22.9
2019-08-20,2
2019-08-21,5.1
2019-08-22,21.8
2019-08-23,15.5
2019-08-24,20.7
2019-08-25,16.8
2019-08-26,11.3
2019-08-27,12
2019-08-28,9.1
2019-08-29,24
2019-08-30,2
2019-08-31,5.9
2019-09-01,2
2019-09-02,28.6
2019-09-03,6.8
2019-09-04,17.9
2019-09-05,10.9
2019-09-06,5.3
2019-09-07,14.9
2019-09-08,36.7
2019-09-09,17
2019-09-10,27.3
2019-09-11,21.9
2019-09-12,16.4
2019-09-13,13.5
2019-09-14,27.2
2019-09-15,13.3
2019-09-16,3.8
2019-09-17,23.8
2019-09-18,20.9
2019-09-19,6
2019-09-20,28.8
2019-09-21,17.9
2019-09-22,4.2
2019-09-23,20.6
2019-09-24,10
2019-09-25,16.6
2019-09-26,16.4
2019-09-27,22.2
2019-09-28,23
2019-09-29,103.3
2019-09-30,20.7
2019-10-01,21.9
2019-10-02,14.9
2019-10-03,26.9
2019-10-04,9.7
2019-10-05,17.7
2019-10-06,16.9
2019-10-07,28.6
2019-10-08,33.3
2019-10-09,22.8
2019-10-10,36.8
2019-10-11,28.6
2019-10-12,27.5
2019-10-13,NA
2019-10-14,36.9
2019-10-15,35.7
2019-10-16,44.4
2019-10-17,34.7
2019-10-18,24.9
2019-10-19,22.4
2019-10-20,15.8
2019-10-21,32
2019-10-22,29.3
2019-10-23,32.5
2019-10-24,19.8
2019-10-25,29.7
2019-10-26,27.3
2019-10-27,23.4
2019-10-28,28.6
2019-10-29,25.5
2019-10-30,20.7
2019-10-31,23.4
2019-11-01,21.2
2019-11-02,73
2019-11-03,37.6
2019-11-04,26.7
2019-11-05,32.4
2019-11-06,27.8
2019-11-07,42.1
2019-11-08,45
2019-11-09,50.8
2019-11-10,28.7
2019-11-11,28
2019-11-12,17.9
2019-11-13,34.8
2019-11-14,21.2
2019-11-15,28.1
2019-11-16,34.9
2019-11-17,25.6
2019-11-18,NA
2019-11-19,23.1
2019-11-20,41.8
2019-11-21,41.2
2019-11-22,NA
2019-11-23,18.8
2019-11-24,38.9
2019-11-25,25.6
2019-11-26,43.4
2019-11-27,23.4
2019-11-28,34.3
2019-11-29,48.7
2019-11-30,NA
2019-12-01,16
2019-12-02,38.6
2019-12-03,55.4
2019-12-04,26.4
2019-12-05,39.8
2019-12-06,47.1
2019-12-07,NA
2019-12-08,24.1
2019-12-09,45.5
2019-12-10,39.7
2019-12-11,49.7
2019-12-12,32.4
2019-12-13,46.7
2019-12-14,91.6
2019-12-15,30
2019-12-16,38.1
2019-12-17,35.6
2019-12-18,23.7
2019-12-19,23.5
2019-12-20,42.7
2019-12-21,17.2
2019-12-22,43.8
2019-12-23,36.6
2019-12-24,NA
2019-12-25,24.1
2019-12-26,54.2
2019-12-27,37.5
2019-12-28,33.4
2019-12-29,43.6
2019-12-30,54.7
2019-12-31,47.4
2020-01-01,41.9
2020-01-02,38.4
2020-01-03,41.2
2020-01-04,35.2
2020-01-05,34.4
2020-01-06,39
2020-01-07,41.1
2020-01-08,44.6
2020-01-09,40.9
2020-01-10,53.9
2020-01-11,26
2020-01-12,39.1
2020-01-13,25.9
2020-01-14,110.1
2020-01-15,43.4
2020-01-16,40.8
2020-01-17,35
2020-01-18,45.2
2020-01-19,45
2020-01-20,60.4
2020-01-21,23.9
2020-01-22,40.4
2020-01-23,50.3
2020-01-24,47.5
2020-01-25,38.6
2020-01-26,40.5
2020-01-27,57.5
2020-01-28,37
2020-01-29,29.2
2020-01-30,34.1
2020-01-31,48.2
2020-02-01,48.1
2020-02-02,50.1
2020-02-03,41.6
2020-02-04,40.9
2020-02-05,60.7
2020-02-06,33.5
2020-02-07,31.9
2020-02-08,55.1
2020-02-09,36.8
2020-02-10,41.9
2020-02-11,43.1
2020-02-12,29.7
2020-02-13,38.7
2020-02-14,39
2020-02-15,38.5
2020-02-16,53
2020-02-17,27.2
2020-02-18,50.4
2020-02-19,34.6
2020-02-20,35.3
2020-02-21,37
2020-02-22,41.9
2020-02-23,26.5
2020-02-24,42.7
2020-02-25,38.8
2020-02-26,25.3
2020-02-27,24.1
2020-02-28,30.3
2020-02-29,34.3
2020-03-01,43.5
2020-03-02,39.1
2020-03-03,34
2020-03-04,45.5
2020-03-05,33
2020-03-06,33.5
2020-03-07,39.8
2020-03-08,34.9
2020-03-09,27.2
2020-03-10,27.3
2020-03-11,38.4
2020-03-12,31.2
2020-03-13,42.9
2020-03-14,58.7
2020-03-15,33.2
2020-03-16,39
2020-03-17,40.3
2020-03-18,52.4
2020-03-19,25
2020-03-20,19
2020-03-21,28.6
2020-03-22,35.2
2020-03-23,31.2
2020-03-24,49
2020-03-25,35.2
2020-03-26,33.8
2020-03-27,57.3
2020-03-28,35.3
2020-03-29,41.8
2020-03-30,27.9
2020-03-31,25.1
2020-04-01,30
2020-04-02,19.8
2020-04-03,22.2
2020-04-04,35.9
2020-04-05,13.7
2020-04-06,33
2020-04-07,26.9
2020-04-08,32.8
2020-04-09,40.8
2020-04-10,28.8
2020-04-11,33.8
2020-04-12,23.6
2020-04-13,20.9
2020-04-14,33.5
2020-04-15,26.3
2020-04-16,27.5
2020-04-17,8.1
2020-04-18,28.7
2020-04-19,13.7
2020-04-20,26.6
2020-04-21,37.3
2020-04-22,24.5
2020-04-23,27.3
2020-04-24,20.2
2020-04-25,16.5
2020-04-26,18.9
2020-04-27,26.1
2020-04-28,26.1
2020-04-29,16.9
2020-04-30,32.6
2020-05-01,35.5
2020-05-02,27
2020-05-03,30.5
2020-05-04,35.8
2020-05-05,17.8
2020-05-06,16.5
2020-05-07,21.7
2020-05-08,27.5
2020-05-09,14.4
2020-05-10,13.7
2020-05-11,16.4
2020-05-12,19.9
2020-05-13,7.7
2020-05-14,26.1
2020-05-15,16.1
2020-05-16,18.9
2020-05-17,24.9
2020-05-18,17
2020-05-19,23.6
2020-05-20,19.2
2020-05-21,25.9
2020-05-22,31.1
2020-05-23,20.5
2020-05-24,18.1
2020-05-25,21
2020-05-26,18.9
2020-05-27,22.1
2020-05-28,16.5
2020-05-29,15.2
2020-05-30,23.7
2020-05-31,21.5
2020-06-01,11.3
2020-06-02,14.9
2020-06-03,3.1
2020-06-04,17.7
2020-06-05,26.8
2020-06-06,21.5
2020-06-07,15.2
2020-06-08,9.5
2020-06-09,5.6
2020-06-10,15.7
2020-06-11,12.9
2020-06-12,37.8
2020-06-13,14.6
2020-06-14,25.4
2020-06-15,14.1
2020-06-16,17.9
2020-06-17,2
2020-06-18,15.3
2020-06-19,14.5
2020-06-20,14.9
2020-06-21,15.5
2020-06-22,11.5
2020-06-23,15.8
2020-06-24,14.1
2020-06-25,14.4
2020-06-26,12.2
2020-06-27,24.4
2020-06-28,11.7
2020-06-29,22.6
2020-06-30,NA
2020-07-01,2
2020-07-02,8.1
2020-07-03,8.4
2020-07-04,5.8
2020-07-05,7
2020-07-06,73
2020-07-07,23.4
2020-07-08,14.2
2020-07-09,13.4
2020-07-10,34.1
2020-07-11,16.8
2020-07-12,5.7
2020-07-13,13.7
2020-07-14,2.1
2020-07-15,12.1
2020-07-16,6.6
2020-07-17,2.8
2020-07-18,13.9
2020-07-19,3.8
2020-07-20,25.8
2020-07-21,7.7
2020-07-22,15.6
2020-07-23,11.3
2020-07-24,17.6
2020-07-25,2
2020-07-26,38.3
2020-07-27,11.4
2020-07-28,20.9
2020-07-29,11.8
2020-07-30,23.6
2020-07-31,8.2
2020-08-01,3.8
2020-08-02,6.6
2020-08-03,2.8
2020-08-04,3.2
2020-08-05,18.3
2020-08-06,25
2020-08-07,8.1
2020-08-08,20.3
2020-08-09,20.1
2020-08-10,10.8
2020-08-11,9.2
2020-08-12,21.9
2020-08-13,22.7
2020-08-14,21.4
2020-08-15,3.9
2020-08-16,7.9
2020-08-17,21.4
2020-08-18,18.2
2020-08-19,11.3
2020-08-20,18.9
2020-08-21,17.6
2020-08-22,10.5
2020-08-23,14.4
2020-08-24,2
2020-08-25,NA
2020-08-26,11.3
2020-08-27,21.9
2020-08-28,9.6
2020-08-29,NA
2020-08-30,10.6
2020-08-31,25.4
2020-09-01,19.7
2020-09-02,2
2020-09-03,2
2020-09-04,18.5
2020-09-05,12.5
2020-09-06,22.1
2020-09-07,24.5
2020-09-08,25
2020-09-09,19.8
2020-09-10,22.5
2020-09-11,10.4
2020-09-12,48.7
2020-09-13,50.9
2020-09-14,2
2020-09-15,11.9
2020-09-16,35.3
2020-09-17,16.8
2020-09-18,13.5
2020-09-19,29.4
2020-09-20,25.3
2020-09-21,25.8
2020-09-22,9.4
2020-09-23,22.5
2020-09-24,17.9
2020-09-25,14.3
2020-09-26,19
2020-09-27,2.8
2020-09-28,13.4
2020-09-29,24
2020-09-30,163.2
2020-10-01,7.5
2020-10-02,32.2
2020-10-03,19.4
2020-10-04,23.5
2020-10-05,25.1
2020-10-06,30.5
2020-10-07,24.7
2020-10-08,32.1
2020-10-09,19.6
2020-10-10,16.6
2020-10-11,18.8
2020-10-12,34.4
2020-10-13,27.6
2020-10-14,30.4
2020-10-15,25.7
2020-10-16,42.4
2020-10-17,NA
2020-10-18,24.8
2020-10-19,28.8
2020-10-20,20
2020-10-21,39.8
2020-10-22,23
2020-10-23,34.5
2020-10-24,28
2020-10-25,20.2
2020-10-26,40.3
2020-10-27,19.2
2020-10-28,22
2020-10-29,NA
2020-10-30,34.9
2020-10-31,39.7
2020-11-01,19.4
2020-11-02,28.1
2020-11-03,24.6
2020-11-04,29.9
2020-11-05,33
2020-11-06,37.5
2020-11-07,37.3
2020-11-08,23.9
2020-11-09,31.5
2020-11-10,40.6
2020-11-11,38.5
2020-11-12,NA
2020-11-13,20.4
2020-11-14,38
2020-11-15,22.2
2020-11-16,35.7
2020-11-17,40.7
2020-11-18,34.1
2020-11-19,22.1
2020-11-20,36.7
2020-11-21,29.3
2020-11-22,40.5
2020-11-23,30.2
2020-11-24,28.2
2020-11-25,34.9
2020-11-26,41.1
2020-11-27,21.9
2020-11-28,28.8
2020-11-29,41.6
2020-11-30,43.3
2020-12-01,36.4
2020-12-02,48.9
2020-12-03,35.3
2020-12-04,34.7
2020-12-05,46
2020-12-06,40.9
2020-12-07,51
2020-12-08,42.6
2020-12-09,39.5
2020-12-10,41.7
2020-12-11,15.4
2020-12-12,34.9
2020-12-13,29.7
2020-12-14,36.9
2020-12-15,48.1
2020-12-16,48.9
2020-12-17,45.1
2020-12-18,29.3
2020-12-19,29.2
2020-12-20,46.6
2020-12-21,33.9
2020-12-22,36.9
2020-12-23,42.3
2020-12-24,39.4
2020-12-25,48.7
2020-12-26,38.1
2020-12-27,37
2020-12-28,46.1
2020-12-29,37
2020-12-30,41.1
2020-12-31,39.7
