"data","pm10"
2001-01-01,39.2
2001-01-02,36.3
2001-01-03,42.3
2001-01-04,37.9
2001-01-05,45.1
2001-01-06,45.8
2001-01-07,50.8
2001-01-08,33.1
2001-01-09,39.7
2001-01-10,36.8
2001-01-11,33.5
2001-01-12,45.3
2001-01-13,61
2001-01-14,45.6
2001-01-15,54.7
2001-01-16,51
2001-01-17,45
2001-01-18,47.3
2001-01-19,32.7
2001-01-20,38.4
2001-01-21,55.1
2001-01-22,56.2
2001-01-23,37
2001-01-24,38.2
2001-01-25,28.1
2001-01-26,51.1
2001-01-27,31.3
2001-01-28,24.7
2001-01-29,36.1
2001-01-30,52.1
2001-01-31,35.6
2001-02-01,39.7
2001-02-02,88.5
2001-02-03,36
2001-02-04,29.9
2001-02-05,41.2
2001-02-06,39.6
2001-02-07,107.9
2001-02-08,44.6
2001-02-09,38.3
2001-02-10,35.4
2001-02-11,37
2001-02-12,40.8
2001-02-13,52
2001-02-14,43.7
2001-02-15,29.1
2001-02-16,48.1
2001-02-17,50.7
2001-02-18,48.4
2001-02-19,41.5
2001-02-20,44.4
2001-02-21,37.9
2001-02-22,35.7
2001-02-23,32.7
2001-02-24,45.8
2001-02-25,42.3
2001-02-26,42.5
2001-02-27,34.6
2001-02-28,43.1
2001-03-01,33.9
2001-03-02,42.5
2001-03-03,39.2
2001-03-04,28.5
2001-03-05,52.3
2001-03-06,40.5
2001-03-07,52.6
2001-03-08,23.8
2001-03-09,18.4
2001-03-10,49.8
2001-03-11,21
2001-03-12,34.9
2001-03-13,42.7
2001-03-14,39.4
2001-03-15,103.8
2001-03-16,27.4
2001-03-17,41.1
2001-03-18,21.8
2001-03-19,115.9
2001-03-20,37.9
2001-03-21,44.1
2001-03-22,46.9
2001-03-23,49.1
2001-03-24,35.3
2001-03-25,31.2
2001-03-26,NA
2001-03-27,31.2
2001-03-28,36.7
2001-03-29,17.2
2001-03-30,32.3
2001-03-31,22.6
2001-04-01,36.9
2001-04-02,29.5
2001-04-03,37.8
2001-04-04,34.1
2001-04-05,41.6
2001-04-06,39.4
2001-04-07,32.9
2001-04-08,20.5
2001-04-09,33.1
2001-04-10,44.9
2001-04-11,34.4
2001-04-12,35.3
2001-04-13,46.6
2001-04-14,21.2
2001-04-15,22
2001-04-16,31
2001-04-17,17.6
2001-04-18,26
2001-04-19,9
2001-04-20,14.7
2001-04-21,21.6
2001-04-22,29.8
2001-04-23,28.6
2001-04-24,29.2
2001-04-25,31.2
2001-04-26,26.8
2001-04-27,24.2
2001-04-28,33.9
2001-04-29,12.2
2001-04-30,29.8
2001-05-01,28.9
2001-05-02,25.5
2001-05-03,18.5
2001-05-04,30.7
2001-05-05,35.6
2001-05-06,27.8
2001-05-07,16.7
2001-05-08,30
2001-05-09,14.7
2001-05-10,31.1
2001-05-11,24.9
2001-05-12,25.1
2001-05-13,15.9
2001-05-14,14
2001-05-15,19
2001-05-16,5.6
2001-05-17,26.2
2001-05-18,36.5
2001-05-19,12.8
2001-05-20,16.9
2001-05-21,14.3
2001-05-22,19.1
2001-05-23,25.4
2001-05-24,30
2001-05-25,17.4
2001-05-26,14.7
2001-05-27,19.1
2001-05-28,20
2001-05-29,18.1
2001-05-30,16.2
2001-05-31,16.8
2001-06-01,14.2
2001-06-02,11.1
2001-06-03,19.5
2001-06-04,18.1
2001-06-05,24.5
2001-06-06,25.5
2001-06-07,6
2001-06-08,12.7
2001-06-09,10.8
2001-06-10,17.2
2001-06-11,11
2001-06-12,12.2
2001-06-13,13.5
2001-06-14,9.3
2001-06-15,16.4
2001-06-16,20.3
2001-06-17,20.8
2001-06-18,22.4
2001-06-19,10.5
2001-06-20,2.4
2001-06-21,22.5
2001-06-22,17.2
2001-06-23,2.1
2001-06-24,7
2001-06-25,12.7
2001-06-26,2.9
2001-06-27,10.7
2001-06-28,13.6
2001-06-29,24.6
2001-06-30,15.9
2001-07-01,11.3
2001-07-02,3.5
2001-07-03,17.7
2001-07-04,2
2001-07-05,23.2
2001-07-06,13.6
2001-07-07,8.4
2001-07-08,2
2001-07-09,15.1
2001-07-10,13
2001-07-11,9.9
2001-07-12,2
2001-07-13,27.8
2001-07-14,18.8
2001-07-15,12.2
2001-07-16,5.9
2001-07-17,16.7
2001-07-18,18.6
2001-07-19,14.6
2001-07-20,5.6
2001-07-21,2.1
2001-07-22,13.1
2001-07-23,22.2
2001-07-24,NA
2001-07-25,21.7
2001-07-26,16.2
2001-07-27,13.9
2001-07-28,12.9
2001-07-29,15.4
2001-07-30,26.8
2001-07-31,2
2001-08-01,10.5
2001-08-02,31.5
2001-08-03,14.6
2001-08-04,11.1
2001-08-05,21.4
2001-08-06,8.5
2001-08-07,15.1
2001-08-08,26.5
2001-08-09,10.2
2001-08-10,36.4
2001-08-11,21.5
2001-08-12,11.9
2001-08-13,16
2001-08-14,NA
2001-08-15,16.5
2001-08-16,18.2
2001-08-17,9.7
2001-08-18,19.9
2001-08-19,14.8
2001-08-20,22.5
2001-08-21,10.1
2001-08-22,8.4
2001-08-23,2
2001-08-24,12
2001-08-25,10.1
2001-08-26,17.7
2001-08-27,15.7
2001-08-28,13.3
2001-08-29,19.8
2001-08-30,3.2
2001-08-31,19.1
2001-09-01,15
2001-09-02,7
2001-09-03,22.3
2001-09-04,28.2
2001-09-05,11.3
2001-09-06,29.7
2001-09-07,2
2001-09-08,10.7
2001-09-09,25.4
2001-09-10,31
2001-09-11,17.6
2001-09-12,10.6
2001-09-13,24.5
2001-09-14,18.9
2001-09-15,13.3
2001-09-16,19.6
2001-09-17,12.5
2001-09-18,21.2
2001-09-19,9.4
2001-09-20,14.3
2001-09-21,15.2
2001-09-22,24.7
2001-09-23,23.1
2001-09-24,42.3
2001-09-25,22.8
2001-09-26,12.2
2001-09-27,19.2
2001-09-28,34.7
2001-09-29,27.4
2001-09-30,28.3
2001-10-01,31.8
2001-10-02,30.3
2001-10-03,35.3
2001-10-04,30.6
2001-10-05,16
2001-10-06,13.8
2001-10-07,32.7
2001-10-08,23.1
2001-10-09,NA
2001-10-10,31.3
2001-10-11,20.3
2001-10-12,38.7
2001-10-13,25.9
2001-10-14,32.1
2001-10-15,18.3
2001-10-16,30
2001-10-17,24.8
2001-10-18,32.5
2001-10-19,36.9
2001-10-20,42.2
2001-10-21,29
2001-10-22,31.8
2001-10-23,29.6
2001-10-24,36.1
2001-10-25,18.2
2001-10-26,21.6
2001-10-27,32.8
2001-10-28,34
2001-10-29,27.8
2001-10-30,25.1
2001-10-31,40.3
2001-11-01,33.9
2001-11-02,17.7
2001-11-03,33.9
2001-11-04,39.2
2001-11-05,29.7
2001-11-06,16.6
2001-11-07,31.8
2001-11-08,23.1
2001-11-09,36.1
2001-11-10,41.6
2001-11-11,35.3
2001-11-12,19.5
2001-11-13,26
2001-11-14,46.3
2001-11-15,33.8
2001-11-16,24
2001-11-17,51.7
2001-11-18,36.3
2001-11-19,16.9
2001-11-20,34.2
2001-11-21,21.2
2001-11-22,34.5
2001-11-23,31.1
2001-11-24,47
2001-11-25,35.3
2001-11-26,45.1
2001-11-27,37.1
2001-11-28,42.5
2001-11-29,26.4
2001-11-30,40.7
2001-12-01,35.7
2001-12-02,37.7
2001-12-03,35.7
2001-12-04,26
2001-12-05,83
2001-12-06,38.7
2001-12-07,45.4
2001-12-08,23.2
2001-12-09,31.2
2001-12-10,46.4
2001-12-11,80.8
2001-12-12,43.8
2001-12-13,47.7
2001-12-14,48.9
2001-12-15,45.7
2001-12-16,50.6
2001-12-17,40.1
2001-12-18,40.5
2001-12-19,42.1
2001-12-20,37.5
2001-12-21,17.7
2001-12-22,43
2001-12-23,35.9
2001-12-24,49.6
2001-12-25,52
2001-12-26,40.6
2001-12-27,54.6
2001-12-28,54.3
2001-12-29,36.6
2001-12-30,57.4
2001-12-31,43.7
2002-01-01,48.3
2002-01-02,62.4
2002-01-03,58
2002-01-04,34.6
2002-01-05,37.6
2002-01-06,40
2002-01-07,39.1
2002-01-08,35.1
2002-01-09,37.1
2002-01-10,45.7
2002-01-11,33.1
2002-01-12,103.8
2002-01-13,49.2
2002-01-14,44.7
2002-01-15,58.3
2002-01-16,43
2002-01-17,51
2002-01-18,55.4
2002-01-19,41.8
2002-01-20,50.5
2002-01-21,42.1
2002-01-22,48.3
2002-01-23,55.6
2002-01-24,41.6
2002-01-25,29.6
2002-01-26,36.4
2002-01-27,45.1
2002-01-28,41.8
2002-01-29,39.3
2002-01-30,54.6
2002-01-31,37.6
2002-02-01,35.8
2002-02-02,41.9
2002-02-03,32.1
2002-02-04,43.9
2002-02-05,46.7
2002-02-06,47.7
2002-02-07,45
2002-02-08,17.2
2002-02-09,33.6
2002-02-10,29
2002-02-11,48.5
2002-02-12,21
2002-02-13,41.4
2002-02-14,49.5
2002-02-15,41.6
2002-02-16,39
2002-02-17,35.9
2002-02-18,24.5
2002-02-19,42.8
2002-02-20,36.4
2002-02-21,53.4
2002-02-22,45
2002-02-23,34.8
2002-02-24,40.1
2002-02-25,35
2002-02-26,39.7
2002-02-27,36.6
2002-02-28,46.6
2002-03-01,60
2002-03-02,37.1
2002-03-03,44.3
2002-03-04,36.6
2002-03-05,33
2002-03-06,44.5
2002-03-07,31.9
2002-03-08,40.6
2002-03-09,28.3
2002-03-10,44
2002-03-11,42.7
2002-03-12,34.9
2002-03-13,42.8
2002-03-14,23.5
2002-03-15,26.5
2002-03-16,26.2
2002-03-17,80.2
2002-03-18,42.3
2002-03-19,38
2002-03-20,41.5
2002-03-21,41.4
2002-03-22,43.8
2002-03-23,NA
2002-03-24,34.4
2002-03-25,28.7
2002-03-26,34.9
2002-03-27,36.7
2002-03-28,32.3
2002-03-29,32.9
2002-03-30,34.7
2002-03-31,28.1
2002-04-01,32.8
2002-04-02,31.1
2002-04-03,27.9
2002-04-04,23.6
2002-04-05,47.3
2002-04-06,18.6
2002-04-07,30.4
2002-04-08,22.4
2002-04-09,17.3
2002-04-10,20.5
2002-04-11,17.1
2002-04-12,29.6
2002-04-13,20.3
2002-04-14,17.9
2002-04-15,31.3
2002-04-16,25.6
2002-04-17,24.6
2002-04-18,31.4
2002-04-19,26.7
2002-04-20,18.1
2002-04-21,19.2
2002-04-22,27.6
2002-04-23,31.7
2002-04-24,43.7
2002-04-25,12.2
2002-04-26,35.8
2002-04-27,25.4
2002-04-28,12.3
2002-04-29,36.7
2002-04-30,21.7
2002-05-01,22.6
2002-05-02,39.6
2002-05-03,24.7
2002-05-04,30.3
2002-05-05,37.8
2002-05-06,5.2
2002-05-07,40.9
2002-05-08,24
2002-05-09,6.8
2002-05-10,23
2002-05-11,18.6
2002-05-12,29.4
2002-05-13,13.1
2002-05-14,21.2
2002-05-15,16.5
2002-05-16,17.7
2002-05-17,13.5
2002-05-18,19.7
2002-05-19,12.9
2002-05-20,24.6
2002-05-21,18.6
2002-05-22,33.7
2002-05-23,29.3
2002-05-24,8.9
2002-05-25,16.6
2002-05-26,23
2002-05-27,9
2002-05-28,10.1
2002-05-29,24.7
2002-05-30,29.1
2002-05-31,NA
2002-06-01,17.9
2002-06-02,18.8
2002-06-03,16.3
2002-06-04,20.5
2002-06-05,7.3
2002-06-06,18.9
2002-06-07,36.1
2002-06-08,12.3
2002-06-09,18.2
2002-06-10,15.8
2002-06-11,15.7
2002-06-12,52
2002-06-13,5.5
2002-06-14,7.8
2002-06-15,25
2002-06-16,17.5
2002-06-17,16.4
2002-06-18,16.3
2002-06-19,18.7
2002-06-20,16.5
2002-06-21,18.5
2002-06-22,2.2
2002-06-23,217
2002-06-24,4.8
2002-06-25,6.9
2002-06-26,3.5
2002-06-27,3.3
2002-06-28,20.8
2002-06-29,12
2002-06-30,8.1
2002-07-01,12
2002-07-02,68.7
2002-07-03,17.4
2002-07-04,8.5
2002-07-05,17.9
2002-07-06,7.9
2002-07-07,16.3
2002-07-08,12.7
2002-07-09,6.2
2002-07-10,25.6
2002-07-11,9.9
2002-07-12,17.7
2002-07-13,14.3
2002-07-14,149.9
2002-07-15,17.5
2002-07-16,117.4
2002-07-17,7.9
2002-07-18,16
2002-07-19,2
2002-07-20,12.4
2002-07-21,21
2002-07-22,15.3
2002-07-23,14.9
2002-07-24,24.7
2002-07-25,7.7
2002-07-26,17.7
2002-07-27,19.5
2002-07-28,19.4
2002-07-29,3.7
2002-07-30,6.1
2002-07-31,14.3
2002-08-01,5.7
2002-08-02,7.2
2002-08-03,14.5
2002-08-04,2
2002-08-05,16.4
2002-08-06,13.2
2002-08-07,19
2002-08-08,NA
2002-08-09,12.6
2002-08-10,22.2
2002-08-11,7.7
2002-08-12,9.4
2002-08-13,2
2002-08-14,21
2002-08-15,16.4
2002-08-16,NA
2002-08-17,6.6
2002-08-18,16
2002-08-19,10.8
2002-08-20,12.1
2002-08-21,19.8
2002-08-22,18.7
2002-08-23,11.6
2002-08-24,27.2
2002-08-25,16.4
2002-08-26,2
2002-08-27,18.1
2002-08-28,12.4
2002-08-29,14.1
2002-08-30,3.8
2002-08-31,20.2
2002-09-01,25.8
2002-09-02,23.5
2002-09-03,27.1
2002-09-04,27.5
2002-09-05,21.9
2002-09-06,15.4
2002-09-07,2
2002-09-08,24
2002-09-09,21.1
2002-09-10,31.2
2002-09-11,20.8
2002-09-12,14.8
2002-09-13,18.1
2002-09-14,16.1
2002-09-15,22.8
2002-09-16,26.3
2002-09-17,25.5
2002-09-18,28.3
2002-09-19,20.7
2002-09-20,23.1
2002-09-21,30.6
2002-09-22,20.3
2002-09-23,24.7
2002-09-24,6.5
2002-09-25,22.1
2002-09-26,31.7
2002-09-27,34.9
2002-09-28,22.2
2002-09-29,15.8
2002-09-30,13.5
2002-10-01,24.4
2002-10-02,21.1
2002-10-03,15
2002-10-04,15
2002-10-05,31.7
2002-10-06,24.6
2002-10-07,40.8
2002-10-08,17.2
2002-10-09,27.7
2002-10-10,27.8
2002-10-11,34.6
2002-10-12,17.3
2002-10-13,32
2002-10-14,33.4
2002-10-15,18.8
2002-10-16,29.8
2002-10-17,25.5
2002-10-18,24
2002-10-19,38.3
2002-10-20,44.1
2002-10-21,39.6
2002-10-22,37.9
2002-10-23,33.5
2002-10-24,34.9
2002-10-25,37.4
2002-10-26,31.5
2002-10-27,27.8
2002-10-28,24.4
2002-10-29,31.4
2002-10-30,42.3
2002-10-31,42.6
2002-11-01,31.7
2002-11-02,53.5
2002-11-03,39.4
2002-11-04,31.6
2002-11-05,31.9
2002-11-06,26.6
2002-11-07,40.4
2002-11-08,31.5
2002-11-09,20.5
2002-11-10,38.2
2002-11-11,26.9
2002-11-12,118.9
2002-11-13,14.4
2002-11-14,32.5
2002-11-15,33.3
2002-11-16,40.5
2002-11-17,25.6
2002-11-18,40.4
2002-11-19,27.6
2002-11-20,34.9
2002-11-21,39.3
2002-11-22,30
2002-11-23,39
2002-11-24,31.5
2002-11-25,42.5
2002-11-26,35.6
2002-11-27,36.7
2002-11-28,37.7
2002-11-29,25.8
2002-11-30,58.4
2002-12-01,52.4
2002-12-02,44.8
2002-12-03,43.2
2002-12-04,32.8
2002-12-05,30.6
2002-12-06,28.9
2002-12-07,25.7
2002-12-08,35.6
2002-12-09,48.8
2002-12-10,125.2
2002-12-11,35.9
2002-12-12,40.3
2002-12-13,44.5
2002-12-14,23.4
2002-12-15,45.8
2002-12-16,31.6
2002-12-17,29.5
2002-12-18,53.3
2002-12-19,31.9
2002-12-20,36.5
2002-12-21,51.2
2002-12-22,36
2002-12-23,43.6
2002-12-24,49.7
2002-12-25,35.5
2002-12-26,39.8
2002-12-27,27.4
2002-12-28,58.1
2002-12-29,29.7
2002-12-30,32.9
2002-12-31,35
2003-01-01,43.6
2003-01-02,40.9
2003-01-03,45.6
2003-01-04,NA
2003-01-05,43.9
2003-01-06,51.9
2003-01-07,42.5
2003-01-08,28.7
2003-01-09,42.8
2003-01-10,41.4
2003-01-11,41.8
2003-01-12,44.9
2003-01-13,37.3
2003-01-14,39.8
2003-01-15,48.4
2003-01-16,37.3
2003-01-17,52.3
2003-01-18,42.9
2003-01-19,47.8
2003-01-20,41.8
2003-01-21,46.2
2003-01-22,32
2003-01-23,60.6
2003-01-24,39.1
2003-01-25,54.8
2003-01-26,31.6
2003-01-27,31.9
2003-01-28,43.4
2003-01-29,44
2003-01-30,46.3
2003-01-31,43
2003-02-01,31
2003-02-02,55.7
2003-02-03,42.3
2003-02-04,46.3
2003-02-05,45.2
2003-02-06,39.9
2003-02-07,39.7
2003-02-08,46.5
2003-02-09,30.1
2003-02-10,64.9
2003-02-11,32.3
2003-02-12,53
2003-02-13,27.5
2003-02-14,43.2
2003-02-15,34.2
2003-02-16,37.8
2003-02-17,42
2003-02-18,42.8
2003-02-19,38
2003-02-20,39.3
2003-02-21,37.7
2003-02-22,44.4
2003-02-23,42.8
2003-02-24,32.8
2003-02-25,47
2003-02-26,48.7
2003-02-27,33
2003-02-28,39
2003-03-01,40.8
2003-03-02,56.5
2003-03-03,32.6
2003-03-04,40.9
2003-03-05,27.9
2003-03-06,29
2003-03-07,27.5
2003-03-08,50.1
2003-03-09,44.3
2003-03-10,29.7
2003-03-11,29.2
2003-03-12,264.4
2003-03-13,50.3
2003-03-14,39.2
2003-03-15,36.1
2003-03-16,43
2003-03-17,40.4
2003-03-18,34.2
2003-03-19,33.3
2003-03-20,27.6
2003-03-21,21.4
2003-03-22,26.9
2003-03-23,44.9
2003-03-24,36.1
2003-03-25,35.7
2003-03-26,42.3
2003-03-27,29.2
2003-03-28,40.8
2003-03-29,28.9
2003-03-30,19.8
2003-03-31,28.6
2003-04-01,25.2
2003-04-02,24.1
2003-04-03,17.1
2003-04-04,30.3
2003-04-05,36.5
2003-04-06,35.2
2003-04-07,34.9
2003-04-08,37.6
2003-04-09,27.3
2003-04-10,25.7
2003-04-11,22.5
2003-04-12,30.7
2003-04-13,24.7
2003-04-14,26.7
2003-04-15,42.3
2003-04-16,29.3
2003-04-17,28.7
2003-04-18,21.6
2003-04-19,32.6
2003-04-20,32.1
2003-04-21,25.7
2003-04-22,15.9
2003-04-23,24.6
2003-04-24,30.9
2003-04-25,31.4
2003-04-26,33.1
2003-04-27,35.3
2003-04-28,26.6
2003-04-29,36.7
2003-04-30,29.7
2003-05-01,21
2003-05-02,37.4
2003-05-03,23.3
2003-05-04,10.7
2003-05-05,28
2003-05-06,32.4
2003-05-07,27.6
2003-05-08,30.5
2003-05-09,10
2003-05-10,4.8
2003-05-11,22.8
2003-05-12,19.4
2003-05-13,31.8
2003-05-14,24.5
2003-05-15,13.4
2003-05-16,4
2003-05-17,27
2003-05-18,21.6
2003-05-19,3.1
2003-05-20,12.7
2003-05-21,12.7
2003-05-22,23.1
2003-05-23,7.3
2003-05-24,22.5
2003-05-25,28.7
2003-05-26,14.7
2003-05-27,17.4
2003-05-28,23.5
2003-05-29,10
2003-05-30,8.6
2003-05-31,21.8
2003-06-01,7
2003-06-02,21.3
2003-06-03,4.5
2003-06-04,12.6
2003-06-05,16.7
2003-06-06,22.5
2003-06-07,27.8
2003-06-08,3.9
2003-06-09,20.4
2003-06-10,16.3
2003-06-11,20.5
2003-06-12,34.1
2003-06-13,24
2003-06-14,16.3
2003-06-15,19.5
2003-06-16,32.2
2003-06-17,9.8
2003-06-18,2
2003-06-19,28
2003-06-20,12.8
2003-06-21,10.2
2003-06-22,12.6
2003-06-23,8.5
2003-06-24,10.9
2003-06-25,10.8
2003-06-26,10.8
2003-06-27,17.6
2003-06-28,17
2003-06-29,32
2003-06-30,16.8
2003-07-01,21.4
2003-07-02,2
2003-07-03,4
2003-07-04,5.6
2003-07-05,71.9
2003-07-06,6.1
2003-07-07,2
2003-07-08,2
2003-07-09,20.7
2003-07-10,12.9
2003-07-11,21.9
2003-07-12,20.8
2003-07-13,8.5
2003-07-14,18.1
2003-07-15,17
2003-07-16,20.8
2003-07-17,14.3
2003-07-18,23.8
2003-07-19,91.9
2003-07-20,12.7
2003-07-21,9.8
2003-07-22,18.1
2003-07-23,20.8
2003-07-24,13.5
2003-07-25,3.5
2003-07-26,23.2
2003-07-27,8.2
2003-07-28,5.7
2003-07-29,10.6
2003-07-30,17.4
2003-07-31,14
2003-08-01,20.8
2003-08-02,24.3
2003-08-03,15.6
2003-08-04,11.5
2003-08-05,6.5
2003-08-06,13.5
2003-08-07,14.6
2003-08-08,8.8
2003-08-09,24.8
2003-08-10,NA
2003-08-11,27.8
2003-08-12,14.7
2003-08-13,9.3
2003-08-14,3.6
2003-08-15,10.7
2003-08-16,7.1
2003-08-17,26.8
2003-08-18,90.9
2003-08-19,10.8
2003-08-20,21.3
2003-08-21,17.4
2003-08-22,18.7
2003-08-23,16.9
2003-08-24,28
2003-08-25,21.6
2003-08-26,15.2
2003-08-27,11.6
2003-08-28,25.2
2003-08-29,21
2003-08-30,18
2003-08-31,2.7
2003-09-01,40.4
2003-09-02,12.7
2003-09-03,21.7
2003-09-04,21
2003-09-05,21.2
2003-09-06,23
2003-09-07,24.5
2003-09-08,6.4
2003-09-09,23
2003-09-10,16.9
2003-09-11,17.1
2003-09-12,25.2
2003-09-13,27
2003-09-14,22.3
2003-09-15,8.8
2003-09-16,27.6
2003-09-17,24.1
2003-09-18,19.4
2003-09-19,14.5
2003-09-20,20
2003-09-21,30.2
2003-09-22,17.2
2003-09-23,29.8
2003-09-24,35
2003-09-25,34
2003-09-26,21.7
2003-09-27,29.4
2003-09-28,25.1
2003-09-29,12.3
2003-09-30,24.1
2003-10-01,25
2003-10-02,23.4
2003-10-03,33.4
2003-10-04,24.9
2003-10-05,20.3
2003-10-06,27.1
2003-10-07,33.8
2003-10-08,26.4
2003-10-09,20.2
2003-10-10,29.3
2003-10-11,22.3
2003-10-12,26.4
2003-10-13,29.3
2003-10-14,11.9
2003-10-15,34.8
2003-10-16,11.3
2003-10-17,19.2
2003-10-18,23.8
2003-10-19,36.4
2003-10-20,35.9
2003-10-21,60.6
2003-10-22,28.3
2003-10-23,34
2003-10-24,36.3
2003-10-25,31
2003-10-26,39.3
2003-10-27,27
2003-10-28,44.3
2003-10-29,34.8
2003-10-30,35.2
2003-10-31,36.3
2003-11-01,27.2
2003-11-02,35.1
2003-11-03,25.1
2003-11-04,38
2003-11-05,29.3
2003-11-06,27.4
2003-11-07,50.7
2003-11-08,27.2
2003-11-09,37.4
2003-11-10,38.1
2003-11-11,21.9
2003-11-12,30.4
2003-11-13,40.5
2003-11-14,40.1
2003-11-15,39.5
2003-11-16,52.6
2003-11-17,38.8
2003-11-18,42.5
2003-11-19,32.7
2003-11-20,48.1
2003-11-21,48.3
2003-11-22,36.8
2003-11-23,30.2
2003-11-24,45
2003-11-25,43.9
2003-11-26,47.3
2003-11-27,34.6
2003-11-28,36.9
2003-11-29,23.9
2003-11-30,40.9
2003-12-01,53.4
2003-12-02,30.3
2003-12-03,30.5
2003-12-04,41.2
2003-12-05,27.1
2003-12-06,42.5
2003-12-07,44.3
2003-12-08,41.1
2003-12-09,33.9
2003-12-10,48.7
2003-12-11,NA
2003-12-12,35.4
2003-12-13,51.1
2003-12-14,41
2003-12-15,30.6
2003-12-16,35.4
2003-12-17,30.9
2003-12-18,51.2
2003-12-19,41.4
2003-12-20,46.9
2003-12-21,21.1
2003-12-22,39.4
2003-12-23,45.1
2003-12-24,59.9
2003-12-25,38.4
2003-12-26,114.5
2003-12-27,49.2
2003-12-28,43.3
2003-12-29,37.5
2003-12-30,48.5
2003-12-31,53.5
2004-01-01,37.1
2004-01-02,31.3
2004-01-03,36.8
2004-01-04,39.8
2004-01-05,43.1
2004-01-06,55.2
2004-01-07,50
2004-01-08,43.4
2004-01-09,29.8
2004-01-10,52.3
2004-01-11,42.4
2004-01-12,61.7
2004-01-13,45
2004-01-14,34
2004-01-15,42.2
2004-01-16,43.1
2004-01-17,42.3
2004-01-18,36.1
2004-01-19,41.1
2004-01-20,43.1
2004-01-21,35.9
2004-01-22,44.9
2004-01-23,42.8
2004-01-24,45
2004-01-25,38.9
2004-01-26,39.8
2004-01-27,46.9
2004-01-28,46
2004-01-29,31
2004-01-30,34.4
2004-01-31,49.4
2004-02-01,30.1
2004-02-02,38.2
2004-02-03,40.8
2004-02-04,44
2004-02-05,38.7
2004-02-06,45.8
2004-02-07,40.9
2004-02-08,30.6
2004-02-09,44.7
2004-02-10,39.2
2004-02-11,51.4
2004-02-12,42.9
2004-02-13,44.4
2004-02-14,41.3
2004-02-15,NA
2004-02-16,39.1
2004-02-17,53.9
2004-02-18,55.7
2004-02-19,37
2004-02-20,51.7
2004-02-21,41.4
2004-02-22,31.8
2004-02-23,34.9
2004-02-24,34.3
2004-02-25,114.6
2004-02-26,33.3
2004-02-27,46.1
2004-02-28,37.2
2004-02-29,47.1
2004-03-01,50.6
2004-03-02,34.8
2004-03-03,43.4
2004-03-04,41.1
2004-03-05,48.9
2004-03-06,38.2
2004-03-07,143.8
2004-03-08,40.1
2004-03-09,35.9
2004-03-10,29
2004-03-11,42.4
2004-03-12,24.3
2004-03-13,39
2004-03-14,36.7
2004-03-15,26.6
2004-03-16,29.3
2004-03-17,35.7
2004-03-18,32.7
2004-03-19,33.8
2004-03-20,19.1
2004-03-21,11.7
2004-03-22,25.1
2004-03-23,33.1
2004-03-24,NA
2004-03-25,37.8
2004-03-26,37.8
2004-03-27,42.9
2004-03-28,40.2
2004-03-29,24
2004-03-30,33
2004-03-31,27.2
2004-04-01,48.8
2004-04-02,29.8
2004-04-03,38.1
2004-04-04,22.6
2004-04-05,44.4
2004-04-06,25.7
2004-04-07,29.2
2004-04-08,21.5
2004-04-09,55
2004-04-10,25.3
2004-04-11,27.9
2004-04-12,32.9
2004-04-13,33.2
2004-04-14,27.5
2004-04-15,25.2
2004-04-16,30.3
2004-04-17,88
2004-04-18,45.7
2004-04-19,16.5
2004-04-20,29
2004-04-21,34.1
2004-04-22,38.9
2004-04-23,25.3
2004-04-24,17.8
2004-04-25,32.1
2004-04-26,33
2004-04-27,40
2004-04-28,17.1
2004-04-29,NA
2004-04-30,32.6
2004-05-01,23.3
2004-05-02,28.6
2004-05-03,35.9
2004-05-04,14.1
2004-05-05,23.8
2004-05-06,24
2004-05-07,3.1
2004-05-08,20.5
2004-05-09,11.3
2004-05-10,12.4
2004-05-11,30
2004-05-12,25
2004-05-13,23
2004-05-14,21.6
2004-05-15,23.4
2004-05-16,33.9
2004-05-17,25
2004-05-18,14.8
2004-05-19,21.9
2004-05-20,27.2
2004-05-21,12.9
2004-05-22,11.6
2004-05-23,34.2
2004-05-24,11.4
2004-05-25,16.7
2004-05-26,6.1
2004-05-27,17.7
2004-05-28,15.5
2004-05-29,14.8
2004-05-30,8
2004-05-31,2.7
2004-06-01,2
2004-06-02,21.3
2004-06-03,20.1
2004-06-04,2
2004-06-05,24.9
2004-06-06,17.5
2004-06-07,NA
2004-06-08,13.6
2004-06-09,6.5
2004-06-10,4
2004-06-11,14.1
2004-06-12,16.7
2004-06-13,10.1
2004-06-14,19.3
2004-06-15,13.4
2004-06-16,34.7
2004-06-17,11.5
2004-06-18,2
2004-06-19,26.5
2004-06-20,16.4
2004-06-21,10.4
2004-06-22,10.9
2004-06-23,9.8
2004-06-24,9.8
2004-06-25,9.4
2004-06-26,19.8
2004-06-27,17.7
2004-06-28,2
2004-06-29,19.6
2004-06-30,7.5
2004-07-01,9.9
2004-07-02,27.4
2004-07-03,11.6
2004-07-04,5.8
2004-07-05,11.3
2004-07-06,9.9
2004-07-07,5.5
2004-07-08,11.4
2004-07-09,14.6
2004-07-10,4.4
2004-07-11,4
2004-07-12,13.8
2004-07-13,4.3
2004-07-14,9.7
2004-07-15,87.7
2004-07-16,23.6
2004-07-17,25
2004-07-18,11.2
2004-07-19,2
2004-07-20,4.7
2004-07-21,10.2
2004-07-22,2
2004-07-23,12.5
2004-07-24,2
2004-07-25,10.3
2004-07-26,7
2004-07-27,13.4
2004-07-28,17.9
2004-07-29,11.6
2004-07-30,2
2004-07-31,18.6
2004-08-01,11.8
2004-08-02,19.5
2004-08-03,11.9
2004-08-04,21.9
2004-08-05,29.4
2004-08-06,20.9
2004-08-07,17.1
2004-08-08,2
2004-08-09,14.2
2004-08-10,11.4
2004-08-11,30.2
2004-08-12,18.1
2004-08-13,2
2004-08-14,5.7
2004-08-15,12.7
2004-08-16,24.8
2004-08-17,13.8
2004-08-18,8.5
2004-08-19,2
2004-08-20,25
2004-08-21,15.5
2004-08-22,14.9
2004-08-23,21.2
2004-08-24,70.5
2004-08-25,12
2004-08-26,10.6
2004-08-27,18.5
2004-08-28,4.6
2004-08-29,NA
2004-08-30,8.4
2004-08-31,17.5
2004-09-01,24.2
2004-09-02,25.6
2004-09-03,11.8
2004-09-04,25.1
2004-09-05,31.5
2004-09-06,16.1
2004-09-07,23.8
2004-09-08,41.5
2004-09-09,26.1
2004-09-10,12.1
2004-09-11,35.2
2004-09-12,23
2004-09-13,26.5
2004-09-14,13.4
2004-09-15,28.1
2004-09-16,10.1
2004-09-17,18.7
2004-09-18,23.5
2004-09-19,24.3
2004-09-20,28.9
2004-09-21,26.5
2004-09-22,33
2004-09-23,18
2004-09-24,15.4
2004-09-25,19.8
2004-09-26,13.7
2004-09-27,8.4
2004-09-28,9.7
2004-09-29,37.3
2004-09-30,11.8
2004-10-01,28.7
2004-10-02,16.4
2004-10-03,25.6
2004-10-04,29.5
2004-10-05,34.8
2004-10-06,28.6
2004-10-07,33.8
2004-10-08,22.4
2004-10-09,19.2
2004-10-10,29.5
2004-10-11,30.2
2004-10-12,30.8
2004-10-13,27.6
2004-10-14,20.9
2004-10-15,29.8
2004-10-16,29.9
2004-10-17,31.1
2004-10-18,30.8
2004-10-19,50.8
2004-10-20,14.9
2004-10-21,39.4
2004-10-22,29.1
2004-10-23,21.6
2004-10-24,31.4
2004-10-25,32.3
2004-10-26,37.7
2004-10-27,40.5
2004-10-28,31.9
2004-10-29,26.1
2004-10-30,41.4
2004-10-31,39.9
2004-11-01,18.7
2004-11-02,33
2004-11-03,28.1
2004-11-04,24
2004-11-05,35.7
2004-11-06,23.6
2004-11-07,32.8
2004-11-08,36.3
2004-11-09,20.3
2004-11-10,31.6
2004-11-11,37.4
2004-11-12,48.6
2004-11-13,29.6
2004-11-14,35.3
2004-11-15,29.8
2004-11-16,37.1
2004-11-17,32.7
2004-11-18,40.4
2004-11-19,45.3
2004-11-20,30.5
2004-11-21,44.3
2004-11-22,36.7
2004-11-23,33.4
2004-11-24,33.5
2004-11-25,30.2
2004-11-26,47.8
2004-11-27,32.5
2004-11-28,31.4
2004-11-29,37.2
2004-11-30,45.1
2004-12-01,37.9
2004-12-02,30.1
2004-12-03,28.2
2004-12-04,42.3
2004-12-05,30.2
2004-12-06,37.6
2004-12-07,35.8
2004-12-08,47.2
2004-12-09,31.8
2004-12-10,31.7
2004-12-11,51.1
2004-12-12,39
2004-12-13,40.9
2004-12-14,49.5
2004-12-15,37.2
2004-12-16,57.6
2004-12-17,42.4
2004-12-18,79.1
2004-12-19,36.6
2004-12-20,NA
2004-12-21,42.6
2004-12-22,41
2004-12-23,56
2004-12-24,54.5
2004-12-25,35.8
2004-12-26,41.4
2004-12-27,27.8
2004-12-28,36.7
2004-12-29,42.2
2004-12-30,NA
2004-12-31,47.2
2005-01-01,55.7
2005-01-02,32.5
2005-01-03,46.1
2005-01-04,48.3
2005-01-05,44.5
2005-01-06,38.7
2005-01-07,36.9
2005-01-08,56.6
2005-01-09,38.1
2005-01-10,29.7
2005-01-11,44.8
2005-01-12,50.2
2005-01-13,51.6
2005-01-14,45
2005-01-15,43
2005-01-16,27.6
2005-01-17,44.7
2005-01-18,34.9
2005-01-19,45.8
2005-01-20,42.1
2005-01-21,27.9
2005-01-22,43.8
2005-01-23,36.3
2005-01-24,42.7
2005-01-25,38
2005-01-26,36.2
2005-01-27,52.7
2005-01-28,45.3
2005-01-29,44.1
2005-01-30,50.1
2005-01-31,46.9
2005-02-01,36.6
2005-02-02,35.9
2005-02-03,50.8
2005-02-04,47.9
2005-02-05,44.1
2005-02-06,51.6
2005-02-07,33.5
2005-02-08,51.6
2005-02-09,34.2
2005-02-10,45.4
2005-02-11,39.1
2005-02-12,33.2
2005-02-13,43.8
2005-02-14,42.3
2005-02-15,41
2005-02-16,37.8
2005-02-17,80.2
2005-02-18,37.6
2005-02-19,39.6
2005-02-20,44
2005-02-21,29.4
2005-02-22,34.2
2005-02-23,31.3
2005-02-24,36.6
2005-02-25,43.7
2005-02-26,NA
2005-02-27,43.7
2005-02-28,42.4
2005-03-01,43.4
2005-03-02,48.3
2005-03-03,23
2005-03-04,44.2
2005-03-05,39.2
2005-03-06,43.5
2005-03-07,47.7
2005-03-08,38.4
2005-03-09,40.2
2005-03-10,29.3
2005-03-11,50.2
2005-03-12,37.2
2005-03-13,32.8
2005-03-14,25.2
2005-03-15,28.9
2005-03-16,32.3
2005-03-17,NA
2005-03-18,33.7
2005-03-19,39.6
2005-03-20,25.1
2005-03-21,32.3
2005-03-22,28.9
2005-03-23,32.2
2005-03-24,36.7
2005-03-25,35.9
2005-03-26,20.4
2005-03-27,30.8
2005-03-28,17.7
2005-03-29,32.3
2005-03-30,36.6
2005-03-31,47.2
2005-04-01,14.1
2005-04-02,49.6
2005-04-03,31.3
2005-04-04,27.1
2005-04-05,36.1
2005-04-06,22.4
2005-04-07,30.7
2005-04-08,36.4
2005-04-09,25.1
2005-04-10,44.5
2005-04-11,35.5
2005-04-12,32.3
2005-04-13,26.5
2005-04-14,30.1
2005-04-15,40.7
2005-04-16,28.3
2005-04-17,30.3
2005-04-18,16
2005-04-19,25.6
2005-04-20,33
2005-04-21,20.5
2005-04-22,23.6
2005-04-23,11.1
2005-04-24,24.2
2005-04-25,20.3
2005-04-26,33.4
2005-04-27,11.3
2005-04-28,27.4
2005-04-29,7.7
2005-04-30,18.9
2005-05-01,32.3
2005-05-02,24
2005-05-03,21.3
2005-05-04,20.2
2005-05-05,12.5
2005-05-06,15.1
2005-05-07,28.7
2005-05-08,13.3
2005-05-09,24.2
2005-05-10,34
2005-05-11,22
2005-05-12,15.4
2005-05-13,29.1
2005-05-14,18.1
2005-05-15,18.8
2005-05-16,23.6
2005-05-17,13.2
2005-05-18,12
2005-05-19,31
2005-05-20,23.9
2005-05-21,15.6
2005-05-22,17.4
2005-05-23,14.3
2005-05-24,18.1
2005-05-25,17.8
2005-05-26,19
2005-05-27,18.4
2005-05-28,11.3
2005-05-29,2.5
2005-05-30,23
2005-05-31,20.1
2005-06-01,6.5
2005-06-02,25.3
2005-06-03,10.1
2005-06-04,15.5
2005-06-05,10.1
2005-06-06,20
2005-06-07,13.6
2005-06-08,2
2005-06-09,18.9
2005-06-10,29.8
2005-06-11,9.9
2005-06-12,24.1
2005-06-13,20.7
2005-06-14,2
2005-06-15,116
2005-06-16,19.3
2005-06-17,8.3
2005-06-18,13.7
2005-06-19,6
2005-06-20,10.7
2005-06-21,29.5
2005-06-22,13
2005-06-23,20.7
2005-06-24,10.4
2005-06-25,2.1
2005-06-26,7.5
2005-06-27,6.3
2005-06-28,2
2005-06-29,2
2005-06-30,29.1
2005-07-01,2
2005-07-02,11.6
2005-07-03,15
2005-07-04,2
2005-07-05,23
2005-07-06,18.3
2005-07-07,13.4
2005-07-08,22.1
2005-07-09,7.6
2005-07-10,10.9
2005-07-11,13.1
2005-07-12,15.2
2005-07-13,25.3
2005-07-14,22
2005-07-15,2
2005-07-16,2
2005-07-17,2
2005-07-18,6.1
2005-07-19,7.9
2005-07-20,NA
2005-07-21,7.4
2005-07-22,12.9
2005-07-23,2
2005-07-24,17.4
2005-07-25,17.6
2005-07-26,30.9
2005-07-27,9
2005-07-28,28.5
2005-07-29,24
2005-07-30,18.8
2005-07-31,6.8
2005-08-01,20.5
2005-08-02,12
2005-08-03,19.5
2005-08-04,20.7
2005-08-05,10.8
2005-08-06,15.6
2005-08-07,10.3
2005-08-08,23.9
2005-08-09,12
2005-08-10,7.3
2005-08-11,18.2
2005-08-12,NA
2005-08-13,2
2005-08-14,14.5
2005-08-15,18.2
2005-08-16,14.9
2005-08-17,11.7
2005-08-18,23
2005-08-19,11
2005-08-20,9.4
2005-08-21,16.2
2005-08-22,NA
2005-08-23,15.9
2005-08-24,10.6
2005-08-25,3.9
2005-08-26,NA
2005-08-27,15
2005-08-28,21.5
2005-08-29,15.8
2005-08-30,11.6
2005-08-31,23.7
2005-09-01,6.3
2005-09-02,19.2
2005-09-03,27.4
2005-09-04,13.1
2005-09-05,12.1
2005-09-06,17.7
2005-09-07,13
2005-09-08,16.3
2005-09-09,16.1
2005-09-10,32.9
2005-09-11,33.1
2005-09-12,26.6
2005-09-13,20.7
2005-09-14,19.8
2005-09-15,20.2
2005-09-16,19.2
2005-09-17,9.3
2005-09-18,31.5
2005-09-19,16.9
2005-09-20,NA
2005-09-21,19
2005-09-22,19.5
2005-09-23,18.7
2005-09-24,20.2
2005-09-25,24.5
2005-09-26,19.4
2005-09-27,15
2005-09-28,19.4
2005-09-29,6.2
2005-09-30,19.4
2005-10-01,12.8
2005-10-02,29.4
2005-10-03,21
2005-10-04,24.4
2005-10-05,30.9
2005-10-06,32
2005-10-07,19.2
2005-10-08,14.2
2005-10-09,34.8
2005-10-10,19.8
2005-10-11,14.8
2005-10-12,36.4
2005-10-13,38.6
2005-10-14,30.3
2005-10-15,33.5
2005-10-16,18.7
2005-10-17,18.8
2005-10-18,23.5
2005-10-19,17.7
2005-10-20,37.2
2005-10-21,33.4
2005-10-22,29.6
2005-10-23,35.6
2005-10-24,19
2005-10-25,22
2005-10-26,21.6
2005-10-27,29.9
2005-10-28,22.7
2005-10-29,33.3
2005-10-30,19.2
2005-10-31,14.8
2005-11-01,18.1
2005-11-02,21.5
2005-11-03,34.2
2005-11-04,26.6
2005-11-05,37.3
2005-11-06,27.5
2005-11-07,17.3
2005-11-08,48.2
2005-11-09,39.4
2005-11-10,38.7
2005-11-11,29.3
2005-11-12,26
2005-11-13,36.5
2005-11-14,36.2
2005-11-15,31.9
2005-11-16,45.3
2005-11-17,16.9
2005-11-18,26.1
2005-11-19,33
2005-11-20,27.7
2005-11-21,24.8
2005-11-22,41.8
2005-11-23,27.3
2005-11-24,34.4
2005-11-25,33.3
2005-11-26,38.3
2005-11-27,31.8
2005-11-28,44.5
2005-11-29,41.3
2005-11-30,43
2005-12-01,36.2
2005-12-02,38.1
2005-12-03,37
2005-12-04,36.1
2005-12-05,26
2005-12-06,43.1
2005-12-07,47.4
2005-12-08,47
2005-12-09,39.2
2005-12-10,47.7
2005-12-11,50.3
2005-12-12,49.3
2005-12-13,40.3
2005-12-14,NA
2005-12-15,27.6
2005-12-16,147
2005-12-17,36.6
2005-12-18,54.4
2005-12-19,37.5
2005-12-20,45.2
2005-12-21,36.2
2005-12-22,25
2005-12-23,24.9
2005-12-24,41.4
2005-12-25,44.1
2005-12-26,45.8
2005-12-27,44.8
2005-12-28,39.2
2005-12-29,43.5
2005-12-30,33.5
2005-12-31,43.1
2006-01-01,51.9
2006-01-02,31
2006-01-03,38.7
2006-01-04,36.7
2006-01-05,44.2
2006-01-06,33.4
2006-01-07,31.6
2006-01-08,39.1
2006-01-09,39.3
2006-01-10,27.2
2006-01-11,57.3
2006-01-12,38.1
2006-01-13,56.2
2006-01-14,30.9
2006-01-15,17.6
2006-01-16,43.6
2006-01-17,45.1
2006-01-18,32.8
2006-01-19,24.4
2006-01-20,42.7
2006-01-21,47.3
2006-01-22,27.1
2006-01-23,41
2006-01-24,40.8
2006-01-25,50.1
2006-01-26,30.2
2006-01-27,40.6
2006-01-28,44.9
2006-01-29,41.9
2006-01-30,48.3
2006-01-31,34.2
2006-02-01,48.8
2006-02-02,24.1
2006-02-03,46.2
2006-02-04,28.7
2006-02-05,34.8
2006-02-06,29.9
2006-02-07,46.1
2006-02-08,23.6
2006-02-09,37.4
2006-02-10,41
2006-02-11,38.5
2006-02-12,40.8
2006-02-13,45.5
2006-02-14,42.9
2006-02-15,56.1
2006-02-16,33.1
2006-02-17,41.8
2006-02-18,43.4
2006-02-19,24.6
2006-02-20,43.6
2006-02-21,30.2
2006-02-22,37.6
2006-02-23,45.1
2006-02-24,46
2006-02-25,28.7
2006-02-26,41.7
2006-02-27,33.4
2006-02-28,40.9
2006-03-01,17.7
2006-03-02,36.5
2006-03-03,34.4
2006-03-04,31.2
2006-03-05,34.8
2006-03-06,42.1
2006-03-07,39.2
2006-03-08,31.7
2006-03-09,31.9
2006-03-10,19.2
2006-03-11,31.2
2006-03-12,29.8
2006-03-13,38.7
2006-03-14,NA
2006-03-15,46.5
2006-03-16,27.3
2006-03-17,20.4
2006-03-18,32.8
2006-03-19,27.3
2006-03-20,42.8
2006-03-21,29.4
2006-03-22,38.9
2006-03-23,27
2006-03-24,28.3
2006-03-25,29.7
2006-03-26,NA
2006-03-27,29.3
2006-03-28,30.8
2006-03-29,33.1
2006-03-30,41.8
2006-03-31,29.6
2006-04-01,38.3
2006-04-02,34.7
2006-04-03,25.1
2006-04-04,47.9
2006-04-05,34.1
2006-04-06,23.6
2006-04-07,36
2006-04-08,12.1
2006-04-09,43.5
2006-04-10,24
2006-04-11,25.3
2006-04-12,36
2006-04-13,54.2
2006-04-14,20.7
2006-04-15,34.8
2006-04-16,30.6
2006-04-17,24.4
2006-04-18,5.3
2006-04-19,16.9
2006-04-20,26.9
2006-04-21,32.2
2006-04-22,34.8
2006-04-23,15.4
2006-04-24,10.1
2006-04-25,23.6
2006-04-26,28.1
2006-04-27,10.9
2006-04-28,25
2006-04-29,27.9
2006-04-30,30.9
2006-05-01,34.8
2006-05-02,29.2
2006-05-03,18.4
2006-05-04,13.7
2006-05-05,21.9
2006-05-06,NA
2006-05-07,35.6
2006-05-08,20.5
2006-05-09,10.6
2006-05-10,17.2
2006-05-11,2
2006-05-12,16.8
2006-05-13,22
2006-05-14,11.7
2006-05-15,25.6
2006-05-16,27.2
2006-05-17,6.7
2006-05-18,13.2
2006-05-19,22
2006-05-20,28
2006-05-21,11.3
2006-05-22,24.3
2006-05-23,18.5
2006-05-24,34.4
2006-05-25,29.1
2006-05-26,2
2006-05-27,21.7
2006-05-28,10.9
2006-05-29,33.2
2006-05-30,27.8
2006-05-31,7.1
2006-06-01,36.3
2006-06-02,11.8
2006-06-03,2
2006-06-04,14.6
2006-06-05,16.2
2006-06-06,26
2006-06-07,21.9
2006-06-08,2
2006-06-09,15.5
2006-06-10,5.7
2006-06-11,14.1
2006-06-12,9.8
2006-06-13,22.7
2006-06-14,19.8
2006-06-15,2
2006-06-16,18.6
2006-06-17,15.2
2006-06-18,16.7
2006-06-19,13.9
2006-06-20,9.5
2006-06-21,13.6
2006-06-22,16.5
2006-06-23,17.4
2006-06-24,19
2006-06-25,9.6
2006-06-26,2
2006-06-27,12.5
2006-06-28,28.2
2006-06-29,31.5
2006-06-30,20.1
2006-07-01,6.7
2006-07-02,25.1
2006-07-03,9.7
2006-07-04,25.2
2006-07-05,11.7
2006-07-06,15.1
2006-07-07,12.2
2006-07-08,16.8
2006-07-09,8.2
2006-07-10,19.3
2006-07-11,6.4
2006-07-12,6.4
2006-07-13,13.5
2006-07-14,2
2006-07-15,2
2006-07-16,8.3
2006-07-17,3.7
2006-07-18,12.4
2006-07-19,27.1
2006-07-20,13.2
2006-07-21,4.7
2006-07-22,2
2006-07-23,18.4
2006-07-24,13.1
2006-07-25,10.8
2006-07-26,11.7
2006-07-27,9.1
2006-07-28,2
2006-07-29,20.7
2006-07-30,9.6
2006-07-31,9.2
2006-08-01,25.4
2006-08-02,8.7
2006-08-03,24.5
2006-08-04,13.2
2006-08-05,13.3
2006-08-06,17
2006-08-07,9
2006-08-08,12.8
2006-08-09,2
2006-08-10,NA
2006-08-11,15.4
2006-08-12,12.5
2006-08-13,7.9
2006-08-14,32.2
2006-08-15,28.9
2006-08-16,7.1
2006-08-17,14.6
2006-08-18,10.7
2006-08-19,11.5
2006-08-20,24
2006-08-21,18.6
2006-08-22,24.1
2006-08-23,6.5
2006-08-24,24.6
2006-08-25,8.1
2006-08-26,11.1
2006-08-27,16.7
2006-08-28,9.6
2006-08-29,NA
2006-08-30,10.2
2006-08-31,16.3
2006-09-01,16.3
2006-09-02,20.7
2006-09-03,13.9
2006-09-04,14.2
2006-09-05,15.8
2006-09-06,16
2006-09-07,18.6
2006-09-08,15.2
2006-09-09,27.8
2006-09-10,9.8
2006-09-11,NA
2006-09-12,23.5
2006-09-13,27.9
2006-09-14,15.3
2006-09-15,27.7
2006-09-16,5.1
2006-09-17,10.3
2006-09-18,27.6
2006-09-19,9.3
2006-09-20,23.6
2006-09-21,17.9
2006-09-22,18.8
2006-09-23,16.6
2006-09-24,23.8
2006-09-25,31.4
2006-09-26,19.8
2006-09-27,18
2006-09-28,40.8
2006-09-29,NA
2006-09-30,41.1
2006-10-01,35.8
2006-10-02,26.1
2006-10-03,20.2
2006-10-04,15.6
2006-10-05,25.1
2006-10-06,33.8
2006-10-07,20.5
2006-10-08,17.6
2006-10-09,27.4
2006-10-10,22.4
2006-10-11,28.7
2006-10-12,16.6
2006-10-13,18.3
2006-10-14,20.6
2006-10-15,28.1
2006-10-16,32.7
2006-10-17,28
2006-10-18,35.5
2006-10-19,NA
2006-10-20,24.5
2006-10-21,29.3
2006-10-22,24.5
2006-10-23,22.5
2006-10-24,34.3
2006-10-25,5.9
2006-10-26,23
2006-10-27,23.1
2006-10-28,30.3
2006-10-29,34.3
2006-10-30,39
2006-10-31,24.6
2006-11-01,27.1
2006-11-02,45.2
2006-11-03,17.6
2006-11-04,23.3
2006-11-05,33.7
2006-11-06,28.7
2006-11-07,27.4
2006-11-08,31.3
2006-11-09,34.2
2006-11-10,33.1
2006-11-11,30.7
2006-11-12,NA
2006-11-13,37.3
2006-11-14,35
2006-11-15,30.1
2006-11-16,46.2
2006-11-17,27.2
2006-11-18,52.1
2006-11-19,31.1
2006-11-20,10.3
2006-11-21,14.2
2006-11-22,33.1
2006-11-23,28.3
2006-11-24,31.2
2006-11-25,32
2006-11-26,33.3
2006-11-27,38.1
2006-11-28,32.7
2006-11-29,38.7
2006-11-30,31.9
2006-12-01,43.3
2006-12-02,43.9
2006-12-03,33.8
2006-12-04,32.3
2006-12-05,38.2
2006-12-06,33.3
2006-12-07,39.3
2006-12-08,38
2006-12-09,38.3
2006-12-10,42.6
2006-12-11,38.3
2006-12-12,38.7
2006-12-13,46
2006-12-14,47.4
2006-12-15,41.5
2006-12-16,35
2006-12-17,38.3
2006-12-18,37.7
2006-12-19,36.1
2006-12-20,44.7
2006-12-21,37.3
2006-12-22,34
2006-12-23,47.6
2006-12-24,38
2006-12-25,56.8
2006-12-26,46.5
2006-12-27,39.2
2006-12-28,28.4
2006-12-29,NA
2006-12-30,28.9
2006-12-31,27.7
2007-01-01,41.6
2007-01-02,47.7
2007-01-03,48.1
2007-01-04,46.6
2007-01-05,48.7
2007-01-06,30.8
2007-01-07,40.1
2007-01-08,43.6
2007-01-09,55.8
2007-01-10,58.4
2007-01-11,33.6
2007-01-12,42.1
2007-01-13,42.3
2007-01-14,35.8
2007-01-15,37.8
2007-01-16,37.7
2007-01-17,47.3
2007-01-18,46.6
2007-01-19,36.5
2007-01-20,42.1
2007-01-21,30
2007-01-22,45.3
2007-01-23,89
2007-01-24,40
2007-01-25,50.7
2007-01-26,49.1
2007-01-27,47.7
2007-01-28,40.8
2007-01-29,40.9
2007-01-30,42.3
2007-01-31,41.5
2007-02-01,41.8
2007-02-02,35.2
2007-02-03,31
2007-02-04,44.2
2007-02-05,55.5
2007-02-06,50.6
2007-02-07,NA
2007-02-08,52.7
2007-02-09,36.6
2007-02-10,46.3
2007-02-11,NA
2007-02-12,29.1
2007-02-13,49.3
2007-02-14,33.5
2007-02-15,31.3
2007-02-16,42.2
2007-02-17,51.8
2007-02-18,32.1
2007-02-19,36.1
2007-02-20,37.5
2007-02-21,34.8
2007-02-22,40.8
2007-02-23,42.6
2007-02-24,47.1
2007-02-25,28.9
2007-02-26,47.3
2007-02-27,36.3
2007-02-28,35.5
2007-03-01,42.9
2007-03-02,58.5
2007-03-03,25.9
2007-03-04,39.6
2007-03-05,43.9
2007-03-06,31.5
2007-03-07,38.7
2007-03-08,39.1
2007-03-09,34.7
2007-03-10,37.7
2007-03-11,30.9
2007-03-12,21.4
2007-03-13,23.6
2007-03-14,34.3
2007-03-15,39.3
2007-03-16,29.2
2007-03-17,34.9
2007-03-18,48.7
2007-03-19,38.9
2007-03-20,23.7
2007-03-21,25.2
2007-03-22,39.9
2007-03-23,41.3
2007-03-24,29.1
2007-03-25,38.1
2007-03-26,45.7
2007-03-27,24.8
2007-03-28,32.5
2007-03-29,27.9
2007-03-30,35.1
2007-03-31,33.2
2007-04-01,26
2007-04-02,28.3
2007-04-03,40.4
2007-04-04,113.1
2007-04-05,20.3
2007-04-06,27.5
2007-04-07,30.4
2007-04-08,25.8
2007-04-09,27.1
2007-04-10,46
2007-04-11,32.5
2007-04-12,29.6
2007-04-13,16.6
2007-04-14,30.9
2007-04-15,27.4
2007-04-16,41.6
2007-04-17,20.3
2007-04-18,19.8
2007-04-19,23.2
2007-04-20,18.1
2007-04-21,32.5
2007-04-22,28
2007-04-23,30.4
2007-04-24,34.1
2007-04-25,20.7
2007-04-26,32.9
2007-04-27,27.2
2007-04-28,25.3
2007-04-29,NA
2007-04-30,20.9
2007-05-01,19.2
2007-05-02,25.8
2007-05-03,8.9
2007-05-04,26.9
2007-05-05,27.6
2007-05-06,24.7
2007-05-07,18.9
2007-05-08,21.3
2007-05-09,20.7
2007-05-10,15.7
2007-05-11,23.1
2007-05-12,23.1
2007-05-13,21.4
2007-05-14,25.8
2007-05-15,17.3
2007-05-16,21.4
2007-05-17,19.9
2007-05-18,16.5
2007-05-19,11.1
2007-05-20,12.9
2007-05-21,3.3
2007-05-22,3.8
2007-05-23,15.6
2007-05-24,19.6
2007-05-25,12.5
2007-05-26,2
2007-05-27,16.8
2007-05-28,4.2
2007-05-29,16.2
2007-05-30,17.5
2007-05-31,3.6
2007-06-01,23.8
2007-06-02,17.5
2007-06-03,9.4
2007-06-04,13
2007-06-05,4.1
2007-06-06,26.7
2007-06-07,16.5
2007-06-08,7.1
2007-06-09,18.1
2007-06-10,15
2007-06-11,7.1
2007-06-12,14.9
2007-06-13,18.2
2007-06-14,23.8
2007-06-15,12.7
2007-06-16,14.5
2007-06-17,15.7
2007-06-18,15.3
2007-06-19,11.3
2007-06-20,18.1
2007-06-21,4.4
2007-06-22,21.3
2007-06-23,9.5
2007-06-24,6
2007-06-25,10.8
2007-06-26,9.5
2007-06-27,29.1
2007-06-28,7.1
2007-06-29,8.7
2007-06-30,13.6
2007-07-01,11.1
2007-07-02,9.8
2007-07-03,2
2007-07-04,NA
2007-07-05,6.4
2007-07-06,2
2007-07-07,16.6
2007-07-08,14.4
2007-07-09,2
2007-07-10,NA
2007-07-11,18.3
2007-07-12,10.4
2007-07-13,16.3
2007-07-14,6.5
2007-07-15,9.7
2007-07-16,18.4
2007-07-17,14.5
2007-07-18,6.4
2007-07-19,10
2007-07-20,2
2007-07-21,19.3
2007-07-22,20.9
2007-07-23,14.8
2007-07-24,9.4
2007-07-25,14.3
2007-07-26,4.4
2007-07-27,8.5
2007-07-28,20.5
2007-07-29,16.7
2007-07-30,13.8
2007-07-31,2
2007-08-01,23.8
2007-08-02,23.9
2007-08-03,8.7
2007-08-04,14.5
2007-08-05,20.2
2007-08-06,16.1
2007-08-07,2.8
2007-08-08,10.9
2007-08-09,14
2007-08-10,26.2
2007-08-11,16.2
2007-08-12,11.7
2007-08-13,5.1
2007-08-14,23.5
2007-08-15,12.2
2007-08-16,7.4
2007-08-17,11.7
2007-08-18,20.6
2007-08-19,6.2
2007-08-20,16.9
2007-08-21,3.8
2007-08-22,70.1
2007-08-23,3
2007-08-24,16.5
2007-08-25,14.1
2007-08-26,15.1
2007-08-27,2
2007-08-28,27.6
2007-08-29,71.4
2007-08-30,21.5
2007-08-31,23.3
2007-09-01,15.4
2007-09-02,21.5
2007-09-03,21.4
2007-09-04,20.7
2007-09-05,100.4
2007-09-06,NA
2007-09-07,17.1
2007-09-08,18.4
2007-09-09,14.6
2007-09-10,26.6
2007-09-11,10.5
2007-09-12,2
2007-09-13,7.5
2007-09-14,10.1
2007-09-15,28
2007-09-16,28.9
2007-09-17,13.7
2007-09-18,15
2007-09-19,2
2007-09-20,26.3
2007-09-21,32.2
2007-09-22,10.9
2007-09-23,21.2
2007-09-24,26.8
2007-09-25,18.8
2007-09-26,20.7
2007-09-27,21.2
2007-09-28,25.4
2007-09-29,23.1
2007-09-30,28.9
2007-10-01,28.7
2007-10-02,18.4
2007-10-03,20.6
2007-10-04,34.1
2007-10-05,28.2
2007-10-06,12.9
2007-10-07,57.1
2007-10-08,30.8
2007-10-09,18.5
2007-10-10,22.9
2007-10-11,12.4
2007-10-12,13.1
2007-10-13,19.3
2007-10-14,16.5
2007-10-15,18
2007-10-16,29.2
2007-10-17,27.6
2007-10-18,17.3
2007-10-19,37.1
2007-10-20,31.3
2007-10-21,27.5
2007-10-22,23.1
2007-10-23,30.7
2007-10-24,21.7
2007-10-25,22.6
2007-10-26,36.9
2007-10-27,29
2007-10-28,36.3
2007-10-29,32.7
2007-10-30,45.8
2007-10-31,24.8
2007-11-01,34.4
2007-11-02,28.3
2007-11-03,37
2007-11-04,35.7
2007-11-05,26.5
2007-11-06,30.7
2007-11-07,22.5
2007-11-08,35.7
2007-11-09,38.5
2007-11-10,30.7
2007-11-11,28.2
2007-11-12,33.5
2007-11-13,30.8
2007-11-14,44
2007-11-15,28.1
2007-11-16,31.6
2007-11-17,41.4
2007-11-18,41.8
2007-11-19,50
2007-11-20,40
2007-11-21,35.1
2007-11-22,39.8
2007-11-23,38.4
2007-11-24,35
2007-11-25,28.9
2007-11-26,39.3
2007-11-27,NA
2007-11-28,31.1
2007-11-29,40.7
2007-11-30,17.4
2007-12-01,39.7
2007-12-02,50
2007-12-03,35.9
2007-12-04,41
2007-12-05,37.3
2007-12-06,28.7
2007-12-07,52.6
2007-12-08,57.3
2007-12-09,43.9
2007-12-10,53.4
2007-12-11,37.6
2007-12-12,145.3
2007-12-13,31.7
2007-12-14,58
2007-12-15,41.8
2007-12-16,34.4
2007-12-17,42.5
2007-12-18,46.8
2007-12-19,43.7
2007-12-20,54.6
2007-12-21,56.7
2007-12-22,39.9
2007-12-23,42.6
2007-12-24,74.9
2007-12-25,36.5
2007-12-26,61.3
2007-12-27,46.8
2007-12-28,55
2007-12-29,30.9
2007-12-30,43.9
2007-12-31,48.6
2008-01-01,54.2
2008-01-02,45.8
2008-01-03,28.4
2008-01-04,33.3
2008-01-05,39.2
2008-01-06,43.3
2008-01-07,31.2
2008-01-08,48.1
2008-01-09,48.6
2008-01-10,27.9
2008-01-11,37.3
2008-01-12,46.5
2008-01-13,28.9
2008-01-14,53.4
2008-01-15,59.5
2008-01-16,47.5
2008-01-17,45
2008-01-18,48
2008-01-19,42.5
2008-01-20,40.5
2008-01-21,38.9
2008-01-22,35.3
2008-01-23,37.1
2008-01-24,32.7
2008-01-25,50.8
2008-01-26,42
2008-01-27,47
2008-01-28,49.5
2008-01-29,40.2
2008-01-30,37.5
2008-01-31,45
2008-02-01,39.8
2008-02-02,41.5
2008-02-03,29.1
2008-02-04,26.7
2008-02-05,39.5
2008-02-06,41.6
2008-02-07,31.9
2008-02-08,118
2008-02-09,33.9
2008-02-10,36.7
2008-02-11,32.3
2008-02-12,27.1
2008-02-13,32.9
2008-02-14,31
2008-02-15,36.2
2008-02-16,26.7
2008-02-17,36.4
2008-02-18,45.2
2008-02-19,11.3
2008-02-20,48.6
2008-02-21,45.1
2008-02-22,21.7
2008-02-23,24.6
2008-02-24,45.3
2008-02-25,35.6
2008-02-26,45.1
2008-02-27,35.5
2008-02-28,40.5
2008-02-29,36.5
2008-03-01,57.6
2008-03-02,41.8
2008-03-03,38.5
2008-03-04,33.8
2008-03-05,33.4
2008-03-06,39.5
2008-03-07,38
2008-03-08,38.6
2008-03-09,24.9
2008-03-10,32.1
2008-03-11,28.9
2008-03-12,30.8
2008-03-13,37
2008-03-14,29.1
2008-03-15,34.7
2008-03-16,40.6
2008-03-17,27.3
2008-03-18,54.7
2008-03-19,29.1
2008-03-20,28.2
2008-03-21,33.5
2008-03-22,44.5
2008-03-23,24.9
2008-03-24,19.5
2008-03-25,NA
2008-03-26,32
2008-03-27,48
2008-03-28,73.4
2008-03-29,20
2008-03-30,20.7
2008-03-31,35.6
2008-04-01,25.1
2008-04-02,41.9
2008-04-03,16.6
2008-04-04,20.1
2008-04-05,22.5
2008-04-06,28.1
2008-04-07,26.6
2008-04-08,38.3
2008-04-09,9.6
2008-04-10,33
2008-04-11,32.4
2008-04-12,27.9
2008-04-13,30.7
2008-04-14,25.4
2008-04-15,19.3
2008-04-16,20.2
2008-04-17,26.9
2008-04-18,22.2
2008-04-19,25.1
2008-04-20,21
2008-04-21,23.2
2008-04-22,32.1
2008-04-23,26.3
2008-04-24,28.4
2008-04-25,26
2008-04-26,30.6
2008-04-27,117.1
2008-04-28,38.7
2008-04-29,21.4
2008-04-30,28.1
2008-05-01,21.7
2008-05-02,25.9
2008-05-03,13.1
2008-05-04,15.1
2008-05-05,24.8
2008-05-06,46.6
2008-05-07,30
2008-05-08,NA
2008-05-09,12.3
2008-05-10,28.8
2008-05-11,20.5
2008-05-12,19.5
2008-05-13,12.1
2008-05-14,2
2008-05-15,13.2
2008-05-16,10.5
2008-05-17,12.8
2008-05-18,23.5
2008-05-19,18.9
2008-05-20,63.9
2008-05-21,12.9
2008-05-22,24.8
2008-05-23,21.2
2008-05-24,3.6
2008-05-25,9.6
2008-05-26,9.5
2008-05-27,16
2008-05-28,4.1
2008-05-29,19.8
2008-05-30,9.7
2008-05-31,16.3
2008-06-01,13.9
2008-06-02,20.9
2008-06-03,56.6
2008-06-04,12.5
2008-06-05,2
2008-06-06,3.4
2008-06-07,19.3
2008-06-08,15.1
2008-06-09,8.5
2008-06-10,2
2008-06-11,14.1
2008-06-12,21.5
2008-06-13,10.6
2008-06-14,7.8
2008-06-15,9.9
2008-06-16,3.3
2008-06-17,13.5
2008-06-18,17.1
2008-06-19,17.6
2008-06-20,10.8
2008-06-21,7.1
2008-06-22,11
2008-06-23,22.2
2008-06-24,23
2008-06-25,8.3
2008-06-26,16.8
2008-06-27,10.6
2008-06-28,18
2008-06-29,16.5
2008-06-30,22.5
2008-07-01,23.9
2008-07-02,8
2008-07-03,25.7
2008-07-04,11.4
2008-07-05,5.2
2008-07-06,15.3
2008-07-07,20.6
2008-07-08,13.8
2008-07-09,19.3
2008-07-10,7.6
2008-07-11,7.7
2008-07-12,12.3
2008-07-13,17.5
2008-07-14,12.2
2008-07-15,8.1
2008-07-16,7.9
2008-07-17,23.4
2008-07-18,2
2008-07-19,12.4
2008-07-20,2
2008-07-21,21.6
2008-07-22,8.5
2008-07-23,2.2
2008-07-24,5.3
2008-07-25,11.7
2008-07-26,8
2008-07-27,5.6
2008-07-28,23.6
2008-07-29,NA
2008-07-30,3.3
2008-07-31,5.7
2008-08-01,14.3
2008-08-02,18.3
2008-08-03,20.3
2008-08-04,2
2008-08-05,8.1
2008-08-06,12.7
2008-08-07,8.9
2008-08-08,23.2
2008-08-09,2.2
2008-08-10,9.8
2008-08-11,12
2008-08-12,17.2
2008-08-13,11.6
2008-08-14,17.4
2008-08-15,15.1
2008-08-16,23
2008-08-17,15.8
2008-08-18,18.1
2008-08-19,2
2008-08-20,81.1
2008-08-21,20.1
2008-08-22,2
2008-08-23,8.1
2008-08-24,16.8
2008-08-25,25.7
2008-08-26,14
2008-08-27,26.7
2008-08-28,11.4
2008-08-29,10.9
2008-08-30,16.1
2008-08-31,17.9
2008-09-01,10.2
2008-09-02,15.9
2008-09-03,16.8
2008-09-04,9.9
2008-09-05,21.7
2008-09-06,17.7
2008-09-07,12.5
2008-09-08,15.8
2008-09-09,6.7
2008-09-10,31.1
2008-09-11,21.1
2008-09-12,19.4
2008-09-13,15.5
2008-09-14,19
2008-09-15,9.4
2008-09-16,22.7
2008-09-17,20.1
2008-09-18,5.6
2008-09-19,22.1
2008-09-20,36.6
2008-09-21,27.4
2008-09-22,22.7
2008-09-23,28.6
2008-09-24,23.6
2008-09-25,27.6
2008-09-26,16.3
2008-09-27,16.2
2008-09-28,20.7
2008-09-29,30.8
2008-09-30,18.8
2008-10-01,39.6
2008-10-02,22.4
2008-10-03,9.6
2008-10-04,23.2
2008-10-05,29.3
2008-10-06,29.6
2008-10-07,22.8
2008-10-08,35.1
2008-10-09,30.2
2008-10-10,18.5
2008-10-11,23.6
2008-10-12,16.3
2008-10-13,24.5
2008-10-14,24.9
2008-10-15,27.4
2008-10-16,24.4
2008-10-17,26.9
2008-10-18,29.3
2008-10-19,42
2008-10-20,30.7
2008-10-21,41
2008-10-22,66
2008-10-23,23.9
2008-10-24,37.3
2008-10-25,28.4
2008-10-26,26
2008-10-27,19
2008-10-28,23.7
2008-10-29,31
2008-10-30,NA
2008-10-31,32.5
2008-11-01,18.5
2008-11-02,45
2008-11-03,35.3
2008-11-04,68.3
2008-11-05,47.8
2008-11-06,27.5
2008-11-07,40.4
2008-11-08,34.4
2008-11-09,32.4
2008-11-10,35.1
2008-11-11,41.7
2008-11-12,38.7
2008-11-13,36.6
2008-11-14,39.8
2008-11-15,34.8
2008-11-16,44.4
2008-11-17,30
2008-11-18,33.9
2008-11-19,44.3
2008-11-20,35.9
2008-11-21,48
2008-11-22,48
2008-11-23,39
2008-11-24,29
2008-11-25,20
2008-11-26,39.1
2008-11-27,54.5
2008-11-28,29.2
2008-11-29,25.3
2008-11-30,46.9
2008-12-01,38.2
2008-12-02,28.2
2008-12-03,40.5
2008-12-04,30.8
2008-12-05,62
2008-12-06,43.8
2008-12-07,24.6
2008-12-08,28.3
2008-12-09,32.2
2008-12-10,36.3
2008-12-11,32
2008-12-12,30.2
2008-12-13,38.3
2008-12-14,44.4
2008-12-15,38.2
2008-12-16,36.3
2008-12-17,28.3
2008-12-18,37.1
2008-12-19,44.4
2008-12-20,38.1
2008-12-21,44.8
2008-12-22,30.4
2008-12-23,45.2
2008-12-24,45.1
2008-12-25,34.6
2008-12-26,33.6
2008-12-27,44.1
2008-12-28,44.4
2008-12-29,44.3
2008-12-30,38
2008-12-31,41.9
2009-01-01,35.7
2009-01-02,33.6
2009-01-03,45.5
2009-01-04,42.1
2009-01-05,44.9
2009-01-06,45.6
2009-01-07,37.6
2009-01-08,52.9
2009-01-09,38.9
2009-01-10,38.6
2009-01-11,40.4
2009-01-12,168.3
2009-01-13,30.4
2009-01-14,30.3
2009-01-15,34.9
2009-01-16,34.5
2009-01-17,20.6
2009-01-18,32.8
2009-01-19,49.3
2009-01-20,35.7
2009-01-21,47.5
2009-01-22,39.6
2009-01-23,31.8
2009-01-24,NA
2009-01-25,44.7
2009-01-26,45.1
2009-01-27,43.5
2009-01-28,40.6
2009-01-29,33.2
2009-01-30,41.1
2009-01-31,38
2009-02-01,39
2009-02-02,32.2
2009-02-03,37
2009-02-04,40.7
2009-02-05,37.5
2009-02-06,27.9
2009-02-07,49.3
2009-02-08,33.1
2009-02-09,55.5
2009-02-10,29
2009-02-11,37.8
2009-02-12,50.5
2009-02-13,26.6
2009-02-14,40.4
2009-02-15,31.2
2009-02-16,35.1
2009-02-17,34.3
2009-02-18,33.9
2009-02-19,37.3
2009-02-20,40.6
2009-02-21,39.9
2009-02-22,28.9
2009-02-23,39.9
2009-02-24,42.1
2009-02-25,37.8
2009-02-26,30.4
2009-02-27,39.9
2009-02-28,40.3
2009-03-01,31.7
2009-03-02,36.2
2009-03-03,19.5
2009-03-04,38.9
2009-03-05,33.9
2009-03-06,29.8
2009-03-07,25.4
2009-03-08,39.5
2009-03-09,31.7
2009-03-10,32.3
2009-03-11,36.8
2009-03-12,44.6
2009-03-13,36.8
2009-03-14,31.8
2009-03-15,22.1
2009-03-16,37.7
2009-03-17,35.3
2009-03-18,40.5
2009-03-19,32.8
2009-03-20,45.5
2009-03-21,44.9
2009-03-22,25.6
2009-03-23,40.5
2009-03-24,26.4
2009-03-25,45
2009-03-26,42.9
2009-03-27,48.1
2009-03-28,36.8
2009-03-29,28.4
2009-03-30,40
2009-03-31,35.9
2009-04-01,27.7
2009-04-02,36.8
2009-04-03,16.1
2009-04-04,17.3
2009-04-05,12.7
2009-04-06,25.1
2009-04-07,99.7
2009-04-08,31.6
2009-04-09,33
2009-04-10,49.4
2009-04-11,25.7
2009-04-12,15.2
2009-04-13,30.9
2009-04-14,29.4
2009-04-15,24.9
2009-04-16,12.8
2009-04-17,29.3
2009-04-18,6.1
2009-04-19,29
2009-04-20,28.4
2009-04-21,22.6
2009-04-22,10.4
2009-04-23,34.9
2009-04-24,16.3
2009-04-25,25.7
2009-04-26,24.9
2009-04-27,20.3
2009-04-28,22.3
2009-04-29,14.9
2009-04-30,23.3
2009-05-01,18.2
2009-05-02,8.8
2009-05-03,10.9
2009-05-04,15.1
2009-05-05,23.6
2009-05-06,16.8
2009-05-07,28.3
2009-05-08,14.5
2009-05-09,28.4
2009-05-10,20.7
2009-05-11,8.4
2009-05-12,22
2009-05-13,26.2
2009-05-14,14
2009-05-15,24.2
2009-05-16,21.4
2009-05-17,23.6
2009-05-18,20.2
2009-05-19,10
2009-05-20,19.6
2009-05-21,11.9
2009-05-22,13.6
2009-05-23,2
2009-05-24,34.3
2009-05-25,13.6
2009-05-26,19.6
2009-05-27,18.9
2009-05-28,6.3
2009-05-29,NA
2009-05-30,17.9
2009-05-31,7.9
2009-06-01,3.8
2009-06-02,2
2009-06-03,13.5
2009-06-04,NA
2009-06-05,19.2
2009-06-06,9.7
2009-06-07,5.3
2009-06-08,13.8
2009-06-09,15.1
2009-06-10,23.9
2009-06-11,7.6
2009-06-12,10.3
2009-06-13,17.6
2009-06-14,24.4
2009-06-15,12.4
2009-06-16,24.6
2009-06-17,17.5
2009-06-18,8.7
2009-06-19,8
2009-06-20,4.9
2009-06-21,17.9
2009-06-22,17
2009-06-23,21.4
2009-06-24,2
2009-06-25,14.7
2009-06-26,13.8
2009-06-27,19.3
2009-06-28,10.1
2009-06-29,NA
2009-06-30,13.2
2009-07-01,2
2009-07-02,21.3
2009-07-03,26.9
2009-07-04,4.2
2009-07-05,14.9
2009-07-06,3.8
2009-07-07,11.9
2009-07-08,9.4
2009-07-09,2
2009-07-10,13.3
2009-07-11,15.9
2009-07-12,10.6
2009-07-13,19.1
2009-07-14,10.6
2009-07-15,9.8
2009-07-16,9.7
2009-07-17,10.5
2009-07-18,2
2009-07-19,24.7
2009-07-20,26.7
2009-07-21,3.5
2009-07-22,2
2009-07-23,14.1
2009-07-24,3.1
2009-07-25,33
2009-07-26,3.6
2009-07-27,14.6
2009-07-28,8.7
2009-07-29,12.2
2009-07-30,19
2009-07-31,12.2
2009-08-01,10.7
2009-08-02,7
2009-08-03,7
2009-08-04,12.3
2009-08-05,14.7
2009-08-06,13.9
2009-08-07,12.4
2009-08-08,8.6
2009-08-09,4.8
2009-08-10,9.5
2009-08-11,28.5
2009-08-12,2
2009-08-13,11.2
2009-08-14,28.8
2009-08-15,201.7
2009-08-16,6.5
2009-08-17,15.8
2009-08-18,2.2
2009-08-19,15.7
2009-08-20,21.9
2009-08-21,16.1
2009-08-22,13.2
2009-08-23,16.3
2009-08-24,30.3
2009-08-25,4.7
2009-08-26,9.6
2009-08-27,12.4
2009-08-28,9.4
2009-08-29,6.3
2009-08-30,17.8
2009-08-31,22.9
2009-09-01,7.7
2009-09-02,24.8
2009-09-03,6.6
2009-09-04,19.6
2009-09-05,30.3
2009-09-06,8.9
2009-09-07,16.7
2009-09-08,14.4
2009-09-09,23.5
2009-09-10,16
2009-09-11,12.7
2009-09-12,11.2
2009-09-13,12.9
2009-09-14,16.4
2009-09-15,24.8
2009-09-16,8.7
2009-09-17,55.1
2009-09-18,2
2009-09-19,17.8
2009-09-20,16.4
2009-09-21,28.5
2009-09-22,16.2
2009-09-23,6.8
2009-09-24,17.2
2009-09-25,38.9
2009-09-26,13.9
2009-09-27,14.4
2009-09-28,19.7
2009-09-29,2
2009-09-30,34.8
2009-10-01,33.7
2009-10-02,20
2009-10-03,13.5
2009-10-04,33.1
2009-10-05,24
2009-10-06,18.5
2009-10-07,12.8
2009-10-08,12.3
2009-10-09,23.5
2009-10-10,21.6
2009-10-11,30
2009-10-12,27.8
2009-10-13,26.2
2009-10-14,24.1
2009-10-15,28.2
2009-10-16,13
2009-10-17,17.4
2009-10-18,11.1
2009-10-19,15.4
2009-10-20,25.4
2009-10-21,21.9
2009-10-22,29.3
2009-10-23,45.2
2009-10-24,18.7
2009-10-25,27.9
2009-10-26,11.4
2009-10-27,21.4
2009-10-28,16
2009-10-29,42.3
2009-10-30,29.2
2009-10-31,24.4
2009-11-01,33.1
2009-11-02,17.6
2009-11-03,27.4
2009-11-04,29.8
2009-11-05,37.1
2009-11-06,35.6
2009-11-07,38.3
2009-11-08,40.4
2009-11-09,29.6
2009-11-10,15.1
2009-11-11,41.6
2009-11-12,32.4
2009-11-13,34.5
2009-11-14,40.4
2009-11-15,33.7
2009-11-16,39.9
2009-11-17,22.5
2009-11-18,22.1
2009-11-19,24
2009-11-20,14.8
2009-11-21,22
2009-11-22,20.3
2009-11-23,25.3
2009-11-24,41.9
2009-11-25,34
2009-11-26,48.3
2009-11-27,37.7
2009-11-28,39.4
2009-11-29,35
2009-11-30,27.7
2009-12-01,41
2009-12-02,39.3
2009-12-03,30.6
2009-12-04,49.2
2009-12-05,33.3
2009-12-06,39.2
2009-12-07,39
2009-12-08,44.7
2009-12-09,48
2009-12-10,39.1
2009-12-11,32.2
2009-12-12,39.5
2009-12-13,37.5
2009-12-14,29.4
2009-12-15,27.5
2009-12-16,25.9
2009-12-17,44.5
2009-12-18,90.1
2009-12-19,27.7
2009-12-20,45.2
2009-12-21,32.3
2009-12-22,32.9
2009-12-23,51.6
2009-12-24,31.9
2009-12-25,59.7
2009-12-26,30.7
2009-12-27,38.9
2009-12-28,42.8
2009-12-29,46.6
2009-12-30,48.5
2009-12-31,27.7
2010-01-01,29.6
2010-01-02,40.8
2010-01-03,42.3
2010-01-04,52.7
2010-01-05,45
2010-01-06,55.3
2010-01-07,41.7
2010-01-08,44.2
2010-01-09,42.7
2010-01-10,141.2
2010-01-11,47.3
2010-01-12,28.5
2010-01-13,35.5
2010-01-14,37.4
2010-01-15,24.6
2010-01-16,36.4
2010-01-17,36.9
2010-01-18,27.9
2010-01-19,55.7
2010-01-20,42.5
2010-01-21,42.2
2010-01-22,39
2010-01-23,35.1
2010-01-24,37.7
2010-01-25,51.9
2010-01-26,40.3
2010-01-27,59.8
2010-01-28,35.3
2010-01-29,45.7
2010-01-30,38.2
2010-01-31,45.2
2010-02-01,39
2010-02-02,51.5
2010-02-03,40.2
2010-02-04,30.5
2010-02-05,45.3
2010-02-06,34.8
2010-02-07,34.4
2010-02-08,30.5
2010-02-09,42.6
2010-02-10,22.8
2010-02-11,32.8
2010-02-12,30.2
2010-02-13,40.5
2010-02-14,NA
2010-02-15,42.5
2010-02-16,33.2
2010-02-17,27.4
2010-02-18,41.8
2010-02-19,27.6
2010-02-20,46.6
2010-02-21,36.7
2010-02-22,50.8
2010-02-23,41.9
2010-02-24,36.4
2010-02-25,34.2
2010-02-26,43.9
2010-02-27,35.5
2010-02-28,33.6
2010-03-01,42.1
2010-03-02,32.7
2010-03-03,11.9
2010-03-04,35.1
2010-03-05,33.3
2010-03-06,22.1
2010-03-07,37.1
2010-03-08,49.2
2010-03-09,29.2
2010-03-10,33.7
2010-03-11,30.2
2010-03-12,NA
2010-03-13,35.1
2010-03-14,55.3
2010-03-15,34.4
2010-03-16,22.8
2010-03-17,47.1
2010-03-18,21.1
2010-03-19,22.7
2010-03-20,31.1
2010-03-21,44.5
2010-03-22,16.9
2010-03-23,17.3
2010-03-24,27.5
2010-03-25,26.6
2010-03-26,34.5
2010-03-27,38.7
2010-03-28,NA
2010-03-29,5.9
2010-03-30,24.5
2010-03-31,28.6
2010-04-01,42
2010-04-02,20.5
2010-04-03,38.8
2010-04-04,19.9
2010-04-05,21
2010-04-06,21
2010-04-07,102.5
2010-04-08,12.2
2010-04-09,30.3
2010-04-10,17
2010-04-11,30.2
2010-04-12,14.8
2010-04-13,34.1
2010-04-14,21.8
2010-04-15,32.7
2010-04-16,25
2010-04-17,6.6
2010-04-18,19.6
2010-04-19,38
2010-04-20,16.4
2010-04-21,NA
2010-04-22,20.6
2010-04-23,37.2
2010-04-24,10.7
2010-04-25,33.1
2010-04-26,24.2
2010-04-27,39.6
2010-04-28,18.2
2010-04-29,29.8
2010-04-30,22.2
2010-05-01,15.9
2010-05-02,29.5
2010-05-03,36.3
2010-05-04,19.9
2010-05-05,14
2010-05-06,26.4
2010-05-07,130.2
2010-05-08,26.1
2010-05-09,31.7
2010-05-10,7.6
2010-05-11,29.7
2010-05-12,19.1
2010-05-13,14.3
2010-05-14,22.4
2010-05-15,25.2
2010-05-16,22.1
2010-05-17,24.9
2010-05-18,20.3
2010-05-19,13.4
2010-05-20,23.6
2010-05-21,10.6
2010-05-22,13.7
2010-05-23,7.3
2010-05-24,23.5
2010-05-25,27
2010-05-26,16.5
2010-05-27,18.6
2010-05-28,5.2
2010-05-29,26.6
2010-05-30,20.3
2010-05-31,10.6
2010-06-01,21
2010-06-02,19.8
2010-06-03,16.6
2010-06-04,2.7
2010-06-05,8
2010-06-06,69.5
2010-06-07,18.3
2010-06-08,17.4
2010-06-09,13.5
2010-06-10,17.9
2010-06-11,15.8
2010-06-12,24.6
2010-06-13,2
2010-06-14,2
2010-06-15,10.8
2010-06-16,NA
2010-06-17,6.1
2010-06-18,6
2010-06-19,13
2010-06-20,13.2
2010-06-21,13.8
2010-06-22,8.4
2010-06-23,14
2010-06-24,9.8
2010-06-25,4.6
2010-06-26,14.9
2010-06-27,8.1
2010-06-28,20.1
2010-06-29,6.9
2010-06-30,7.5
2010-07-01,11.6
2010-07-02,3.6
2010-07-03,12.7
2010-07-04,12.9
2010-07-05,24.9
2010-07-06,2
2010-07-07,30.8
2010-07-08,9.7
2010-07-09,8.7
2010-07-10,12.9
2010-07-11,26
2010-07-12,8.8
2010-07-13,8.4
2010-07-14,4.3
2010-07-15,9.1
2010-07-16,61.3
2010-07-17,11.6
2010-07-18,2.6
2010-07-19,2
2010-07-20,10.1
2010-07-21,13.1
2010-07-22,12.1
2010-07-23,27.7
2010-07-24,3.4
2010-07-25,21
2010-07-26,22.4
2010-07-27,10.6
2010-07-28,13.3
2010-07-29,47.1
2010-07-30,14.3
2010-07-31,2
2010-08-01,14.4
2010-08-02,16.1
2010-08-03,2
2010-08-04,11.1
2010-08-05,2
2010-08-06,27.2
2010-08-07,2
2010-08-08,6.9
2010-08-09,16.7
2010-08-10,8.6
2010-08-11,9.2
2010-08-12,20.4
2010-08-13,22.2
2010-08-14,20.3
2010-08-15,15
2010-08-16,20.8
2010-08-17,15.7
2010-08-18,32.4
2010-08-19,17.6
2010-08-20,11
2010-08-21,2
2010-08-22,31.6
2010-08-23,25.2
2010-08-24,4.5
2010-08-25,17.5
2010-08-26,27.8
2010-08-27,2
2010-08-28,2
2010-08-29,24.5
2010-08-30,NA
2010-08-31,25.6
2010-09-01,6.7
2010-09-02,39.2
2010-09-03,7.9
2010-09-04,11.5
2010-09-05,6.6
2010-09-06,20.9
2010-09-07,17.8
2010-09-08,12.6
2010-09-09,6.2
2010-09-10,21.5
2010-09-11,22.8
2010-09-12,4.2
2010-09-13,2.7
2010-09-14,12.3
2010-09-15,9.7
2010-09-16,6.1
2010-09-17,9.4
2010-09-18,42.3
2010-09-19,16.7
2010-09-20,25.7
2010-09-21,13
2010-09-22,13.2
2010-09-23,14.3
2010-09-24,29.5
2010-09-25,7.3
2010-09-26,14
2010-09-27,21.5
2010-09-28,2.6
2010-09-29,21.8
2010-09-30,27.1
2010-10-01,22.4
2010-10-02,20
2010-10-03,36.6
2010-10-04,25.5
2010-10-05,19.5
2010-10-06,28
2010-10-07,30.7
2010-10-08,26.9
2010-10-09,35.2
2010-10-10,13.6
2010-10-11,25.8
2010-10-12,24.1
2010-10-13,30.8
2010-10-14,27.9
2010-10-15,38
2010-10-16,32.5
2010-10-17,40.2
2010-10-18,29.2
2010-10-19,28.4
2010-10-20,34.6
2010-10-21,20
2010-10-22,17.7
2010-10-23,21.9
2010-10-24,19.3
2010-10-25,18.5
2010-10-26,22
2010-10-27,22.1
2010-10-28,31.4
2010-10-29,38.8
2010-10-30,21
2010-10-31,29.9
2010-11-01,34.2
2010-11-02,37.5
2010-11-03,29.5
2010-11-04,27
2010-11-05,39.7
2010-11-06,NA
2010-11-07,33.8
2010-11-08,30
2010-11-09,34.6
2010-11-10,26.1
2010-11-11,23
2010-11-12,22.8
2010-11-13,30
2010-11-14,35.9
2010-11-15,24.3
2010-11-16,45.3
2010-11-17,26.1
2010-11-18,33.1
2010-11-19,31
2010-11-20,21.7
2010-11-21,33.2
2010-11-22,NA
2010-11-23,70.2
2010-11-24,24
2010-11-25,19
2010-11-26,47.3
2010-11-27,25.6
2010-11-28,48.6
2010-11-29,25.9
2010-11-30,36.8
2010-12-01,25.8
2010-12-02,41.2
2010-12-03,29.7
2010-12-04,NA
2010-12-05,28.9
2010-12-06,23.9
2010-12-07,28.7
2010-12-08,38
2010-12-09,35.2
2010-12-10,28.7
2010-12-11,34.7
2010-12-12,49.2
2010-12-13,35.9
2010-12-14,53.6
2010-12-15,41.8
2010-12-16,29.6
2010-12-17,33.4
2010-12-18,29.6
2010-12-19,47.6
2010-12-20,41.6
2010-12-21,35.4
2010-12-22,38.8
2010-12-23,33
2010-12-24,39.6
2010-12-25,35.2
2010-12-26,38.3
2010-12-27,53.8
2010-12-28,36.2
2010-12-29,47.3
2010-12-30,49.1
2010-12-31,42
2011-01-01,49.3
2011-01-02,54.1
2011-01-03,35.6
2011-01-04,41.6
2011-01-05,34.3
2011-01-06,28.3
2011-01-07,34.1
2011-01-08,54.1
2011-01-09,38.6
2011-01-10,41.8
2011-01-11,42.9
2011-01-12,97.2
2011-01-13,37.8
2011-01-14,44.4
2011-01-15,57.6
2011-01-16,52.8
2011-01-17,42.5
2011-01-18,40.9
2011-01-19,50.6
2011-01-20,40.7
2011-01-21,35.2
2011-01-22,37.1
2011-01-23,38.2
2011-01-24,30.2
2011-01-25,37.5
2011-01-26,50.7
2011-01-27,50.5
2011-01-28,47.2
2011-01-29,34.7
2011-01-30,37.6
2011-01-31,35.2
2011-02-01,35
2011-02-02,49.6
2011-02-03,46.2
2011-02-04,30.8
2011-02-05,26.9
2011-02-06,41.7
2011-02-07,48.1
2011-02-08,36.2
2011-02-09,51.3
2011-02-10,47.6
2011-02-11,28.9
2011-02-12,23.5
2011-02-13,39.1
2011-02-14,38.9
2011-02-15,38.9
2011-02-16,32.6
2011-02-17,35.6
2011-02-18,38.6
2011-02-19,44.6
2011-02-20,36.5
2011-02-21,47.2
2011-02-22,26.2
2011-02-23,32.9
2011-02-24,111.1
2011-02-25,47.2
2011-02-26,35.7
2011-02-27,39.4
2011-02-28,38.8
2011-03-01,43
2011-03-02,32.9
2011-03-03,30.4
2011-03-04,35.4
2011-03-05,38
2011-03-06,38.6
2011-03-07,27.2
2011-03-08,80.9
2011-03-09,46.4
2011-03-10,27.7
2011-03-11,31.5
2011-03-12,20
2011-03-13,78.4
2011-03-14,35.5
2011-03-15,33.5
2011-03-16,30.1
2011-03-17,39.3
2011-03-18,74.5
2011-03-19,25.3
2011-03-20,95.8
2011-03-21,33.8
2011-03-22,32.4
2011-03-23,27.3
2011-03-24,31.2
2011-03-25,29.3
2011-03-26,NA
2011-03-27,26.5
2011-03-28,33.6
2011-03-29,27.6
2011-03-30,43.9
2011-03-31,31.2
2011-04-01,34.2
2011-04-02,19.7
2011-04-03,32.8
2011-04-04,33.2
2011-04-05,26.4
2011-04-06,26.1
2011-04-07,16.7
2011-04-08,32.4
2011-04-09,21.1
2011-04-10,24.7
2011-04-11,43.1
2011-04-12,28.4
2011-04-13,19.9
2011-04-14,24.3
2011-04-15,32.9
2011-04-16,25.4
2011-04-17,31.3
2011-04-18,15.1
2011-04-19,27.7
2011-04-20,29.6
2011-04-21,21.9
2011-04-22,24.2
2011-04-23,33
2011-04-24,19.4
2011-04-25,32.9
2011-04-26,33.3
2011-04-27,21.6
2011-04-28,17
2011-04-29,16.8
2011-04-30,22.9
2011-05-01,17.5
2011-05-02,27.7
2011-05-03,22.5
2011-05-04,31.5
2011-05-05,21.7
2011-05-06,16.7
2011-05-07,22.2
2011-05-08,50.8
2011-05-09,13.2
2011-05-10,28.4
2011-05-11,17.3
2011-05-12,10.8
2011-05-13,15.7
2011-05-14,37.7
2011-05-15,7.1
2011-05-16,24.3
2011-05-17,17.1
2011-05-18,26.8
2011-05-19,16.3
2011-05-20,16.2
2011-05-21,13.1
2011-05-22,20.8
2011-05-23,11
2011-05-24,13.6
2011-05-25,7.9
2011-05-26,16.8
2011-05-27,20.2
2011-05-28,11.1
2011-05-29,21.2
2011-05-30,5.3
2011-05-31,2
2011-06-01,6.9
2011-06-02,110.7
2011-06-03,16.4
2011-06-04,2
2011-06-05,6.6
2011-06-06,2
2011-06-07,11.9
2011-06-08,7.8
2011-06-09,20.7
2011-06-10,3.2
2011-06-11,8.5
2011-06-12,5.7
2011-06-13,22.4
2011-06-14,2
2011-06-15,16.9
2011-06-16,16.4
2011-06-17,24.9
2011-06-18,14.3
2011-06-19,NA
2011-06-20,8.2
2011-06-21,10.2
2011-06-22,13.5
2011-06-23,11.4
2011-06-24,18.4
2011-06-25,11.3
2011-06-26,2.2
2011-06-27,2.7
2011-06-28,2
2011-06-29,10
2011-06-30,10.6
2011-07-01,18.3
2011-07-02,2
2011-07-03,27.1
2011-07-04,NA
2011-07-05,2
2011-07-06,15
2011-07-07,2
2011-07-08,12
2011-07-09,15.9
2011-07-10,10.7
2011-07-11,17.8
2011-07-12,28.5
2011-07-13,21.6
2011-07-14,24
2011-07-15,18.7
2011-07-16,2
2011-07-17,23.4
2011-07-18,15.1
2011-07-19,6.3
2011-07-20,7.4
2011-07-21,7.9
2011-07-22,162.9
2011-07-23,17.3
2011-07-24,19.9
2011-07-25,5.2
2011-07-26,3.1
2011-07-27,2
2011-07-28,8
2011-07-29,21.6
2011-07-30,22.7
2011-07-31,7.5
2011-08-01,29.5
2011-08-02,15
2011-08-03,21.5
2011-08-04,16.9
2011-08-05,12.3
2011-08-06,2
2011-08-07,20.5
2011-08-08,12.5
2011-08-09,13.3
2011-08-10,13
2011-08-11,8.4
2011-08-12,2
2011-08-13,2
2011-08-14,13.7
2011-08-15,16.2
2011-08-16,20.5
2011-08-17,12.2
2011-08-18,4.9
2011-08-19,3
2011-08-20,21.9
2011-08-21,2
2011-08-22,6.3
2011-08-23,32.4
2011-08-24,12.9
2011-08-25,29.6
2011-08-26,5
2011-08-27,22.7
2011-08-28,12.9
2011-08-29,15.8
2011-08-30,18
2011-08-31,35.3
2011-09-01,7.4
2011-09-02,19.8
2011-09-03,30
2011-09-04,21
2011-09-05,13.1
2011-09-06,34.8
2011-09-07,20.8
2011-09-08,20.4
2011-09-09,20.9
2011-09-10,19.9
2011-09-11,19.5
2011-09-12,16.4
2011-09-13,13.2
2011-09-14,7.8
2011-09-15,22.9
2011-09-16,26.4
2011-09-17,26.4
2011-09-18,24.2
2011-09-19,NA
2011-09-20,16.3
2011-09-21,19.2
2011-09-22,11.9
2011-09-23,NA
2011-09-24,17.3
2011-09-25,32.8
2011-09-26,17.8
2011-09-27,NA
2011-09-28,29.2
2011-09-29,23.9
2011-09-30,34.3
2011-10-01,11.5
2011-10-02,20.6
2011-10-03,41
2011-10-04,NA
2011-10-05,48.7
2011-10-06,15
2011-10-07,2
2011-10-08,26
2011-10-09,22
2011-10-10,13.6
2011-10-11,14.6
2011-10-12,27.3
2011-10-13,14
2011-10-14,29.1
2011-10-15,23.3
2011-10-16,31.5
2011-10-17,29.8
2011-10-18,33.6
2011-10-19,18.6
2011-10-20,32.7
2011-10-21,23.2
2011-10-22,30.1
2011-10-23,49.4
2011-10-24,40.1
2011-10-25,15.7
2011-10-26,25.6
2011-10-27,38.8
2011-10-28,24.8
2011-10-29,37.5
2011-10-30,24.3
2011-10-31,25.9
2011-11-01,44.4
2011-11-02,16.9
2011-11-03,39.8
2011-11-04,26.1
2011-11-05,36.1
2011-11-06,36.2
2011-11-07,25.2
2011-11-08,38.6
2011-11-09,29
2011-11-10,34.1
2011-11-11,37.2
2011-11-12,30.1
2011-11-13,27
2011-11-14,26
2011-11-15,27.5
2011-11-16,33.1
2011-11-17,37.7
2011-11-18,37.7
2011-11-19,35.8
2011-11-20,32.4
2011-11-21,35.6
2011-11-22,25.4
2011-11-23,34.8
2011-11-24,33.5
2011-11-25,34.3
2011-11-26,31.6
2011-11-27,32.7
2011-11-28,25.6
2011-11-29,16.5
2011-11-30,35.3
2011-12-01,48.9
2011-12-02,34.9
2011-12-03,31.2
2011-12-04,42
2011-12-05,22.1
2011-12-06,31.3
2011-12-07,42.9
2011-12-08,20.6
2011-12-09,40.9
2011-12-10,45.6
2011-12-11,41.4
2011-12-12,42.3
2011-12-13,25.9
2011-12-14,50.5
2011-12-15,28.1
2011-12-16,41.6
2011-12-17,45.2
2011-12-18,21.7
2011-12-19,33.2
2011-12-20,44
2011-12-21,28.8
2011-12-22,43.3
2011-12-23,43.2
2011-12-24,36.3
2011-12-25,45
2011-12-26,54.5
2011-12-27,29.5
2011-12-28,41.4
2011-12-29,39.4
2011-12-30,33.6
2011-12-31,46.5
2012-01-01,42.1
2012-01-02,32.6
2012-01-03,38.6
2012-01-04,40.6
2012-01-05,47
2012-01-06,56.1
2012-01-07,40.6
2012-01-08,26.7
2012-01-09,38.4
2012-01-10,33.2
2012-01-11,30.1
2012-01-12,33.3
2012-01-13,37.7
2012-01-14,42.5
2012-01-15,42.5
2012-01-16,40.6
2012-01-17,34.5
2012-01-18,36.7
2012-01-19,31.2
2012-01-20,47.4
2012-01-21,35.7
2012-01-22,40.6
2012-01-23,51
2012-01-24,58.7
2012-01-25,54.2
2012-01-26,44.2
2012-01-27,32.5
2012-01-28,41.4
2012-01-29,40
2012-01-30,49.7
2012-01-31,44.4
2012-02-01,41.4
2012-02-02,35.2
2012-02-03,40.3
2012-02-04,44
2012-02-05,43
2012-02-06,35
2012-02-07,37.9
2012-02-08,39
2012-02-09,30.2
2012-02-10,44.8
2012-02-11,42.9
2012-02-12,24.7
2012-02-13,47
2012-02-14,29.9
2012-02-15,46.3
2012-02-16,53.8
2012-02-17,37.4
2012-02-18,34.5
2012-02-19,41
2012-02-20,37.5
2012-02-21,30.5
2012-02-22,49.4
2012-02-23,44.8
2012-02-24,38.9
2012-02-25,39.5
2012-02-26,33.4
2012-02-27,NA
2012-02-28,31.9
2012-02-29,31.5
2012-03-01,31.8
2012-03-02,25.6
2012-03-03,32.9
2012-03-04,36.6
2012-03-05,35.7
2012-03-06,41.8
2012-03-07,36.5
2012-03-08,26.8
2012-03-09,NA
2012-03-10,23.2
2012-03-11,31
2012-03-12,43.4
2012-03-13,33.8
2012-03-14,25.2
2012-03-15,28.7
2012-03-16,38
2012-03-17,25.1
2012-03-18,30.4
2012-03-19,24.7
2012-03-20,37
2012-03-21,29.7
2012-03-22,38.6
2012-03-23,31
2012-03-24,28.7
2012-03-25,39.6
2012-03-26,36.3
2012-03-27,26.8
2012-03-28,20.6
2012-03-29,20.4
2012-03-30,12.9
2012-03-31,33.7
2012-04-01,30.6
2012-04-02,29
2012-04-03,14.9
2012-04-04,28.6
2012-04-05,32.4
2012-04-06,36.4
2012-04-07,23.5
2012-04-08,21.6
2012-04-09,30.1
2012-04-10,34.2
2012-04-11,23.8
2012-04-12,26.2
2012-04-13,30.7
2012-04-14,14.2
2012-04-15,27.2
2012-04-16,29.2
2012-04-17,33.4
2012-04-18,20.3
2012-04-19,24.8
2012-04-20,21.7
2012-04-21,32.4
2012-04-22,18.4
2012-04-23,8.2
2012-04-24,43.3
2012-04-25,24.4
2012-04-26,20.4
2012-04-27,17.2
2012-04-28,26.6
2012-04-29,32.1
2012-04-30,12.6
2012-05-01,35.1
2012-05-02,21.8
2012-05-03,27.4
2012-05-04,23.5
2012-05-05,14
2012-05-06,18.7
2012-05-07,21.6
2012-05-08,16.2
2012-05-09,20.3
2012-05-10,32.3
2012-05-11,9.7
2012-05-12,28.4
2012-05-13,15.2
2012-05-14,9.2
2012-05-15,27.9
2012-05-16,17
2012-05-17,7.3
2012-05-18,13
2012-05-19,16
2012-05-20,19.8
2012-05-21,29.7
2012-05-22,16.6
2012-05-23,13.1
2012-05-24,4.3
2012-05-25,28.7
2012-05-26,27.9
2012-05-27,21.2
2012-05-28,17.1
2012-05-29,14.2
2012-05-30,7.9
2012-05-31,16.7
2012-06-01,22
2012-06-02,21.1
2012-06-03,13.8
2012-06-04,21
2012-06-05,4.9
2012-06-06,11
2012-06-07,23.9
2012-06-08,13.4
2012-06-09,12.6
2012-06-10,26.1
2012-06-11,19.7
2012-06-12,2
2012-06-13,11.5
2012-06-14,24.3
2012-06-15,14.7
2012-06-16,12.6
2012-06-17,3.7
2012-06-18,2
2012-06-19,2
2012-06-20,9
2012-06-21,14.3
2012-06-22,25.4
2012-06-23,2
2012-06-24,5.8
2012-06-25,44.5
2012-06-26,3.5
2012-06-27,14.8
2012-06-28,14.4
2012-06-29,11.8
2012-06-30,15.4
2012-07-01,14.4
2012-07-02,13
2012-07-03,13.4
2012-07-04,4.9
2012-07-05,4.9
2012-07-06,86
2012-07-07,17.7
2012-07-08,13.1
2012-07-09,12.4
2012-07-10,20.1
2012-07-11,2
2012-07-12,2
2012-07-13,21.8
2012-07-14,8.6
2012-07-15,5.1
2012-07-16,12.9
2012-07-17,14.8
2012-07-18,8.7
2012-07-19,4.8
2012-07-20,2
2012-07-21,3.6
2012-07-22,5.8
2012-07-23,2
2012-07-24,2
2012-07-25,2.4
2012-07-26,2.7
2012-07-27,31.4
2012-07-28,2
2012-07-29,17.9
2012-07-30,10.5
2012-07-31,10.4
2012-08-01,20
2012-08-02,2
2012-08-03,82.6
2012-08-04,7.3
2012-08-05,3.2
2012-08-06,22.2
2012-08-07,3.7
2012-08-08,16.2
2012-08-09,13.5
2012-08-10,3.7
2012-08-11,4
2012-08-12,10.6
2012-08-13,24.8
2012-08-14,14.4
2012-08-15,7
2012-08-16,6.7
2012-08-17,9.6
2012-08-18,16.7
2012-08-19,17.4
2012-08-20,6.9
2012-08-21,10.1
2012-08-22,6.5
2012-08-23,NA
2012-08-24,2
2012-08-25,16.5
2012-08-26,13
2012-08-27,21.9
2012-08-28,6.5
2012-08-29,32
2012-08-30,18.1
2012-08-31,25.3
2012-09-01,9.5
2012-09-02,28.4
2012-09-03,7.2
2012-09-04,10.5
2012-09-05,4.8
2012-09-06,20.2
2012-09-07,9.2
2012-09-08,22.3
2012-09-09,12.5
2012-09-10,16.5
2012-09-11,3.6
2012-09-12,21.7
2012-09-13,31.1
2012-09-14,19.5
2012-09-15,29.4
2012-09-16,NA
2012-09-17,19.9
2012-09-18,29.2
2012-09-19,2.4
2012-09-20,23.5
2012-09-21,19
2012-09-22,16
2012-09-23,17.4
2012-09-24,20.2
2012-09-25,8.2
2012-09-26,11.5
2012-09-27,39.2
2012-09-28,10.2
2012-09-29,9.7
2012-09-30,27.6
2012-10-01,8
2012-10-02,14.3
2012-10-03,30.9
2012-10-04,20.3
2012-10-05,29.7
2012-10-06,30.7
2012-10-07,18.2
2012-10-08,25.8
2012-10-09,29.1
2012-10-10,14.6
2012-10-11,21.8
2012-10-12,33.7
2012-10-13,36.2
2012-10-14,29.3
2012-10-15,16.3
2012-10-16,31.8
2012-10-17,16.8
2012-10-18,28.7
2012-10-19,29.1
2012-10-20,30
2012-10-21,34
2012-10-22,26
2012-10-23,37.2
2012-10-24,27.3
2012-10-25,22.1
2012-10-26,32
2012-10-27,27.3
2012-10-28,33.8
2012-10-29,127.7
2012-10-30,24.5
2012-10-31,30.9
2012-11-01,29.6
2012-11-02,21.8
2012-11-03,33.7
2012-11-04,32
2012-11-05,NA
2012-11-06,30.4
2012-11-07,31
2012-11-08,13.4
2012-11-09,33.1
2012-11-10,30.5
2012-11-11,33
2012-11-12,22.6
2012-11-13,45.7
2012-11-14,34.1
2012-11-15,22.7
2012-11-16,34.1
2012-11-17,26.2
2012-11-18,37.2
2012-11-19,30.9
2012-11-20,27.9
2012-11-21,61.1
2012-11-22,43
2012-11-23,34.3
2012-11-24,47.5
2012-11-25,24.2
2012-11-26,47.6
2012-11-27,41
2012-11-28,43.1
2012-11-29,37.3
2012-11-30,29.5
2012-12-01,24.7
2012-12-02,35.2
2012-12-03,37.2
2012-12-04,33.9
2012-12-05,33.7
2012-12-06,22.6
2012-12-07,33.7
2012-12-08,47.2
2012-12-09,42.1
2012-12-10,36.2
2012-12-11,34.4
2012-12-12,46.1
2012-12-13,31.1
2012-12-14,48.2
2012-12-15,33.4
2012-12-16,43.5
2012-12-17,217.6
2012-12-18,38.5
2012-12-19,27.1
2012-12-20,40.3
2012-12-21,41.2
2012-12-22,18.9
2012-12-23,28.4
2012-12-24,41.9
2012-12-25,49.8
2012-12-26,31.3
2012-12-27,37.7
2012-12-28,48.1
2012-12-29,25.6
2012-12-30,35.3
2012-12-31,46.6
2013-01-01,54.6
2013-01-02,43.4
2013-01-03,33.3
2013-01-04,42.4
2013-01-05,45.6
2013-01-06,NA
2013-01-07,31.3
2013-01-08,41.5
2013-01-09,52
2013-01-10,20.9
2013-01-11,35.7
2013-01-12,41.6
2013-01-13,31.1
2013-01-14,32.7
2013-01-15,27.6
2013-01-16,36.5
2013-01-17,39.1
2013-01-18,43.6
2013-01-19,25.3
2013-01-20,35
2013-01-21,37.1
2013-01-22,41.3
2013-01-23,41.5
2013-01-24,42.1
2013-01-25,38.9
2013-01-26,38.2
2013-01-27,47.2
2013-01-28,23
2013-01-29,53.7
2013-01-30,37.5
2013-01-31,34.1
2013-02-01,46.3
2013-02-02,54.1
2013-02-03,NA
2013-02-04,41.7
2013-02-05,35.5
2013-02-06,46.6
2013-02-07,33.1
2013-02-08,29.7
2013-02-09,42.2
2013-02-10,46.9
2013-02-11,54.5
2013-02-12,56
2013-02-13,37
2013-02-14,51.7
2013-02-15,40.4
2013-02-16,53.4
2013-02-17,46.7
2013-02-18,36.4
2013-02-19,32.2
2013-02-20,46.3
2013-02-21,45.2
2013-02-22,38.7
2013-02-23,53
2013-02-24,NA
2013-02-25,30.7
2013-02-26,29.7
2013-02-27,38.9
2013-02-28,16.4
2013-03-01,33.1
2013-03-02,35.2
2013-03-03,35.3
2013-03-04,37.5
2013-03-05,9.1
2013-03-06,20.7
2013-03-07,25.8
2013-03-08,26.7
2013-03-09,31.4
2013-03-10,25.2
2013-03-11,31.9
2013-03-12,32.7
2013-03-13,22.9
2013-03-14,23.9
2013-03-15,25.5
2013-03-16,18.8
2013-03-17,42
2013-03-18,24.9
2013-03-19,32.8
2013-03-20,43.8
2013-03-21,22.1
2013-03-22,86
2013-03-23,26.1
2013-03-24,41.7
2013-03-25,29.2
2013-03-26,25.7
2013-03-27,18.2
2013-03-28,37.1
2013-03-29,15.5
2013-03-30,18.2
2013-03-31,33.8
2013-04-01,30.2
2013-04-02,13.4
2013-04-03,38.5
2013-04-04,32.3
2013-04-05,23.5
2013-04-06,27.6
2013-04-07,31.6
2013-04-08,16.2
2013-04-09,17
2013-04-10,36.3
2013-04-11,23.3
2013-04-12,27.9
2013-04-13,103.7
2013-04-14,23.1
2013-04-15,25.2
2013-04-16,29.1
2013-04-17,23.8
2013-04-18,16.4
2013-04-19,21
2013-04-20,16.4
2013-04-21,30.8
2013-04-22,15.3
2013-04-23,26.4
2013-04-24,26.8
2013-04-25,28
2013-04-26,15.8
2013-04-27,30.6
2013-04-28,32.9
2013-04-29,23.9
2013-04-30,25.2
2013-05-01,31.5
2013-05-02,14.7
2013-05-03,22.1
2013-05-04,12.8
2013-05-05,15.2
2013-05-06,14.4
2013-05-07,20.3
2013-05-08,20.1
2013-05-09,19.9
2013-05-10,16.8
2013-05-11,17.9
2013-05-12,NA
2013-05-13,12.4
2013-05-14,18.6
2013-05-15,9.7
2013-05-16,12.7
2013-05-17,19.1
2013-05-18,13.6
2013-05-19,21.6
2013-05-20,22.6
2013-05-21,22.8
2013-05-22,15.1
2013-05-23,22
2013-05-24,9.7
2013-05-25,15.9
2013-05-26,9.2
2013-05-27,24.4
2013-05-28,10.2
2013-05-29,4.8
2013-05-30,25.2
2013-05-31,11.2
2013-06-01,18
2013-06-02,8.9
2013-06-03,23.8
2013-06-04,9.7
2013-06-05,14.5
2013-06-06,11.1
2013-06-07,23.4
2013-06-08,21.5
2013-06-09,13.6
2013-06-10,55.5
2013-06-11,20.9
2013-06-12,8.8
2013-06-13,8.6
2013-06-14,8.4
2013-06-15,2
2013-06-16,14.4
2013-06-17,12.8
2013-06-18,17
2013-06-19,7.1
2013-06-20,10.9
2013-06-21,NA
2013-06-22,25
2013-06-23,16.8
2013-06-24,7.7
2013-06-25,5
2013-06-26,22.3
2013-06-27,10.6
2013-06-28,2
2013-06-29,12.8
2013-06-30,11.9
2013-07-01,7
2013-07-02,4.3
2013-07-03,12.4
2013-07-04,11.7
2013-07-05,6.8
2013-07-06,7.6
2013-07-07,2
2013-07-08,20.2
2013-07-09,16.8
2013-07-10,16.2
2013-07-11,15.9
2013-07-12,16
2013-07-13,9.8
2013-07-14,2.8
2013-07-15,3.9
2013-07-16,9.7
2013-07-17,2.8
2013-07-18,14.4
2013-07-19,6.5
2013-07-20,12.1
2013-07-21,6.4
2013-07-22,3.5
2013-07-23,9.2
2013-07-24,4.1
2013-07-25,2
2013-07-26,16.1
2013-07-27,NA
2013-07-28,2
2013-07-29,6.1
2013-07-30,3.5
2013-07-31,16.4
2013-08-01,21.5
2013-08-02,25.5
2013-08-03,2
2013-08-04,18.3
2013-08-05,2.8
2013-08-06,2
2013-08-07,2.6
2013-08-08,10.9
2013-08-09,6.3
2013-08-10,8.3
2013-08-11,20.6
2013-08-12,20.8
2013-08-13,15.7
2013-08-14,5.9
2013-08-15,19.2
2013-08-16,14.8
2013-08-17,15.5
2013-08-18,2
2013-08-19,18.8
2013-08-20,30.7
2013-08-21,27.5
2013-08-22,14.1
2013-08-23,18.2
2013-08-24,25.3
2013-08-25,12.4
2013-08-26,18
2013-08-27,4.3
2013-08-28,9.3
2013-08-29,19
2013-08-30,24.1
2013-08-31,25.9
2013-09-01,20.6
2013-09-02,11.7
2013-09-03,10.1
2013-09-04,19.7
2013-09-05,5.7
2013-09-06,10.8
2013-09-07,5.1
2013-09-08,10
2013-09-09,8.8
2013-09-10,11.3
2013-09-11,20.8
2013-09-12,19.1
2013-09-13,22.3
2013-09-14,14
2013-09-15,26.1
2013-09-16,31
2013-09-17,15.1
2013-09-18,8.5
2013-09-19,10.9
2013-09-20,8.3
2013-09-21,23.6
2013-09-22,23.8
2013-09-23,14.8
2013-09-24,29.2
2013-09-25,11
2013-09-26,26.1
2013-09-27,18.7
2013-09-28,29
2013-09-29,21.5
2013-09-30,26.4
2013-10-01,24.2
2013-10-02,18
2013-10-03,17.5
2013-10-04,18.7
2013-10-05,18.6
2013-10-06,20.9
2013-10-07,23.5
2013-10-08,27.5
2013-10-09,29.1
2013-10-10,17.3
2013-10-11,21.9
2013-10-12,29
2013-10-13,19.9
2013-10-14,18.6
2013-10-15,30.7
2013-10-16,30.9
2013-10-17,30.4
2013-10-18,15
2013-10-19,21
2013-10-20,16.6
2013-10-21,22.2
2013-10-22,17.9
2013-10-23,23.7
2013-10-24,24.9
2013-10-25,17.3
2013-10-26,46.8
2013-10-27,43.6
2013-10-28,23
2013-10-29,26.2
2013-10-30,66.3
2013-10-31,27.1
2013-11-01,32.6
2013-11-02,27
2013-11-03,31
2013-11-04,42.4
2013-11-05,20.1
2013-11-06,19.5
2013-11-07,34.7
2013-11-08,27.8
2013-11-09,28.8
2013-11-10,34.4
2013-11-11,37.5
2013-11-12,31
2013-11-13,28.9
2013-11-14,36
2013-11-15,32.6
2013-11-16,23.5
2013-11-17,40.2
2013-11-18,42.6
2013-11-19,32.4
2013-11-20,24.4
2013-11-21,36.5
2013-11-22,34.1
2013-11-23,30.6
2013-11-24,26.2
2013-11-25,33.5
2013-11-26,48.9
2013-11-27,28.9
2013-11-28,39.1
2013-11-29,27.8
2013-11-30,30.5
2013-12-01,28.3
2013-12-02,38.8
2013-12-03,34.1
2013-12-04,31.1
2013-12-05,44.3
2013-12-06,36.5
2013-12-07,33.9
2013-12-08,20.5
2013-12-09,45
2013-12-10,24.4
2013-12-11,39.7
2013-12-12,46.6
2013-12-13,36.6
2013-12-14,51.5
2013-12-15,29.9
2013-12-16,40.8
2013-12-17,27
2013-12-18,38
2013-12-19,43.4
2013-12-20,28
2013-12-21,26
2013-12-22,35.8
2013-12-23,36
2013-12-24,37.4
2013-12-25,36.4
2013-12-26,33.8
2013-12-27,39.2
2013-12-28,20.2
2013-12-29,25.1
2013-12-30,28.5
2013-12-31,28.7
2014-01-01,31.3
2014-01-02,35.2
2014-01-03,48.7
2014-01-04,36.6
2014-01-05,41
2014-01-06,32.4
2014-01-07,33.2
2014-01-08,40.2
2014-01-09,67
2014-01-10,33.4
2014-01-11,59.7
2014-01-12,39
2014-01-13,25.4
2014-01-14,34.7
2014-01-15,39.5
2014-01-16,42.5
2014-01-17,36.3
2014-01-18,33.6
2014-01-19,37.1
2014-01-20,42
2014-01-21,46.9
2014-01-22,45.5
2014-01-23,38.6
2014-01-24,41.9
2014-01-25,47.8
2014-01-26,26.1
2014-01-27,38.2
2014-01-28,22.9
2014-01-29,45.7
2014-01-30,37.8
2014-01-31,35.9
2014-02-01,40.9
2014-02-02,34.6
2014-02-03,32.3
2014-02-04,46.7
2014-02-05,51.5
2014-02-06,41.8
2014-02-07,48.3
2014-02-08,41.8
2014-02-09,34.7
2014-02-10,51
2014-02-11,46.2
2014-02-12,30.2
2014-02-13,41.2
2014-02-14,50.6
2014-02-15,51.8
2014-02-16,20
2014-02-17,39.6
2014-02-18,29
2014-02-19,44.5
2014-02-20,27.9
2014-02-21,31.2
2014-02-22,42.1
2014-02-23,37.3
2014-02-24,43.4
2014-02-25,27.1
2014-02-26,32.4
2014-02-27,37.8
2014-02-28,30.5
2014-03-01,24.3
2014-03-02,36.8
2014-03-03,32
2014-03-04,31.3
2014-03-05,45.3
2014-03-06,35.9
2014-03-07,25.1
2014-03-08,41
2014-03-09,24.4
2014-03-10,35.5
2014-03-11,32
2014-03-12,22
2014-03-13,23.3
2014-03-14,38.1
2014-03-15,30.7
2014-03-16,19.4
2014-03-17,24.5
2014-03-18,19.4
2014-03-19,23.6
2014-03-20,27.9
2014-03-21,17.3
2014-03-22,42.6
2014-03-23,22
2014-03-24,63.7
2014-03-25,21.2
2014-03-26,22.1
2014-03-27,31.3
2014-03-28,31
2014-03-29,23.8
2014-03-30,44.1
2014-03-31,28.3
2014-04-01,31.4
2014-04-02,31.2
2014-04-03,21.4
2014-04-04,30.4
2014-04-05,27.3
2014-04-06,25.2
2014-04-07,10.7
2014-04-08,35.7
2014-04-09,19.1
2014-04-10,19.9
2014-04-11,30.9
2014-04-12,35.1
2014-04-13,38.7
2014-04-14,16.8
2014-04-15,31.5
2014-04-16,25.9
2014-04-17,23
2014-04-18,38.7
2014-04-19,20.4
2014-04-20,33.3
2014-04-21,26.9
2014-04-22,24
2014-04-23,14.8
2014-04-24,11.1
2014-04-25,13.9
2014-04-26,7.4
2014-04-27,24.9
2014-04-28,15.7
2014-04-29,20
2014-04-30,30.1
2014-05-01,24.4
2014-05-02,31.5
2014-05-03,10
2014-05-04,25
2014-05-05,24.8
2014-05-06,19.9
2014-05-07,23.4
2014-05-08,17.1
2014-05-09,37.1
2014-05-10,15.8
2014-05-11,9.7
2014-05-12,18.5
2014-05-13,19.5
2014-05-14,14.3
2014-05-15,11.2
2014-05-16,19.4
2014-05-17,31.7
2014-05-18,25.1
2014-05-19,12.9
2014-05-20,25.4
2014-05-21,16.3
2014-05-22,19.6
2014-05-23,2
2014-05-24,18.9
2014-05-25,24.1
2014-05-26,13.7
2014-05-27,8
2014-05-28,11
2014-05-29,26.8
2014-05-30,5
2014-05-31,22.4
2014-06-01,9.8
2014-06-02,25.4
2014-06-03,20.5
2014-06-04,20.3
2014-06-05,6.5
2014-06-06,11.8
2014-06-07,12.4
2014-06-08,6.1
2014-06-09,NA
2014-06-10,2
2014-06-11,2
2014-06-12,10
2014-06-13,12.2
2014-06-14,9.7
2014-06-15,20.5
2014-06-16,14.8
2014-06-17,5.9
2014-06-18,3.4
2014-06-19,22.7
2014-06-20,27.4
2014-06-21,3.9
2014-06-22,7.6
2014-06-23,17.5
2014-06-24,17.3
2014-06-25,5.8
2014-06-26,15.8
2014-06-27,4.5
2014-06-28,3.6
2014-06-29,13.1
2014-06-30,2
2014-07-01,9.1
2014-07-02,12.8
2014-07-03,24.1
2014-07-04,2
2014-07-05,22
2014-07-06,6.8
2014-07-07,2
2014-07-08,22
2014-07-09,14.3
2014-07-10,19.6
2014-07-11,20.8
2014-07-12,19.2
2014-07-13,8.8
2014-07-14,21.7
2014-07-15,4.5
2014-07-16,2
2014-07-17,4.9
2014-07-18,15.4
2014-07-19,15.2
2014-07-20,14.2
2014-07-21,21.4
2014-07-22,17.7
2014-07-23,18.9
2014-07-24,15
2014-07-25,13.5
2014-07-26,2
2014-07-27,13.7
2014-07-28,9.7
2014-07-29,3.1
2014-07-30,23.6
2014-07-31,2.9
2014-08-01,13.2
2014-08-02,2
2014-08-03,14.6
2014-08-04,21.6
2014-08-05,2
2014-08-06,2
2014-08-07,23.3
2014-08-08,16.7
2014-08-09,9.8
2014-08-10,4
2014-08-11,2.1
2014-08-12,12
2014-08-13,13.1
2014-08-14,2
2014-08-15,3.9
2014-08-16,17.7
2014-08-17,2
2014-08-18,13.6
2014-08-19,2
2014-08-20,10.6
2014-08-21,9.5
2014-08-22,4.5
2014-08-23,5.8
2014-08-24,14.8
2014-08-25,9.8
2014-08-26,13.3
2014-08-27,13.6
2014-08-28,15.2
2014-08-29,25.9
2014-08-30,2
2014-08-31,12
2014-09-01,27.7
2014-09-02,11.7
2014-09-03,23.1
2014-09-04,15.4
2014-09-05,11.3
2014-09-06,23.2
2014-09-07,19.1
2014-09-08,26.6
2014-09-09,12.8
2014-09-10,15.7
2014-09-11,20.4
2014-09-12,2
2014-09-13,16.8
2014-09-14,28.6
2014-09-15,22.9
2014-09-16,10.3
2014-09-17,29.3
2014-09-18,21.5
2014-09-19,30.7
2014-09-20,11.4
2014-09-21,21.9
2014-09-22,32.2
2014-09-23,13.9
2014-09-24,27.5
2014-09-25,30.7
2014-09-26,15.3
2014-09-27,20.7
2014-09-28,30.7
2014-09-29,NA
2014-09-30,14.7
2014-10-01,20.1
2014-10-02,14.3
2014-10-03,21
2014-10-04,24.6
2014-10-05,20.2
2014-10-06,18.5
2014-10-07,24.7
2014-10-08,85
2014-10-09,20.4
2014-10-10,14.1
2014-10-11,11.1
2014-10-12,26.3
2014-10-13,24.6
2014-10-14,17.5
2014-10-15,26.3
2014-10-16,15.9
2014-10-17,28.9
2014-10-18,32
2014-10-19,24.6
2014-10-20,21.4
2014-10-21,22.8
2014-10-22,25.6
2014-10-23,30.6
2014-10-24,19.4
2014-10-25,14.8
2014-10-26,19.7
2014-10-27,33.9
2014-10-28,16
2014-10-29,16.4
2014-10-30,38.1
2014-10-31,31.7
2014-11-01,32.9
2014-11-02,24.1
2014-11-03,31.6
2014-11-04,23.2
2014-11-05,70.5
2014-11-06,20.9
2014-11-07,28.1
2014-11-08,26.2
2014-11-09,39.3
2014-11-10,34.7
2014-11-11,27.3
2014-11-12,31.6
2014-11-13,45.6
2014-11-14,22.2
2014-11-15,31.8
2014-11-16,31.9
2014-11-17,32.2
2014-11-18,31.8
2014-11-19,36.9
2014-11-20,35.5
2014-11-21,39.3
2014-11-22,40.7
2014-11-23,34.1
2014-11-24,35.2
2014-11-25,33
2014-11-26,36.4
2014-11-27,44.3
2014-11-28,27.5
2014-11-29,43.2
2014-11-30,NA
2014-12-01,34.3
2014-12-02,24.1
2014-12-03,41
2014-12-04,35
2014-12-05,31.1
2014-12-06,43.6
2014-12-07,25.3
2014-12-08,43
2014-12-09,24.8
2014-12-10,31
2014-12-11,40.9
2014-12-12,32.7
2014-12-13,38.4
2014-12-14,23.6
2014-12-15,37.3
2014-12-16,35
2014-12-17,28.2
2014-12-18,33.2
2014-12-19,50.4
2014-12-20,47.1
2014-12-21,46.2
2014-12-22,44.8
2014-12-23,38
2014-12-24,48.7
2014-12-25,35.6
2014-12-26,38.8
2014-12-27,42.6
2014-12-28,42.9
2014-12-29,39
2014-12-30,44.2
2014-12-31,39
2015-01-01,42.3
2015-01-02,48.7
2015-01-03,45.8
2015-01-04,40.4
2015-01-05,46
2015-01-06,14.8
2015-01-07,29.8
2015-01-08,39.3
2015-01-09,41.2
2015-01-10,35.3
2015-01-11,32.7
2015-01-12,37.5
2015-01-13,43.6
2015-01-14,32.4
2015-01-15,49
2015-01-16,23.8
2015-01-17,44.5
2015-01-18,33.8
2015-01-19,36.9
2015-01-20,23.7
2015-01-21,49.7
2015-01-22,19.4
2015-01-23,40.7
2015-01-24,28.8
2015-01-25,39
2015-01-26,36.8
2015-01-27,39.3
2015-01-28,46.1
2015-01-29,38.7
2015-01-30,54.6
2015-01-31,53.8
2015-02-01,43
2015-02-02,18.7
2015-02-03,37.8
2015-02-04,39.2
2015-02-05,41.1
2015-02-06,34.6
2015-02-07,32
2015-02-08,32
2015-02-09,45.1
2015-02-10,26.1
2015-02-11,30.9
2015-02-12,40.4
2015-02-13,39.3
2015-02-14,41.3
2015-02-15,44.7
2015-02-16,37.6
2015-02-17,38.1
2015-02-18,31.6
2015-02-19,33.8
2015-02-20,30.8
2015-02-21,37
2015-02-22,40.3
2015-02-23,30.1
2015-02-24,36.6
2015-02-25,35.5
2015-02-26,49.5
2015-02-27,42.9
2015-02-28,22.8
2015-03-01,32.3
2015-03-02,27.9
2015-03-03,NA
2015-03-04,26.1
2015-03-05,30.7
2015-03-06,45.2
2015-03-07,21.2
2015-03-08,38.9
2015-03-09,37.1
2015-03-10,41.3
2015-03-11,38.9
2015-03-12,27.4
2015-03-13,34.6
2015-03-14,36.8
2015-03-15,28.4
2015-03-16,22.8
2015-03-17,48.6
2015-03-18,28.2
2015-03-19,17.2
2015-03-20,19.6
2015-03-21,20.5
2015-03-22,28.9
2015-03-23,16
2015-03-24,36.2
2015-03-25,13.8
2015-03-26,31.1
2015-03-27,164.5
2015-03-28,29.3
2015-03-29,31.2
2015-03-30,30.7
2015-03-31,26.9
2015-04-01,26.1
2015-04-02,31.6
2015-04-03,27.4
2015-04-04,31.3
2015-04-05,19.1
2015-04-06,33.1
2015-04-07,34.6
2015-04-08,18.1
2015-04-09,18
2015-04-10,33.1
2015-04-11,25.2
2015-04-12,32.5
2015-04-13,26.2
2015-04-14,25.1
2015-04-15,43.8
2015-04-16,29.1
2015-04-17,31.3
2015-04-18,28.6
2015-04-19,33.3
2015-04-20,17.5
2015-04-21,10
2015-04-22,18.8
2015-04-23,13.9
2015-04-24,21.4
2015-04-25,38.7
2015-04-26,17.3
2015-04-27,24.5
2015-04-28,8.9
2015-04-29,19.1
2015-04-30,14.4
2015-05-01,29.4
2015-05-02,12.7
2015-05-03,18.2
2015-05-04,19.1
2015-05-05,22.9
2015-05-06,6.8
2015-05-07,20.3
2015-05-08,19.6
2015-05-09,15.9
2015-05-10,2
2015-05-11,30.7
2015-05-12,14.2
2015-05-13,19
2015-05-14,14.3
2015-05-15,20.6
2015-05-16,25.5
2015-05-17,29.3
2015-05-18,11.5
2015-05-19,19.4
2015-05-20,15
2015-05-21,29.2
2015-05-22,6.4
2015-05-23,16.8
2015-05-24,15.3
2015-05-25,16.3
2015-05-26,18.7
2015-05-27,11.7
2015-05-28,17.8
2015-05-29,11.5
2015-05-30,25.9
2015-05-31,27.8
2015-06-01,45.3
2015-06-02,9.5
2015-06-03,9.7
2015-06-04,11.5
2015-06-05,28.3
2015-06-06,4.6
2015-06-07,11.2
2015-06-08,17.9
2015-06-09,11.1
2015-06-10,10.5
2015-06-11,5.8
2015-06-12,20
2015-06-13,5.2
2015-06-14,13.2
2015-06-15,13.5
2015-06-16,3.6
2015-06-17,28.2
2015-06-18,20
2015-06-19,17.1
2015-06-20,24.8
2015-06-21,2
2015-06-22,5.8
2015-06-23,6.7
2015-06-24,7.5
2015-06-25,13.4
2015-06-26,8.5
2015-06-27,6.6
2015-06-28,3
2015-06-29,12.5
2015-06-30,15.1
2015-07-01,2.8
2015-07-02,28.2
2015-07-03,25.9
2015-07-04,25
2015-07-05,11.2
2015-07-06,16.6
2015-07-07,2
2015-07-08,2.4
2015-07-09,2
2015-07-10,12.2
2015-07-11,5.2
2015-07-12,2
2015-07-13,12.6
2015-07-14,3
2015-07-15,12.5
2015-07-16,NA
2015-07-17,7.9
2015-07-18,22.9
2015-07-19,9.4
2015-07-20,10.9
2015-07-21,2
2015-07-22,9.9
2015-07-23,22.7
2015-07-24,12.4
2015-07-25,9.5
2015-07-26,2.6
2015-07-27,3.3
2015-07-28,8.1
2015-07-29,13.8
2015-07-30,24
2015-07-31,3.4
2015-08-01,9.6
2015-08-02,9.8
2015-08-03,4.4
2015-08-04,9.4
2015-08-05,9.5
2015-08-06,21.5
2015-08-07,8.3
2015-08-08,2
2015-08-09,5.2
2015-08-10,21.3
2015-08-11,2
2015-08-12,17.4
2015-08-13,11.7
2015-08-14,3.4
2015-08-15,4
2015-08-16,NA
2015-08-17,9.6
2015-08-18,41
2015-08-19,8.3
2015-08-20,14.4
2015-08-21,3.8
2015-08-22,23.4
2015-08-23,21.1
2015-08-24,11.9
2015-08-25,14.3
2015-08-26,6.4
2015-08-27,9.7
2015-08-28,2
2015-08-29,38.5
2015-08-30,23.3
2015-08-31,15.8
2015-09-01,3.8
2015-09-02,21.2
2015-09-03,24.2
2015-09-04,9.8
2015-09-05,11.8
2015-09-06,11.6
2015-09-07,6.9
2015-09-08,NA
2015-09-09,24.4
2015-09-10,31.5
2015-09-11,11.4
2015-09-12,5.4
2015-09-13,10.2
2015-09-14,22.5
2015-09-15,10.2
2015-09-16,28.6
2015-09-17,15.7
2015-09-18,17
2015-09-19,15.9
2015-09-20,23.8
2015-09-21,26.4
2015-09-22,17.5
2015-09-23,2
2015-09-24,23.8
2015-09-25,24.6
2015-09-26,24.8
2015-09-27,26.8
2015-09-28,21.6
2015-09-29,16
2015-09-30,8.7
2015-10-01,25.7
2015-10-02,23
2015-10-03,6.9
2015-10-04,19.9
2015-10-05,21
2015-10-06,14.3
2015-10-07,26.7
2015-10-08,18.6
2015-10-09,27.9
2015-10-10,27.8
2015-10-11,22.9
2015-10-12,20.5
2015-10-13,23.8
2015-10-14,24.1
2015-10-15,5
2015-10-16,27.8
2015-10-17,27.8
2015-10-18,15
2015-10-19,16.7
2015-10-20,31.5
2015-10-21,31.6
2015-10-22,18.9
2015-10-23,45.7
2015-10-24,21.5
2015-10-25,38.1
2015-10-26,14.5
2015-10-27,24.7
2015-10-28,15
2015-10-29,33.7
2015-10-30,23.3
2015-10-31,20.1
2015-11-01,14.5
2015-11-02,16
2015-11-03,39.6
2015-11-04,7.9
2015-11-05,14.6
2015-11-06,40.2
2015-11-07,42.8
2015-11-08,38.9
2015-11-09,37.9
2015-11-10,36.2
2015-11-11,39.1
2015-11-12,24.8
2015-11-13,43
2015-11-14,37.7
2015-11-15,36.3
2015-11-16,NA
2015-11-17,34
2015-11-18,47
2015-11-19,19
2015-11-20,39.9
2015-11-21,32.9
2015-11-22,37.2
2015-11-23,51.4
2015-11-24,31.4
2015-11-25,37.2
2015-11-26,29.1
2015-11-27,29.1
2015-11-28,44.3
2015-11-29,38.1
2015-11-30,30.7
2015-12-01,37.6
2015-12-02,34.7
2015-12-03,34.4
2015-12-04,33.8
2015-12-05,26.5
2015-12-06,46
2015-12-07,41.7
2015-12-08,180.5
2015-12-09,61.3
2015-12-10,46.6
2015-12-11,40.7
2015-12-12,34
2015-12-13,47.8
2015-12-14,28.5
2015-12-15,32.3
2015-12-16,35.2
2015-12-17,52
2015-12-18,37.6
2015-12-19,36.1
2015-12-20,30.5
2015-12-21,42.2
2015-12-22,31.2
2015-12-23,52.1
2015-12-24,50.1
2015-12-25,48.2
2015-12-26,30.6
2015-12-27,NA
2015-12-28,50.8
2015-12-29,43.3
2015-12-30,48.3
2015-12-31,31.7
2016-01-01,38.7
2016-01-02,41.8
2016-01-03,24.7
2016-01-04,25.2
2016-01-05,56.6
2016-01-06,37
2016-01-07,25.9
2016-01-08,35.8
2016-01-09,42.3
2016-01-10,49
2016-01-11,43.3
2016-01-12,34
2016-01-13,47.9
2016-01-14,44.9
2016-01-15,39.5
2016-01-16,35.1
2016-01-17,41
2016-01-18,32.9
2016-01-19,25.9
2016-01-20,37.3
2016-01-21,21.2
2016-01-22,41.4
2016-01-23,40.5
2016-01-24,43.3
2016-01-25,38.5
2016-01-26,NA
2016-01-27,29.1
2016-01-28,33.1
2016-01-29,37.7
2016-01-30,35
2016-01-31,103.2
2016-02-01,42.5
2016-02-02,46.7
2016-02-03,37.2
2016-02-04,48.8
2016-02-05,36.1
2016-02-06,42.2
2016-02-07,31.4
2016-02-08,34.1
2016-02-09,50.8
2016-02-10,NA
2016-02-11,18.7
2016-02-12,30
2016-02-13,30.1
2016-02-14,50.4
2016-02-15,43.7
2016-02-16,39.2
2016-02-17,40.5
2016-02-18,41.5
2016-02-19,38.3
2016-02-20,27.9
2016-02-21,34.7
2016-02-22,37.1
2016-02-23,27.1
2016-02-24,28.5
2016-02-25,102.8
2016-02-26,44.8
2016-02-27,27.3
2016-02-28,38.8
2016-02-29,26.9
2016-03-01,31.7
2016-03-02,36.5
2016-03-03,42.7
2016-03-04,42
2016-03-05,42.2
2016-03-06,13.4
2016-03-07,34.7
2016-03-08,22.3
2016-03-09,21.6
2016-03-10,55.3
2016-03-11,44.9
2016-03-12,29.9
2016-03-13,35.1
2016-03-14,32.5
2016-03-15,43.9
2016-03-16,15.7
2016-03-17,42.1
2016-03-18,27.8
2016-03-19,34.1
2016-03-20,49.5
2016-03-21,41.5
2016-03-22,46.1
2016-03-23,36.4
2016-03-24,21.5
2016-03-25,10.6
2016-03-26,38.8
2016-03-27,27.1
2016-03-28,29.8
2016-03-29,25.6
2016-03-30,22.3
2016-03-31,45.7
2016-04-01,21
2016-04-02,30.3
2016-04-03,30.5
2016-04-04,32.7
2016-04-05,40.1
2016-04-06,35.8
2016-04-07,22.5
2016-04-08,NA
2016-04-09,16.2
2016-04-10,20.4
2016-04-11,24.2
2016-04-12,24.9
2016-04-13,27
2016-04-14,22.6
2016-04-15,18.6
2016-04-16,40.2
2016-04-17,25.4
2016-04-18,10.2
2016-04-19,25.3
2016-04-20,19.3
2016-04-21,13.1
2016-04-22,20
2016-04-23,10.9
2016-04-24,27.1
2016-04-25,35.1
2016-04-26,22
2016-04-27,25.6
2016-04-28,14.7
2016-04-29,39.3
2016-04-30,31.6
2016-05-01,31.8
2016-05-02,20.6
2016-05-03,24.1
2016-05-04,24.7
2016-05-05,30.4
2016-05-06,20.1
2016-05-07,5.5
2016-05-08,21.5
2016-05-09,20.2
2016-05-10,23.9
2016-05-11,15.4
2016-05-12,104.8
2016-05-13,14.3
2016-05-14,17.1
2016-05-15,10.6
2016-05-16,14
2016-05-17,14.6
2016-05-18,15.4
2016-05-19,14.6
2016-05-20,25.3
2016-05-21,11.5
2016-05-22,18.6
2016-05-23,11.4
2016-05-24,NA
2016-05-25,55.2
2016-05-26,11
2016-05-27,9.8
2016-05-28,NA
2016-05-29,13.4
2016-05-30,27.5
2016-05-31,9.6
2016-06-01,25.4
2016-06-02,14.7
2016-06-03,2
2016-06-04,18.1
2016-06-05,7.7
2016-06-06,14.8
2016-06-07,2
2016-06-08,19.4
2016-06-09,9.5
2016-06-10,23.7
2016-06-11,9
2016-06-12,11.6
2016-06-13,9.2
2016-06-14,2
2016-06-15,8.2
2016-06-16,10.4
2016-06-17,10.1
2016-06-18,8
2016-06-19,2
2016-06-20,15.6
2016-06-21,13.9
2016-06-22,2
2016-06-23,2
2016-06-24,11.8
2016-06-25,NA
2016-06-26,9.6
2016-06-27,26.7
2016-06-28,2
2016-06-29,18.3
2016-06-30,2
2016-07-01,10.6
2016-07-02,4.2
2016-07-03,14.7
2016-07-04,2
2016-07-05,8.1
2016-07-06,10.4
2016-07-07,4.8
2016-07-08,2.7
2016-07-09,NA
2016-07-10,2
2016-07-11,14.1
2016-07-12,2
2016-07-13,2
2016-07-14,19
2016-07-15,4.5
2016-07-16,22.2
2016-07-17,16.4
2016-07-18,10.2
2016-07-19,16.9
2016-07-20,12.3
2016-07-21,9.7
2016-07-22,16.6
2016-07-23,7.3
2016-07-24,2
2016-07-25,11.3
2016-07-26,19.3
2016-07-27,2
2016-07-28,11.7
2016-07-29,22.3
2016-07-30,2
2016-07-31,3.5
2016-08-01,5.6
2016-08-02,2
2016-08-03,7
2016-08-04,15
2016-08-05,6
2016-08-06,16.8
2016-08-07,8.9
2016-08-08,10.1
2016-08-09,26.4
2016-08-10,14
2016-08-11,14
2016-08-12,6.2
2016-08-13,2
2016-08-14,11.7
2016-08-15,15.4
2016-08-16,11.7
2016-08-17,2
2016-08-18,10.6
2016-08-19,3.9
2016-08-20,14.5
2016-08-21,15
2016-08-22,11.5
2016-08-23,24
2016-08-24,NA
2016-08-25,17.2
2016-08-26,20.2
2016-08-27,11.6
2016-08-28,2
2016-08-29,7.6
2016-08-30,7.4
2016-08-31,18.7
2016-09-01,2.7
2016-09-02,22.4
2016-09-03,6.1
2016-09-04,27.3
2016-09-05,15
2016-09-06,11.1
2016-09-07,10.2
2016-09-08,10
2016-09-09,5.9
2016-09-10,14.2
2016-09-11,33.5
2016-09-12,8
2016-09-13,20.5
2016-09-14,5.8
2016-09-15,19.3
2016-09-16,14.9
2016-09-17,9.1
2016-09-18,22.5
2016-09-19,24.7
2016-09-20,8.6
2016-09-21,30.5
2016-09-22,19.1
2016-09-23,21.7
2016-09-24,11
2016-09-25,8.5
2016-09-26,33.9
2016-09-27,22.5
2016-09-28,16.1
2016-09-29,9.5
2016-09-30,26.7
2016-10-01,24.1
2016-10-02,25.1
2016-10-03,16.2
2016-10-04,19.8
2016-10-05,35.2
2016-10-06,13.5
2016-10-07,18.9
2016-10-08,26.8
2016-10-09,39.1
2016-10-10,48.3
2016-10-11,17.8
2016-10-12,18.4
2016-10-13,28.4
2016-10-14,21.4
2016-10-15,27.5
2016-10-16,14.5
2016-10-17,27
2016-10-18,33.8
2016-10-19,16.5
2016-10-20,37.7
2016-10-21,31.2
2016-10-22,35.9
2016-10-23,23.6
2016-10-24,10.9
2016-10-25,24
2016-10-26,30.3
2016-10-27,28.2
2016-10-28,30.8
2016-10-29,38.6
2016-10-30,25.8
2016-10-31,22.5
2016-11-01,25.1
2016-11-02,31.6
2016-11-03,35.3
2016-11-04,32.5
2016-11-05,31.1
2016-11-06,16.7
2016-11-07,28.9
2016-11-08,38.7
2016-11-09,38.4
2016-11-10,24.5
2016-11-11,39
2016-11-12,31.9
2016-11-13,20.6
2016-11-14,23.1
2016-11-15,29.2
2016-11-16,37.9
2016-11-17,37.2
2016-11-18,47.7
2016-11-19,39.7
2016-11-20,35.2
2016-11-21,NA
2016-11-22,28.5
2016-11-23,35.8
2016-11-24,50.2
2016-11-25,37.1
2016-11-26,22.1
2016-11-27,29.3
2016-11-28,34.9
2016-11-29,43.4
2016-11-30,28.5
2016-12-01,25.8
2016-12-02,30.9
2016-12-03,31
2016-12-04,20.1
2016-12-05,38.3
2016-12-06,34.8
2016-12-07,52.4
2016-12-08,34.6
2016-12-09,59.3
2016-12-10,41
2016-12-11,44.2
2016-12-12,42.5
2016-12-13,34
2016-12-14,33.3
2016-12-15,41.2
2016-12-16,43.7
2016-12-17,38
2016-12-18,33
2016-12-19,30.8
2016-12-20,40.9
2016-12-21,51.2
2016-12-22,38
2016-12-23,44.2
2016-12-24,47.1
2016-12-25,45.6
2016-12-26,46.4
2016-12-27,28.3
2016-12-28,38.8
2016-12-29,28.6
2016-12-30,47.4
2016-12-31,36.4
2017-01-01,34
2017-01-02,27
2017-01-03,39.4
2017-01-04,43.5
2017-01-05,38.9
2017-01-06,27.3
2017-01-07,32.9
2017-01-08,114.3
2017-01-09,47.3
2017-01-10,48.1
2017-01-11,21.9
2017-01-12,45.7
2017-01-13,113.8
2017-01-14,35.6
2017-01-15,28.1
2017-01-16,38.6
2017-01-17,33.9
2017-01-18,38.3
2017-01-19,31
2017-01-20,28.7
2017-01-21,39
2017-01-22,33.9
2017-01-23,31.5
2017-01-24,54.4
2017-01-25,45.5
2017-01-26,34.1
2017-01-27,34.8
2017-01-28,35.8
2017-01-29,40
2017-01-30,39.2
2017-01-31,51.5
2017-02-01,41.9
2017-02-02,36.6
2017-02-03,31.4
2017-02-04,41.8
2017-02-05,34.2
2017-02-06,27.9
2017-02-07,41.4
2017-02-08,36.1
2017-02-09,38.3
2017-02-10,42.8
2017-02-11,43.8
2017-02-12,32.9
2017-02-13,34.3
2017-02-14,38.3
2017-02-15,38.6
2017-02-16,54.4
2017-02-17,26.4
2017-02-18,50.4
2017-02-19,34.5
2017-02-20,46.3
2017-02-21,17
2017-02-22,25.3
2017-02-23,41.3
2017-02-24,42.8
2017-02-25,34.8
2017-02-26,42.7
2017-02-27,45.7
2017-02-28,41.2
2017-03-01,37
2017-03-02,30.6
2017-03-03,35.7
2017-03-04,45.3
2017-03-05,36.9
2017-03-06,25.3
2017-03-07,31.5
2017-03-08,22.9
2017-03-09,18.1
2017-03-10,31.4
2017-03-11,35
2017-03-12,32.2
2017-03-13,36.2
2017-03-14,26.9
2017-03-15,34.8
2017-03-16,35.6
2017-03-17,28.5
2017-03-18,18.9
2017-03-19,40.8
2017-03-20,33
2017-03-21,15
2017-03-22,23.7
2017-03-23,45.9
2017-03-24,18.8
2017-03-25,40.5
2017-03-26,17.3
2017-03-27,33.3
2017-03-28,28.2
2017-03-29,27.3
2017-03-30,29.2
2017-03-31,19.8
2017-04-01,35.9
2017-04-02,42.2
2017-04-03,35.7
2017-04-04,30.4
2017-04-05,36.4
2017-04-06,20.2
2017-04-07,33.3
2017-04-08,19.4
2017-04-09,33.1
2017-04-10,23.9
2017-04-11,37.7
2017-04-12,33
2017-04-13,19.5
2017-04-14,22.6
2017-04-15,32.4
2017-04-16,21.3
2017-04-17,32.9
2017-04-18,30.6
2017-04-19,10.9
2017-04-20,22.1
2017-04-21,11.8
2017-04-22,17.7
2017-04-23,27.1
2017-04-24,22.5
2017-04-25,20.7
2017-04-26,29.6
2017-04-27,56.6
2017-04-28,12.8
2017-04-29,19.9
2017-04-30,7.7
2017-05-01,17
2017-05-02,9.9
2017-05-03,34.2
2017-05-04,2.1
2017-05-05,19.1
2017-05-06,17.4
2017-05-07,18.5
2017-05-08,14.1
2017-05-09,22
2017-05-10,2.3
2017-05-11,8.8
2017-05-12,12.4
2017-05-13,7.5
2017-05-14,2
2017-05-15,17.7
2017-05-16,69.4
2017-05-17,11.3
2017-05-18,23.3
2017-05-19,25.7
2017-05-20,16.6
2017-05-21,4.9
2017-05-22,123.5
2017-05-23,18.7
2017-05-24,16.2
2017-05-25,2
2017-05-26,17
2017-05-27,11.3
2017-05-28,3.8
2017-05-29,11.4
2017-05-30,9.7
2017-05-31,10.3
2017-06-01,13.3
2017-06-02,2
2017-06-03,7.5
2017-06-04,21.2
2017-06-05,12.7
2017-06-06,12.6
2017-06-07,2.8
2017-06-08,2
2017-06-09,2
2017-06-10,6.4
2017-06-11,10.9
2017-06-12,9.2
2017-06-13,2
2017-06-14,25.5
2017-06-15,7
2017-06-16,9.9
2017-06-17,2
2017-06-18,2
2017-06-19,8.9
2017-06-20,6.7
2017-06-21,14.3
2017-06-22,12
2017-06-23,5.1
2017-06-24,5.8
2017-06-25,72.5
2017-06-26,18.8
2017-06-27,14.1
2017-06-28,2
2017-06-29,2
2017-06-30,2
2017-07-01,7.6
2017-07-02,19
2017-07-03,6.9
2017-07-04,17.4
2017-07-05,29.1
2017-07-06,19.9
2017-07-07,8.8
2017-07-08,25.3
2017-07-09,86.3
2017-07-10,2
2017-07-11,19.5
2017-07-12,7.2
2017-07-13,11.6
2017-07-14,9.1
2017-07-15,2
2017-07-16,8.7
2017-07-17,16.8
2017-07-18,2
2017-07-19,8.4
2017-07-20,20.4
2017-07-21,8.9
2017-07-22,11.9
2017-07-23,18.1
2017-07-24,2
2017-07-25,22.8
2017-07-26,17
2017-07-27,2
2017-07-28,2
2017-07-29,12.2
2017-07-30,2
2017-07-31,2
2017-08-01,13.7
2017-08-02,2
2017-08-03,2
2017-08-04,2
2017-08-05,15.2
2017-08-06,2
2017-08-07,NA
2017-08-08,3.5
2017-08-09,6.4
2017-08-10,9.2
2017-08-11,18.5
2017-08-12,6.4
2017-08-13,14.3
2017-08-14,22.5
2017-08-15,9.6
2017-08-16,2.4
2017-08-17,NA
2017-08-18,10.3
2017-08-19,NA
2017-08-20,8.3
2017-08-21,2
2017-08-22,4.4
2017-08-23,2
2017-08-24,12.7
2017-08-25,2
2017-08-26,18.7
2017-08-27,18.6
2017-08-28,2
2017-08-29,29.9
2017-08-30,9.5
2017-08-31,2
2017-09-01,23.7
2017-09-02,4.2
2017-09-03,13.5
2017-09-04,17.5
2017-09-05,12.7
2017-09-06,6.3
2017-09-07,6.6
2017-09-08,14
2017-09-09,12.1
2017-09-10,20.7
2017-09-11,2
2017-09-12,11.3
2017-09-13,19.6
2017-09-14,16.9
2017-09-15,16.1
2017-09-16,10.1
2017-09-17,7
2017-09-18,14.8
2017-09-19,8.1
2017-09-20,14.7
2017-09-21,14.9
2017-09-22,32.6
2017-09-23,34.3
2017-09-24,19.9
2017-09-25,21
2017-09-26,27.2
2017-09-27,2.7
2017-09-28,12
2017-09-29,15.6
2017-09-30,16.1
2017-10-01,21
2017-10-02,14.4
2017-10-03,24.9
2017-10-04,22.8
2017-10-05,34.6
2017-10-06,17.7
2017-10-07,24.5
2017-10-08,18.3
2017-10-09,22.1
2017-10-10,26.3
2017-10-11,20.5
2017-10-12,22.8
2017-10-13,20.3
2017-10-14,32.3
2017-10-15,6.4
2017-10-16,2
2017-10-17,39.6
2017-10-18,26.9
2017-10-19,23
2017-10-20,16.7
2017-10-21,15.1
2017-10-22,23.4
2017-10-23,27
2017-10-24,24.5
2017-10-25,27.7
2017-10-26,24.3
2017-10-27,24.5
2017-10-28,29.7
2017-10-29,24.6
2017-10-30,21.8
2017-10-31,23.1
2017-11-01,24.6
2017-11-02,35.4
2017-11-03,38
2017-11-04,34
2017-11-05,41.9
2017-11-06,37.9
2017-11-07,28.5
2017-11-08,42
2017-11-09,24
2017-11-10,37
2017-11-11,19.1
2017-11-12,32.1
2017-11-13,29.2
2017-11-14,35.8
2017-11-15,42.7
2017-11-16,37.5
2017-11-17,26.6
2017-11-18,38.9
2017-11-19,18.5
2017-11-20,39.8
2017-11-21,29.6
2017-11-22,31.5
2017-11-23,27.6
2017-11-24,33.2
2017-11-25,24.3
2017-11-26,48.3
2017-11-27,34.8
2017-11-28,39.2
2017-11-29,24.1
2017-11-30,34.2
2017-12-01,25.7
2017-12-02,27.5
2017-12-03,NA
2017-12-04,22
2017-12-05,40.1
2017-12-06,36.9
2017-12-07,59.1
2017-12-08,41.2
2017-12-09,20
2017-12-10,43.2
2017-12-11,31.4
2017-12-12,36.9
2017-12-13,102.4
2017-12-14,40.7
2017-12-15,31.4
2017-12-16,16.1
2017-12-17,37.3
2017-12-18,32
2017-12-19,37.9
2017-12-20,44
2017-12-21,41.7
2017-12-22,NA
2017-12-23,35.3
2017-12-24,38.4
2017-12-25,35
2017-12-26,41.9
2017-12-27,30
2017-12-28,40.6
2017-12-29,28.3
2017-12-30,49.3
2017-12-31,34.5
2018-01-01,44.4
2018-01-02,34.3
2018-01-03,34.9
2018-01-04,38.5
2018-01-05,41.5
2018-01-06,44.3
2018-01-07,25.9
2018-01-08,38.4
2018-01-09,47.1
2018-01-10,46.9
2018-01-11,38.5
2018-01-12,36.9
2018-01-13,NA
2018-01-14,40
2018-01-15,41
2018-01-16,25.4
2018-01-17,50.5
2018-01-18,NA
2018-01-19,47.3
2018-01-20,35.2
2018-01-21,36.4
2018-01-22,26.1
2018-01-23,33.2
2018-01-24,55.2
2018-01-25,32
2018-01-26,39.7
2018-01-27,41.5
2018-01-28,37.5
2018-01-29,35.5
2018-01-30,15.2
2018-01-31,43
2018-02-01,36.3
2018-02-02,46.9
2018-02-03,39.8
2018-02-04,34.5
2018-02-05,37.2
2018-02-06,28.5
2018-02-07,40.2
2018-02-08,20.6
2018-02-09,39.8
2018-02-10,42.7
2018-02-11,44.7
2018-02-12,51.4
2018-02-13,12.3
2018-02-14,46.1
2018-02-15,29
2018-02-16,39.9
2018-02-17,NA
2018-02-18,29.1
2018-02-19,39.3
2018-02-20,161.8
2018-02-21,33.5
2018-02-22,46.9
2018-02-23,22.6
2018-02-24,33.8
2018-02-25,42.8
2018-02-26,35.6
2018-02-27,30.5
2018-02-28,63.3
2018-03-01,27.1
2018-03-02,24.3
2018-03-03,35.8
2018-03-04,31.1
2018-03-05,38.3
2018-03-06,46.6
2018-03-07,35.2
2018-03-08,33.8
2018-03-09,34
2018-03-10,25.9
2018-03-11,37.1
2018-03-12,33.9
2018-03-13,18.6
2018-03-14,19.8
2018-03-15,44.3
2018-03-16,35.4
2018-03-17,46.6
2018-03-18,30.3
2018-03-19,27.7
2018-03-20,34.8
2018-03-21,41.4
2018-03-22,25.9
2018-03-23,19.4
2018-03-24,27.1
2018-03-25,19.2
2018-03-26,30.5
2018-03-27,34.5
2018-03-28,21.8
2018-03-29,11.4
2018-03-30,31.2
2018-03-31,9.7
2018-04-01,32.8
2018-04-02,26.4
2018-04-03,31.8
2018-04-04,26.9
2018-04-05,43.1
2018-04-06,26.4
2018-04-07,22
2018-04-08,11.1
2018-04-09,31.8
2018-04-10,22
2018-04-11,32.3
2018-04-12,18.5
2018-04-13,19.5
2018-04-14,21.6
2018-04-15,31.7
2018-04-16,4.1
2018-04-17,17.2
2018-04-18,NA
2018-04-19,22.5
2018-04-20,30.8
2018-04-21,15.5
2018-04-22,20.1
2018-04-23,14.4
2018-04-24,24.8
2018-04-25,30.6
2018-04-26,11.8
2018-04-27,15
2018-04-28,54.6
2018-04-29,23.5
2018-04-30,14.6
2018-05-01,19.1
2018-05-02,11.3
2018-05-03,30.5
2018-05-04,37.9
2018-05-05,8.9
2018-05-06,3.4
2018-05-07,19.8
2018-05-08,21.7
2018-05-09,NA
2018-05-10,30.5
2018-05-11,26.2
2018-05-12,19.9
2018-05-13,4
2018-05-14,7.9
2018-05-15,16.3
2018-05-16,13.6
2018-05-17,4.9
2018-05-18,20.5
2018-05-19,21.6
2018-05-20,6.5
2018-05-21,8.7
2018-05-22,12.3
2018-05-23,9.3
2018-05-24,4.7
2018-05-25,20.6
2018-05-26,10.2
2018-05-27,20.7
2018-05-28,13.3
2018-05-29,9.8
2018-05-30,76.1
2018-05-31,2
2018-06-01,12.2
2018-06-02,6.1
2018-06-03,16.3
2018-06-04,8.1
2018-06-05,11.9
2018-06-06,24.9
2018-06-07,11.2
2018-06-08,2
2018-06-09,11.1
2018-06-10,3.3
2018-06-11,4.5
2018-06-12,3.9
2018-06-13,51.3
2018-06-14,15.4
2018-06-15,9.8
2018-06-16,6.7
2018-06-17,2
2018-06-18,9.7
2018-06-19,6.9
2018-06-20,3
2018-06-21,7.5
2018-06-22,6
2018-06-23,2
2018-06-24,7.4
2018-06-25,78.5
2018-06-26,2
2018-06-27,14.3
2018-06-28,2
2018-06-29,2
2018-06-30,2
2018-07-01,18.9
2018-07-02,12.2
2018-07-03,23.4
2018-07-04,11.9
2018-07-05,6.4
2018-07-06,2
2018-07-07,23.2
2018-07-08,18.3
2018-07-09,7.4
2018-07-10,6.6
2018-07-11,4.5
2018-07-12,NA
2018-07-13,10.4
2018-07-14,18.7
2018-07-15,23.1
2018-07-16,17.7
2018-07-17,2
2018-07-18,15.4
2018-07-19,2
2018-07-20,15.4
2018-07-21,15.9
2018-07-22,5.3
2018-07-23,2
2018-07-24,2
2018-07-25,2
2018-07-26,2.4
2018-07-27,7.5
2018-07-28,9.2
2018-07-29,2
2018-07-30,2.5
2018-07-31,15.4
2018-08-01,17.1
2018-08-02,5.3
2018-08-03,21.4
2018-08-04,2.3
2018-08-05,12.3
2018-08-06,11.1
2018-08-07,10.1
2018-08-08,7.1
2018-08-09,8.4
2018-08-10,4.1
2018-08-11,18.7
2018-08-12,27.3
2018-08-13,9.2
2018-08-14,8.5
2018-08-15,28.8
2018-08-16,5.5
2018-08-17,10.3
2018-08-18,4
2018-08-19,21.2
2018-08-20,13.3
2018-08-21,7.4
2018-08-22,31.4
2018-08-23,NA
2018-08-24,9.8
2018-08-25,23.6
2018-08-26,11.7
2018-08-27,11
2018-08-28,18.4
2018-08-29,16.1
2018-08-30,19.7
2018-08-31,14.6
2018-09-01,23.2
2018-09-02,12.9
2018-09-03,13.7
2018-09-04,NA
2018-09-05,15.6
2018-09-06,19.1
2018-09-07,22.3
2018-09-08,17.5
2018-09-09,5.3
2018-09-10,11.3
2018-09-11,38.3
2018-09-12,12.1
2018-09-13,24.4
2018-09-14,28.5
2018-09-15,6.4
2018-09-16,3.5
2018-09-17,14.1
2018-09-18,11.2
2018-09-19,25
2018-09-20,32.9
2018-09-21,4.4
2018-09-22,19
2018-09-23,2
2018-09-24,21.8
2018-09-25,14.2
2018-09-26,26.9
2018-09-27,19.9
2018-09-28,12.1
2018-09-29,NA
2018-09-30,25.1
2018-10-01,13.7
2018-10-02,27.8
2018-10-03,24.2
2018-10-04,13.6
2018-10-05,21.3
2018-10-06,15.2
2018-10-07,23.9
2018-10-08,4
2018-10-09,27.6
2018-10-10,NA
2018-10-11,29.1
2018-10-12,19.9
2018-10-13,39.5
2018-10-14,11.5
2018-10-15,47
2018-10-16,33.2
2018-10-17,34.3
2018-10-18,32.3
2018-10-19,62.6
2018-10-20,17.1
2018-10-21,26
2018-10-22,17.4
2018-10-23,17.9
2018-10-24,29.1
2018-10-25,24.3
2018-10-26,14.9
2018-10-27,21.9
2018-10-28,24
2018-10-29,37
2018-10-30,27.1
2018-10-31,18
2018-11-01,64.8
2018-11-02,13.7
2018-11-03,15.6
2018-11-04,52
2018-11-05,30
2018-11-06,23.2
2018-11-07,34.2
2018-11-08,37
2018-11-09,30.9
2018-11-10,31.7
2018-11-11,28.2
2018-11-12,27.4
2018-11-13,24.7
2018-11-14,38
2018-11-15,35.8
2018-11-16,22.3
2018-11-17,10.2
2018-11-18,20.4
2018-11-19,132.1
2018-11-20,30
2018-11-21,25.9
2018-11-22,34
2018-11-23,35.7
2018-11-24,34
2018-11-25,33.5
2018-11-26,36.7
2018-11-27,29.5
2018-11-28,36.5
2018-11-29,25.7
2018-11-30,29.2
2018-12-01,33.8
2018-12-02,27.4
2018-12-03,41.3
2018-12-04,44.1
2018-12-05,44.3
2018-12-06,41.7
2018-12-07,34.3
2018-12-08,35.7
2018-12-09,36.8
2018-12-10,33.5
2018-12-11,49.1
2018-12-12,34.6
2018-12-13,36.3
2018-12-14,36.2
2018-12-15,40.6
2018-12-16,25.7
2018-12-17,28.3
2018-12-18,48.1
2018-12-19,35.6
2018-12-20,40.6
2018-12-21,82.4
2018-12-22,23.4
2018-12-23,35.4
2018-12-24,41.3
2018-12-25,122.1
2018-12-26,46.2
2018-12-27,39.5
2018-12-28,35.9
2018-12-29,34
2018-12-30,36.9
2018-12-31,47.5
2019-01-01,44.6
2019-01-02,26.5
2019-01-03,41.8
2019-01-04,21.1
2019-01-05,47.2
2019-01-06,131.2
2019-01-07,40.3
2019-01-08,51.3
2019-01-09,34.6
2019-01-10,31.8
2019-01-11,38.6
2019-01-12,45.2
2019-01-13,44.5
2019-01-14,41.1
2019-01-15,32.9
2019-01-16,52.9
2019-01-17,34.8
2019-01-18,46.6
2019-01-19,26.7
2019-01-20,34.8
2019-01-21,38.8
2019-01-22,38.1
2019-01-23,49.3
2019-01-24,39.6
2019-01-25,52.7
2019-01-26,29.6
2019-01-27,36.9
2019-01-28,31.5
2019-01-29,21.7
2019-01-30,23.6
2019-01-31,32.8
2019-02-01,26.1
2019-02-02,33
2019-02-03,31.3
2019-02-04,44.3
2019-02-05,40.7
2019-02-06,33.1
2019-02-07,34.1
2019-02-08,41
2019-02-09,47.1
2019-02-10,45.5
2019-02-11,28
2019-02-12,26.4
2019-02-13,32.1
2019-02-14,31.8
2019-02-15,28.2
2019-02-16,23.4
2019-02-17,23.1
2019-02-18,28.7
2019-02-19,61.3
2019-02-20,46.5
2019-02-21,27
2019-02-22,44.9
2019-02-23,32.5
2019-02-24,25.1
2019-02-25,36.2
2019-02-26,38.7
2019-02-27,44.2
2019-02-28,34.9
2019-03-01,32.2
2019-03-02,30.5
2019-03-03,25.1
2019-03-04,30.1
2019-03-05,33.4
2019-03-06,23.1
2019-03-07,24
2019-03-08,29.2
2019-03-09,29.7
2019-03-10,25.5
2019-03-11,27.4
2019-03-12,23.6
2019-03-13,25.8
2019-03-14,28.4
2019-03-15,41.4
2019-03-16,29.5
2019-03-17,21.4
2019-03-18,16.8
2019-03-19,38.5
2019-03-20,21.7
2019-03-21,35.9
2019-03-22,24.7
2019-03-23,27.7
2019-03-24,25.2
2019-03-25,27.3
2019-03-26,16.9
2019-03-27,21.4
2019-03-28,27.3
2019-03-29,27.1
2019-03-30,24
2019-03-31,22.5
2019-04-01,32.5
2019-04-02,27.9
2019-04-03,21
2019-04-04,10.9
2019-04-05,38.1
2019-04-06,34.3
2019-04-07,20.6
2019-04-08,34.4
2019-04-09,28.6
2019-04-10,6.7
2019-04-11,23.1
2019-04-12,16.6
2019-04-13,24.5
2019-04-14,30
2019-04-15,29.3
2019-04-16,19.9
2019-04-17,22.9
2019-04-18,21.8
2019-04-19,16.4
2019-04-20,29.2
2019-04-21,23.4
2019-04-22,13.8
2019-04-23,18.4
2019-04-24,24.7
2019-04-25,6.2
2019-04-26,20.3
2019-04-27,17.6
2019-04-28,24.7
2019-04-29,25
2019-04-30,30.7
2019-05-01,12.1
2019-05-02,5.9
2019-05-03,22.4
2019-05-04,10.5
2019-05-05,17.8
2019-05-06,13.3
2019-05-07,15
2019-05-08,31.8
2019-05-09,19.5
2019-05-10,10
2019-05-11,3.3
2019-05-12,23.3
2019-05-13,22.4
2019-05-14,21.7
2019-05-15,17.6
2019-05-16,20
2019-05-17,9.8
2019-05-18,11.7
2019-05-19,8.8
2019-05-20,24.2
2019-05-21,74.7
2019-05-22,9
2019-05-23,19.5
2019-05-24,9.5
2019-05-25,5.1
2019-05-26,15
2019-05-27,20.2
2019-05-28,4.2
2019-05-29,20.8
2019-05-30,13.7
2019-05-31,21.9
2019-06-01,7.8
2019-06-02,3.3
2019-06-03,2
2019-06-04,28.5
2019-06-05,3.6
2019-06-06,30.8
2019-06-07,28.3
2019-06-08,14.6
2019-06-09,12.5
2019-06-10,2
2019-06-11,11.1
2019-06-12,8.2
2019-06-13,6.1
2019-06-14,2.2
2019-06-15,2
2019-06-16,10.1
2019-06-17,18.3
2019-06-18,4.8
2019-06-19,15.2
2019-06-20,4.3
2019-06-21,123.3
2019-06-22,20.3
2019-06-23,NA
2019-06-24,16.9
2019-06-25,10.4
2019-06-26,2
2019-06-27,14.1
2019-06-28,10.6
2019-06-29,2
2019-06-30,2.4
2019-07-01,23
2019-07-02,10.2
2019-07-03,19.6
2019-07-04,10.7
2019-07-05,11.2
2019-07-06,4.6
2019-07-07,7.9
2019-07-08,17.1
2019-07-09,2
2019-07-10,39.6
2019-07-11,2
2019-07-12,15.3
2019-07-13,12.3
2019-07-14,14.6
2019-07-15,7.4
2019-07-16,15.4
2019-07-17,15.8
2019-07-18,3.3
2019-07-19,2
2019-07-20,2
2019-07-21,27.6
2019-07-22,7.9
2019-07-23,17.4
2019-07-24,2
2019-07-25,9.4
2019-07-26,12.8
2019-07-27,2
2019-07-28,6.1
2019-07-29,12.7
2019-07-30,9.8
2019-07-31,2
2019-08-01,14.8
2019-08-02,3.2
2019-08-03,17.9
2019-08-04,6.7
2019-08-05,8.8
2019-08-06,2
2019-08-07,12.9
2019-08-08,2
2019-08-09,2
2019-08-10,22.5
2019-08-11,9.5
2019-08-12,24.8
2019-08-13,12.6
2019-08-14,2
2019-08-15,12.2
2019-08-16,12.4
2019-08-17,5.4
2019-08-18,13.8
2019-08-19,11.8
2019-08-20,14.1
2019-08-21,8.4
2019-08-22,8
2019-08-23,16.7
2019-08-24,16.1
2019-08-25,16.5
2019-08-26,24.5
2019-08-27,8.3
2019-08-28,9
2019-08-29,12.2
2019-08-30,28.3
2019-08-31,2
2019-09-01,13
2019-09-02,2
2019-09-03,9.4
2019-09-04,23.6
2019-09-05,28.5
2019-09-06,18.7
2019-09-07,9.9
2019-09-08,21.2
2019-09-09,46.2
2019-09-10,81
2019-09-11,20.4
2019-09-12,35.6
2019-09-13,9.6
2019-09-14,16.2
2019-09-15,38.5
2019-09-16,4.5
2019-09-17,19
2019-09-18,29.5
2019-09-19,12
2019-09-20,2
2019-09-21,14.3
2019-09-22,9.2
2019-09-23,6.4
2019-09-24,19.4
2019-09-25,11.6
2019-09-26,12.1
2019-09-27,2
2019-09-28,14.6
2019-09-29,2
2019-09-30,18.3
2019-10-01,11.9
2019-10-02,NA
2019-10-03,17.3
2019-10-04,19.5
2019-10-05,13.1
2019-10-06,27.7
2019-10-07,27
2019-10-08,16.2
2019-10-09,38.3
2019-10-10,14.8
2019-10-11,24.1
2019-10-12,12
2019-10-13,20.4
2019-10-14,33
2019-10-15,26.9
2019-10-16,15.9
2019-10-17,23.3
2019-10-18,26.6
2019-10-19,17.8
2019-10-20,33.7
2019-10-21,24.3
2019-10-22,25.7
2019-10-23,16.7
2019-10-24,35.9
2019-10-25,167.2
2019-10-26,16
2019-10-27,22.6
2019-10-28,15.4
2019-10-29,2
2019-10-30,27.1
2019-10-31,37.5
2019-11-01,36.6
2019-11-02,30.9
2019-11-03,NA
2019-11-04,30.2
2019-11-05,19.6
2019-11-06,21.4
2019-11-07,32.9
2019-11-08,30.3
2019-11-09,27.7
2019-11-10,28.1
2019-11-11,43.1
2019-11-12,20.7
2019-11-13,24.7
2019-11-14,37.8
2019-11-15,32.1
2019-11-16,81.9
2019-11-17,25.5
2019-11-18,49.7
2019-11-19,20.7
2019-11-20,23
2019-11-21,30.2
2019-11-22,19.8
2019-11-23,20.4
2019-11-24,35.9
2019-11-25,38.8
2019-11-26,33.3
2019-11-27,30.8
2019-11-28,35.2
2019-11-29,29.3
2019-11-30,16
2019-12-01,30.5
2019-12-02,27.5
2019-12-03,32
2019-12-04,35.8
2019-12-05,37.7
2019-12-06,40.8
2019-12-07,34.8
2019-12-08,24.8
2019-12-09,29.2
2019-12-10,26.8
2019-12-11,48.4
2019-12-12,92.2
2019-12-13,21.1
2019-12-14,23.4
2019-12-15,29
2019-12-16,28.9
2019-12-17,46.4
2019-12-18,31.2
2019-12-19,56.5
2019-12-20,15.3
2019-12-21,34.5
2019-12-22,44.7
2019-12-23,18.1
2019-12-24,32.8
2019-12-25,49
2019-12-26,42.2
2019-12-27,51.9
2019-12-28,37.5
2019-12-29,41.5
2019-12-30,17.1
2019-12-31,29
2020-01-01,27
2020-01-02,30.2
2020-01-03,37.3
2020-01-04,25.9
2020-01-05,37.5
2020-01-06,23.7
2020-01-07,42.6
2020-01-08,23.5
2020-01-09,54.9
2020-01-10,45.1
2020-01-11,42.7
2020-01-12,44.3
2020-01-13,27.4
2020-01-14,47.1
2020-01-15,35.6
2020-01-16,52.3
2020-01-17,46.6
2020-01-18,139.9
2020-01-19,57.2
2020-01-20,29.6
2020-01-21,42.8
2020-01-22,39.8
2020-01-23,33.7
2020-01-24,NA
2020-01-25,45.7
2020-01-26,34.6
2020-01-27,29.1
2020-01-28,44.4
2020-01-29,52.4
2020-01-30,54.9
2020-01-31,40.1
2020-02-01,31.9
2020-02-02,37.8
2020-02-03,34.1
2020-02-04,31
2020-02-05,81.3
2020-02-06,37.5
2020-02-07,40.5
2020-02-08,34.3
2020-02-09,39
2020-02-10,29.9
2020-02-11,47.4
2020-02-12,28.7
2020-02-13,37.7
2020-02-14,43
2020-02-15,41.6
2020-02-16,27.1
2020-02-17,37.4
2020-02-18,24.9
2020-02-19,44.6
2020-02-20,19.9
2020-02-21,44.6
2020-02-22,36.2
2020-02-23,28.7
2020-02-24,38
2020-02-25,29
2020-02-26,32.4
2020-02-27,19.1
2020-02-28,28.6
2020-02-29,30.3
2020-03-01,36.3
2020-03-02,36.1
2020-03-03,31.7
2020-03-04,28.1
2020-03-05,28
2020-03-06,17.7
2020-03-07,34.2
2020-03-08,29.9
2020-03-09,20.9
2020-03-10,40.9
2020-03-11,35.6
2020-03-12,21.7
2020-03-13,29.7
2020-03-14,41.1
2020-03-15,34.7
2020-03-16,29.8
2020-03-17,27.9
2020-03-18,35.4
2020-03-19,42.5
2020-03-20,38.7
2020-03-21,24.4
2020-03-22,37.7
2020-03-23,38.7
2020-03-24,15
2020-03-25,15.2
2020-03-26,20.9
2020-03-27,42.9
2020-03-28,25.1
2020-03-29,29.3
2020-03-30,36.8
2020-03-31,10.8
2020-04-01,25.9
2020-04-02,23.2
2020-04-03,27.6
2020-04-04,25.8
2020-04-05,6.5
2020-04-06,33.4
2020-04-07,19.1
2020-04-08,14.5
2020-04-09,21.4
2020-04-10,20.4
2020-04-11,17.9
2020-04-12,79.8
2020-04-13,28.3
2020-04-14,33.7
2020-04-15,20.4
2020-04-16,14.9
2020-04-17,9.6
2020-04-18,21.6
2020-04-19,23.5
2020-04-20,26.7
2020-04-21,NA
2020-04-22,17.7
2020-04-23,8.4
2020-04-24,29.4
2020-04-25,23.5
2020-04-26,15.7
2020-04-27,25.9
2020-04-28,15.2
2020-04-29,18.1
2020-04-30,15.5
2020-05-01,26.4
2020-05-02,NA
2020-05-03,23.7
2020-05-04,25.3
2020-05-05,20.7
2020-05-06,4.6
2020-05-07,24.7
2020-05-08,79.7
2020-05-09,11.4
2020-05-10,7.7
2020-05-11,24.8
2020-05-12,18.8
2020-05-13,25.5
2020-05-14,29.9
2020-05-15,10.3
2020-05-16,22.8
2020-05-17,20.8
2020-05-18,15.5
2020-05-19,13.4
2020-05-20,15.4
2020-05-21,13.8
2020-05-22,10.7
2020-05-23,7.7
2020-05-24,11.1
2020-05-25,9.2
2020-05-26,21
2020-05-27,10.1
2020-05-28,3.7
2020-05-29,3.2
2020-05-30,11.4
2020-05-31,21.4
2020-06-01,8.3
2020-06-02,23.3
2020-06-03,7.7
2020-06-04,9.6
2020-06-05,11.3
2020-06-06,10.2
2020-06-07,18.5
2020-06-08,22.4
2020-06-09,9
2020-06-10,15.5
2020-06-11,8.1
2020-06-12,4.6
2020-06-13,16.7
2020-06-14,10.4
2020-06-15,9.9
2020-06-16,NA
2020-06-17,2
2020-06-18,7.1
2020-06-19,2
2020-06-20,14.8
2020-06-21,18.3
2020-06-22,19.3
2020-06-23,9.3
2020-06-24,2
2020-06-25,16.7
2020-06-26,16.9
2020-06-27,2
2020-06-28,11.8
2020-06-29,6.8
2020-06-30,17
2020-07-01,18.5
2020-07-02,19.9
2020-07-03,9.1
2020-07-04,11.7
2020-07-05,70.6
2020-07-06,4.1
2020-07-07,10.6
2020-07-08,16
2020-07-09,2
2020-07-10,9.7
2020-07-11,7.9
2020-07-12,7.9
2020-07-13,7.2
2020-07-14,2
2020-07-15,10.4
2020-07-16,NA
2020-07-17,5.1
2020-07-18,3.8
2020-07-19,18.3
2020-07-20,2
2020-07-21,11.1
2020-07-22,2
2020-07-23,29.5
2020-07-24,14.3
2020-07-25,2
2020-07-26,25.3
2020-07-27,15.5
2020-07-28,11.4
2020-07-29,2
2020-07-30,19.1
2020-07-31,4.9
2020-08-01,3.1
2020-08-02,3.6
2020-08-03,3.9
2020-08-04,12.3
2020-08-05,22.4
2020-08-06,2
2020-08-07,11.7
2020-08-08,4.5
2020-08-09,3.9
2020-08-10,21.9
2020-08-11,8
2020-08-12,6.7
2020-08-13,14.2
2020-08-14,17.8
2020-08-15,NA
2020-08-16,2
2020-08-17,11.2
2020-08-18,2
2020-08-19,5.6
2020-08-20,115.7
2020-08-21,10.3
2020-08-22,5.3
2020-08-23,21.8
2020-08-24,13.7
2020-08-25,11.4
2020-08-26,11.9
2020-08-27,19.2
2020-08-28,14.3
2020-08-29,25.6
2020-08-30,6.3
2020-08-31,6.1
2020-09-01,2
2020-09-02,9.4
2020-09-03,6.7
2020-09-04,15.7
2020-09-05,8.7
2020-09-06,45.4
2020-09-07,11.1
2020-09-08,20.3
2020-09-09,11.3
2020-09-10,13.9
2020-09-11,8
2020-09-12,24.9
2020-09-13,27.8
2020-09-14,22.3
2020-09-15,7.4
2020-09-16,7.7
2020-09-17,11.2
2020-09-18,12.9
2020-09-19,20.8
2020-09-20,15.4
2020-09-21,17.9
2020-09-22,8.3
2020-09-23,11.1
2020-09-24,9.8
2020-09-25,18.4
2020-09-26,13.1
2020-09-27,16.4
2020-09-28,34.4
2020-09-29,15.7
2020-09-30,NA
2020-10-01,20.4
2020-10-02,5.3
2020-10-03,18
2020-10-04,12.1
2020-10-05,9.5
2020-10-06,25.5
2020-10-07,NA
2020-10-08,16.5
2020-10-09,5.9
2020-10-10,65.2
2020-10-11,23.2
2020-10-12,31.8
2020-10-13,16.8
2020-10-14,19.4
2020-10-15,27
2020-10-16,18.8
2020-10-17,25.7
2020-10-18,35
2020-10-19,21.6
2020-10-20,27.9
2020-10-21,28.4
2020-10-22,32
2020-10-23,32.5
2020-10-24,30.6
2020-10-25,21.8
2020-10-26,21.5
2020-10-27,26.5
2020-10-28,31.5
2020-10-29,31
2020-10-30,30
2020-10-31,133.9
2020-11-01,46.9
2020-11-02,18.6
2020-11-03,37.6
2020-11-04,21.1
2020-11-05,17.2
2020-11-06,31.3
2020-11-07,21.8
2020-11-08,20.1
2020-11-09,8.6
2020-11-10,28.5
2020-11-11,25.2
2020-11-12,58.2
2020-11-13,24.4
2020-11-14,25.6
2020-11-15,24.8
2020-11-16,31.1
2020-11-17,40.6
2020-11-18,25
2020-11-19,31.5
2020-11-20,24.6
2020-11-21,35.2
2020-11-22,39.8
2020-11-23,23.3
2020-11-24,24.9
2020-11-25,26.3
2020-11-26,39.4
2020-11-27,35.5
2020-11-28,35.1
2020-11-29,28.7
2020-11-30,23.5
2020-12-01,39
2020-12-02,39.4
2020-12-03,41
2020-12-04,30.8
2020-12-05,39.1
2020-12-06,27.8
2020-12-07,39.6
2020-12-08,34.3
2020-12-09,42.3
2020-12-10,36.8
2020-12-11,33.1
2020-12-12,31.8
2020-12-13,38.5
2020-12-14,28.9
2020-12-15,40
2020-12-16,29.3
2020-12-17,34.7
2020-12-18,32.4
2020-12-19,35.2
2020-12-20,37.9
2020-12-21,41.6
2020-12-22,49.2
2020-12-23,39.1
2020-12-24,17.7
2020-12-25,36.5
2020-12-26,29
2020-12-27,41.9
2020-12-28,19
2020-12-29,34
2020-12-30,33.5
2020-12-31,38.8
