"data","pm10"
2001-01-01,48.7
2001-01-02,54.5
2001-01-03,71.8
2001-01-04,50.8
2001-01-05,50.9
2001-01-06,47.9
2001-01-07,53.2
2001-01-08,49.7
2001-01-09,51
2001-01-10,53.1
2001-01-11,48
2001-01-12,64
2001-01-13,49.1
2001-01-14,61.2
2001-01-15,55.5
2001-01-16,51.8
2001-01-17,52.7
2001-01-18,76.2
2001-01-19,64.4
2001-01-20,80.8
2001-01-21,56.2
2001-01-22,47.7
2001-01-23,53.8
2001-01-24,52.6
2001-01-25,48.3
2001-01-26,44.3
2001-01-27,51.3
2001-01-28,59.4
2001-01-29,70.3
2001-01-30,47.3
2001-01-31,61.5
2001-02-01,55.5
2001-02-02,39.8
2001-02-03,50.1
2001-02-04,52.6
2001-02-05,56.3
2001-02-06,43.3
2001-02-07,57.9
2001-02-08,63.4
2001-02-09,37.2
2001-02-10,50.7
2001-02-11,47.8
2001-02-12,55.6
2001-02-13,54.3
2001-02-14,66.1
2001-02-15,64.9
2001-02-16,54.6
2001-02-17,50.7
2001-02-18,54.1
2001-02-19,53.6
2001-02-20,67.2
2001-02-21,41
2001-02-22,39.3
2001-02-23,46.9
2001-02-24,64.1
2001-02-25,43.2
2001-02-26,41.4
2001-02-27,56.2
2001-02-28,50.1
2001-03-01,46.8
2001-03-02,48.2
2001-03-03,52.9
2001-03-04,45.9
2001-03-05,59
2001-03-06,51.2
2001-03-07,54.7
2001-03-08,53.1
2001-03-09,35.7
2001-03-10,48.5
2001-03-11,41.6
2001-03-12,49.5
2001-03-13,34.6
2001-03-14,51.4
2001-03-15,58.3
2001-03-16,52
2001-03-17,49.7
2001-03-18,49.3
2001-03-19,45
2001-03-20,48
2001-03-21,33.7
2001-03-22,44.3
2001-03-23,39.1
2001-03-24,41.2
2001-03-25,42.2
2001-03-26,41
2001-03-27,45.4
2001-03-28,59.3
2001-03-29,47.9
2001-03-30,NA
2001-03-31,62.5
2001-04-01,38.9
2001-04-02,28.7
2001-04-03,46.6
2001-04-04,35.1
2001-04-05,43.1
2001-04-06,46.4
2001-04-07,39.7
2001-04-08,39.3
2001-04-09,NA
2001-04-10,40.4
2001-04-11,39.5
2001-04-12,47.3
2001-04-13,46.5
2001-04-14,39.5
2001-04-15,38
2001-04-16,50.2
2001-04-17,36.2
2001-04-18,52.4
2001-04-19,39.1
2001-04-20,30.9
2001-04-21,49.8
2001-04-22,29
2001-04-23,26.3
2001-04-24,19.2
2001-04-25,37.4
2001-04-26,33
2001-04-27,51.8
2001-04-28,45
2001-04-29,39.9
2001-04-30,36.5
2001-05-01,33.8
2001-05-02,27.2
2001-05-03,36.3
2001-05-04,33.5
2001-05-05,21.2
2001-05-06,44.9
2001-05-07,39.1
2001-05-08,39.7
2001-05-09,38.1
2001-05-10,38
2001-05-11,36.9
2001-05-12,64.6
2001-05-13,29.1
2001-05-14,30.8
2001-05-15,19.6
2001-05-16,34.3
2001-05-17,45.2
2001-05-18,25
2001-05-19,43.6
2001-05-20,32.9
2001-05-21,40.8
2001-05-22,32.7
2001-05-23,36
2001-05-24,24
2001-05-25,23.3
2001-05-26,26.7
2001-05-27,34.8
2001-05-28,29.7
2001-05-29,21.2
2001-05-30,46.6
2001-05-31,30.3
2001-06-01,25
2001-06-02,27.3
2001-06-03,31.9
2001-06-04,26.7
2001-06-05,34.5
2001-06-06,30.6
2001-06-07,35.2
2001-06-08,10.3
2001-06-09,17.3
2001-06-10,27.7
2001-06-11,24.4
2001-06-12,31.7
2001-06-13,25.2
2001-06-14,17.2
2001-06-15,23.6
2001-06-16,30
2001-06-17,19.8
2001-06-18,27.8
2001-06-19,24.6
2001-06-20,63.9
2001-06-21,16.3
2001-06-22,29.4
2001-06-23,18.9
2001-06-24,26.2
2001-06-25,21.8
2001-06-26,24.9
2001-06-27,23.5
2001-06-28,16.3
2001-06-29,23.2
2001-06-30,31.6
2001-07-01,38.2
2001-07-02,30.1
2001-07-03,28.5
2001-07-04,16.2
2001-07-05,29.7
2001-07-06,25
2001-07-07,22.2
2001-07-08,32.7
2001-07-09,15.3
2001-07-10,41.5
2001-07-11,27
2001-07-12,12.7
2001-07-13,15.4
2001-07-14,28.2
2001-07-15,16.9
2001-07-16,33.5
2001-07-17,38.5
2001-07-18,25.7
2001-07-19,27.3
2001-07-20,34
2001-07-21,20.5
2001-07-22,30.1
2001-07-23,22.6
2001-07-24,26.7
2001-07-25,28.9
2001-07-26,31.6
2001-07-27,26.9
2001-07-28,21.9
2001-07-29,18.4
2001-07-30,NA
2001-07-31,21.7
2001-08-01,33.4
2001-08-02,26.6
2001-08-03,28
2001-08-04,23.9
2001-08-05,30.5
2001-08-06,32.2
2001-08-07,30.2
2001-08-08,22.6
2001-08-09,15.1
2001-08-10,23.4
2001-08-11,6.4
2001-08-12,24.2
2001-08-13,10.3
2001-08-14,25.2
2001-08-15,17.1
2001-08-16,8.2
2001-08-17,25.9
2001-08-18,42.3
2001-08-19,13.2
2001-08-20,34.7
2001-08-21,34
2001-08-22,148.9
2001-08-23,22.6
2001-08-24,21.9
2001-08-25,30.8
2001-08-26,43.6
2001-08-27,42.9
2001-08-28,35.4
2001-08-29,21.5
2001-08-30,38.6
2001-08-31,37
2001-09-01,19.9
2001-09-02,32.2
2001-09-03,18.3
2001-09-04,17.6
2001-09-05,27.5
2001-09-06,44.9
2001-09-07,28.7
2001-09-08,44.4
2001-09-09,90.6
2001-09-10,35
2001-09-11,30
2001-09-12,41.1
2001-09-13,43.8
2001-09-14,29.9
2001-09-15,45.7
2001-09-16,34.1
2001-09-17,32.5
2001-09-18,40.4
2001-09-19,24.4
2001-09-20,28.5
2001-09-21,32.3
2001-09-22,32.8
2001-09-23,32.3
2001-09-24,50.9
2001-09-25,43.3
2001-09-26,27.1
2001-09-27,28.5
2001-09-28,41.6
2001-09-29,25.8
2001-09-30,36.5
2001-10-01,38.5
2001-10-02,32.6
2001-10-03,26.6
2001-10-04,40.4
2001-10-05,42.1
2001-10-06,52.2
2001-10-07,35.5
2001-10-08,24.9
2001-10-09,42.4
2001-10-10,30.1
2001-10-11,48.8
2001-10-12,30.2
2001-10-13,40.4
2001-10-14,35.7
2001-10-15,45.1
2001-10-16,36.1
2001-10-17,45.5
2001-10-18,43.5
2001-10-19,28.3
2001-10-20,35.3
2001-10-21,41
2001-10-22,58
2001-10-23,32.5
2001-10-24,46.3
2001-10-25,44.4
2001-10-26,32.7
2001-10-27,51
2001-10-28,30.7
2001-10-29,54
2001-10-30,44.1
2001-10-31,48.2
2001-11-01,48.2
2001-11-02,46.6
2001-11-03,44.9
2001-11-04,44.5
2001-11-05,40.2
2001-11-06,61.4
2001-11-07,54.4
2001-11-08,36.1
2001-11-09,48
2001-11-10,39.2
2001-11-11,34.8
2001-11-12,55.4
2001-11-13,39
2001-11-14,51.3
2001-11-15,38.7
2001-11-16,48.6
2001-11-17,68.6
2001-11-18,58
2001-11-19,43.2
2001-11-20,58.7
2001-11-21,30.2
2001-11-22,46.8
2001-11-23,49
2001-11-24,45.9
2001-11-25,57.6
2001-11-26,37.9
2001-11-27,52
2001-11-28,54.2
2001-11-29,55.3
2001-11-30,47.7
2001-12-01,46.8
2001-12-02,52.9
2001-12-03,42.3
2001-12-04,51.1
2001-12-05,61.3
2001-12-06,52.4
2001-12-07,37.4
2001-12-08,50.1
2001-12-09,34
2001-12-10,53.8
2001-12-11,55.3
2001-12-12,58.1
2001-12-13,59.9
2001-12-14,43.7
2001-12-15,46.7
2001-12-16,52
2001-12-17,47.4
2001-12-18,49.5
2001-12-19,73.6
2001-12-20,58.9
2001-12-21,58.7
2001-12-22,59.7
2001-12-23,57.9
2001-12-24,54
2001-12-25,57.4
2001-12-26,56.8
2001-12-27,60.8
2001-12-28,64.1
2001-12-29,68.4
2001-12-30,NA
2001-12-31,41.1
2002-01-01,55.7
2002-01-02,49.1
2002-01-03,63.9
2002-01-04,55.2
2002-01-05,53.8
2002-01-06,55.7
2002-01-07,53
2002-01-08,68
2002-01-09,NA
2002-01-10,47.3
2002-01-11,44.5
2002-01-12,46.9
2002-01-13,62.1
2002-01-14,60.7
2002-01-15,42.5
2002-01-16,48.3
2002-01-17,56.2
2002-01-18,54
2002-01-19,64.9
2002-01-20,94.6
2002-01-21,59.4
2002-01-22,51.8
2002-01-23,47.2
2002-01-24,56.3
2002-01-25,63.8
2002-01-26,52
2002-01-27,65.1
2002-01-28,72
2002-01-29,58.4
2002-01-30,35.5
2002-01-31,55.2
2002-02-01,47.1
2002-02-02,61.5
2002-02-03,68.5
2002-02-04,61.3
2002-02-05,53.5
2002-02-06,39.6
2002-02-07,63.4
2002-02-08,47.2
2002-02-09,65
2002-02-10,48
2002-02-11,57.3
2002-02-12,53.9
2002-02-13,56.2
2002-02-14,54.5
2002-02-15,58.5
2002-02-16,48.3
2002-02-17,53.1
2002-02-18,55.5
2002-02-19,48.5
2002-02-20,55.1
2002-02-21,58.7
2002-02-22,45.3
2002-02-23,48.3
2002-02-24,46.1
2002-02-25,58.4
2002-02-26,48.6
2002-02-27,45.8
2002-02-28,49.1
2002-03-01,50.8
2002-03-02,63.4
2002-03-03,39.4
2002-03-04,60.6
2002-03-05,47.1
2002-03-06,58.4
2002-03-07,56.1
2002-03-08,59.7
2002-03-09,57.9
2002-03-10,48.1
2002-03-11,42.3
2002-03-12,48.9
2002-03-13,27.2
2002-03-14,31.6
2002-03-15,67.6
2002-03-16,33.5
2002-03-17,59.6
2002-03-18,51
2002-03-19,42
2002-03-20,50.1
2002-03-21,47.2
2002-03-22,43.5
2002-03-23,48.9
2002-03-24,43
2002-03-25,32.8
2002-03-26,38.4
2002-03-27,42.7
2002-03-28,46.9
2002-03-29,41
2002-03-30,36.8
2002-03-31,44.6
2002-04-01,42.4
2002-04-02,45.6
2002-04-03,47.2
2002-04-04,45.7
2002-04-05,42.4
2002-04-06,33.5
2002-04-07,34
2002-04-08,45
2002-04-09,64.2
2002-04-10,43.1
2002-04-11,NA
2002-04-12,NA
2002-04-13,33.7
2002-04-14,43.1
2002-04-15,41.6
2002-04-16,40.6
2002-04-17,43
2002-04-18,42.8
2002-04-19,31.2
2002-04-20,34.8
2002-04-21,43.5
2002-04-22,50.4
2002-04-23,41.8
2002-04-24,31.9
2002-04-25,29.5
2002-04-26,34.1
2002-04-27,21.4
2002-04-28,43.3
2002-04-29,NA
2002-04-30,27.1
2002-05-01,28.5
2002-05-02,37.7
2002-05-03,43.1
2002-05-04,33
2002-05-05,37.9
2002-05-06,41.4
2002-05-07,33.1
2002-05-08,36.1
2002-05-09,26.2
2002-05-10,27
2002-05-11,25.5
2002-05-12,22.3
2002-05-13,36.3
2002-05-14,23.1
2002-05-15,17.1
2002-05-16,28.6
2002-05-17,45.4
2002-05-18,24.4
2002-05-19,12
2002-05-20,29.6
2002-05-21,26.2
2002-05-22,25.7
2002-05-23,36.1
2002-05-24,23.4
2002-05-25,43.1
2002-05-26,38.7
2002-05-27,29.2
2002-05-28,34
2002-05-29,34.7
2002-05-30,36.2
2002-05-31,31
2002-06-01,16.8
2002-06-02,23.8
2002-06-03,30.9
2002-06-04,21.1
2002-06-05,30.8
2002-06-06,36.2
2002-06-07,34.9
2002-06-08,14.1
2002-06-09,43.6
2002-06-10,30.2
2002-06-11,10.7
2002-06-12,31
2002-06-13,20
2002-06-14,34.5
2002-06-15,20.8
2002-06-16,40.7
2002-06-17,23.2
2002-06-18,22.2
2002-06-19,31.1
2002-06-20,20.6
2002-06-21,13
2002-06-22,23.9
2002-06-23,26.9
2002-06-24,29.8
2002-06-25,25.8
2002-06-26,25.8
2002-06-27,19.5
2002-06-28,10.9
2002-06-29,29.8
2002-06-30,35.9
2002-07-01,40.1
2002-07-02,32.1
2002-07-03,28.7
2002-07-04,45.4
2002-07-05,25.8
2002-07-06,19.3
2002-07-07,32.9
2002-07-08,22.6
2002-07-09,20.7
2002-07-10,20.4
2002-07-11,24.8
2002-07-12,19.3
2002-07-13,17.2
2002-07-14,23
2002-07-15,25.4
2002-07-16,19.5
2002-07-17,30.3
2002-07-18,35.6
2002-07-19,25.3
2002-07-20,28.2
2002-07-21,25.9
2002-07-22,23.9
2002-07-23,19.5
2002-07-24,21.9
2002-07-25,26.9
2002-07-26,21.3
2002-07-27,30
2002-07-28,15.1
2002-07-29,28
2002-07-30,NA
2002-07-31,21.1
2002-08-01,23.4
2002-08-02,23.5
2002-08-03,39
2002-08-04,43.8
2002-08-05,17.1
2002-08-06,NA
2002-08-07,16.1
2002-08-08,39.3
2002-08-09,28.3
2002-08-10,15.3
2002-08-11,32.9
2002-08-12,17.7
2002-08-13,21.4
2002-08-14,40.4
2002-08-15,29.1
2002-08-16,24.2
2002-08-17,33
2002-08-18,24.7
2002-08-19,19.6
2002-08-20,24.1
2002-08-21,35
2002-08-22,18.8
2002-08-23,22.7
2002-08-24,37.8
2002-08-25,24.2
2002-08-26,13.6
2002-08-27,26.8
2002-08-28,32.5
2002-08-29,27.7
2002-08-30,34.6
2002-08-31,27
2002-09-01,24.7
2002-09-02,26.1
2002-09-03,37.8
2002-09-04,26.1
2002-09-05,44.8
2002-09-06,29.8
2002-09-07,25.9
2002-09-08,50.7
2002-09-09,16.8
2002-09-10,33
2002-09-11,34
2002-09-12,35.3
2002-09-13,86.8
2002-09-14,11.4
2002-09-15,43.8
2002-09-16,37.6
2002-09-17,28.3
2002-09-18,53.1
2002-09-19,40.6
2002-09-20,39.2
2002-09-21,28.3
2002-09-22,32.7
2002-09-23,22.9
2002-09-24,44.2
2002-09-25,32.4
2002-09-26,37.9
2002-09-27,47.7
2002-09-28,38.3
2002-09-29,39.9
2002-09-30,29.9
2002-10-01,39.1
2002-10-02,42.5
2002-10-03,30.9
2002-10-04,47.3
2002-10-05,28.9
2002-10-06,32.3
2002-10-07,29.3
2002-10-08,44.8
2002-10-09,35.2
2002-10-10,29.2
2002-10-11,42.3
2002-10-12,37.5
2002-10-13,34.9
2002-10-14,30.2
2002-10-15,45
2002-10-16,39.9
2002-10-17,43.7
2002-10-18,41.9
2002-10-19,30.1
2002-10-20,43.5
2002-10-21,24.7
2002-10-22,46.7
2002-10-23,38.9
2002-10-24,53.3
2002-10-25,48.2
2002-10-26,46.5
2002-10-27,65.1
2002-10-28,53.4
2002-10-29,28.4
2002-10-30,42.4
2002-10-31,54.3
2002-11-01,23.9
2002-11-02,50.1
2002-11-03,31.2
2002-11-04,43.3
2002-11-05,41.9
2002-11-06,42.6
2002-11-07,49.4
2002-11-08,35.7
2002-11-09,42.3
2002-11-10,34.3
2002-11-11,53.8
2002-11-12,27
2002-11-13,42.7
2002-11-14,42.3
2002-11-15,47
2002-11-16,32
2002-11-17,43.8
2002-11-18,34.1
2002-11-19,49.2
2002-11-20,53.9
2002-11-21,47.4
2002-11-22,40.7
2002-11-23,43.8
2002-11-24,49.8
2002-11-25,50.4
2002-11-26,55.3
2002-11-27,58.5
2002-11-28,62.2
2002-11-29,56.1
2002-11-30,46.1
2002-12-01,50.3
2002-12-02,65.2
2002-12-03,70.2
2002-12-04,46.6
2002-12-05,67
2002-12-06,43.7
2002-12-07,50.8
2002-12-08,50.1
2002-12-09,48.3
2002-12-10,50.3
2002-12-11,52
2002-12-12,45.5
2002-12-13,56.9
2002-12-14,46.5
2002-12-15,55.2
2002-12-16,67.5
2002-12-17,42
2002-12-18,58.8
2002-12-19,67.5
2002-12-20,53.5
2002-12-21,41.7
2002-12-22,51
2002-12-23,56.8
2002-12-24,48.5
2002-12-25,34.9
2002-12-26,53.6
2002-12-27,58.3
2002-12-28,51.7
2002-12-29,58.8
2002-12-30,64.4
2002-12-31,67.8
2003-01-01,NA
2003-01-02,64.7
2003-01-03,44.1
2003-01-04,64.3
2003-01-05,58.3
2003-01-06,46.4
2003-01-07,45.6
2003-01-08,72.4
2003-01-09,52.7
2003-01-10,43.9
2003-01-11,52.9
2003-01-12,57.7
2003-01-13,47.1
2003-01-14,48.8
2003-01-15,57.2
2003-01-16,60.8
2003-01-17,49.5
2003-01-18,60.9
2003-01-19,NA
2003-01-20,61
2003-01-21,46.1
2003-01-22,57.2
2003-01-23,46.9
2003-01-24,37.3
2003-01-25,50.5
2003-01-26,NA
2003-01-27,53.8
2003-01-28,37.8
2003-01-29,61.8
2003-01-30,51.1
2003-01-31,63.9
2003-02-01,66.6
2003-02-02,52.5
2003-02-03,51.9
2003-02-04,62
2003-02-05,56.3
2003-02-06,59.7
2003-02-07,40.2
2003-02-08,61.9
2003-02-09,58.2
2003-02-10,67.1
2003-02-11,50.5
2003-02-12,55
2003-02-13,58.8
2003-02-14,47.7
2003-02-15,58.8
2003-02-16,53.8
2003-02-17,48.8
2003-02-18,53.8
2003-02-19,NA
2003-02-20,40
2003-02-21,55.3
2003-02-22,39.6
2003-02-23,41.6
2003-02-24,55.6
2003-02-25,60.4
2003-02-26,47.3
2003-02-27,54.1
2003-02-28,43.9
2003-03-01,37.8
2003-03-02,44.1
2003-03-03,52.9
2003-03-04,41.4
2003-03-05,50.7
2003-03-06,50.7
2003-03-07,39.5
2003-03-08,53.6
2003-03-09,81.1
2003-03-10,56.7
2003-03-11,53.8
2003-03-12,56.4
2003-03-13,59.6
2003-03-14,44.2
2003-03-15,51.9
2003-03-16,38.9
2003-03-17,47.5
2003-03-18,35.3
2003-03-19,36.5
2003-03-20,38.9
2003-03-21,36.1
2003-03-22,133.5
2003-03-23,54
2003-03-24,39.1
2003-03-25,34.3
2003-03-26,66.1
2003-03-27,35.7
2003-03-28,53.2
2003-03-29,45
2003-03-30,44.6
2003-03-31,40.9
2003-04-01,38.5
2003-04-02,38.4
2003-04-03,51.2
2003-04-04,NA
2003-04-05,42.3
2003-04-06,40.8
2003-04-07,46.6
2003-04-08,36.9
2003-04-09,41.8
2003-04-10,46.3
2003-04-11,37.1
2003-04-12,33.7
2003-04-13,43.4
2003-04-14,46.9
2003-04-15,44.5
2003-04-16,49.2
2003-04-17,46
2003-04-18,40.9
2003-04-19,32.6
2003-04-20,41.8
2003-04-21,38.9
2003-04-22,41.7
2003-04-23,41.9
2003-04-24,36.6
2003-04-25,28.7
2003-04-26,32.8
2003-04-27,37.9
2003-04-28,43
2003-04-29,32.4
2003-04-30,42.3
2003-05-01,29.5
2003-05-02,27.1
2003-05-03,58.9
2003-05-04,23.3
2003-05-05,38.8
2003-05-06,33.6
2003-05-07,10.7
2003-05-08,25.3
2003-05-09,28.1
2003-05-10,28.5
2003-05-11,35.9
2003-05-12,101.2
2003-05-13,32.7
2003-05-14,18.6
2003-05-15,34.1
2003-05-16,33.2
2003-05-17,25.1
2003-05-18,39.8
2003-05-19,44
2003-05-20,20.3
2003-05-21,28.6
2003-05-22,42.6
2003-05-23,22.8
2003-05-24,32.3
2003-05-25,36.2
2003-05-26,16.4
2003-05-27,27.9
2003-05-28,25.7
2003-05-29,23.4
2003-05-30,27.9
2003-05-31,37.7
2003-06-01,24.2
2003-06-02,27.3
2003-06-03,20.9
2003-06-04,22.5
2003-06-05,NA
2003-06-06,33.1
2003-06-07,14.5
2003-06-08,18.9
2003-06-09,17.5
2003-06-10,35.1
2003-06-11,34.5
2003-06-12,25
2003-06-13,NA
2003-06-14,16.3
2003-06-15,31.7
2003-06-16,19
2003-06-17,38.3
2003-06-18,25.4
2003-06-19,21.5
2003-06-20,15.7
2003-06-21,18.2
2003-06-22,31.6
2003-06-23,18.4
2003-06-24,25
2003-06-25,22.2
2003-06-26,12.2
2003-06-27,29.6
2003-06-28,31
2003-06-29,28.1
2003-06-30,27.8
2003-07-01,21.5
2003-07-02,27.7
2003-07-03,7.8
2003-07-04,24.8
2003-07-05,25.7
2003-07-06,20.7
2003-07-07,28.8
2003-07-08,21.9
2003-07-09,27.5
2003-07-10,43.4
2003-07-11,15.9
2003-07-12,24.2
2003-07-13,28.1
2003-07-14,NA
2003-07-15,18.3
2003-07-16,50.5
2003-07-17,22.3
2003-07-18,12.7
2003-07-19,14.1
2003-07-20,24.1
2003-07-21,39
2003-07-22,14.6
2003-07-23,22.5
2003-07-24,11
2003-07-25,24.3
2003-07-26,12.6
2003-07-27,16
2003-07-28,21.5
2003-07-29,16.9
2003-07-30,35.7
2003-07-31,18.9
2003-08-01,NA
2003-08-02,2
2003-08-03,30.2
2003-08-04,21.5
2003-08-05,26.1
2003-08-06,24.6
2003-08-07,28.6
2003-08-08,18.1
2003-08-09,20.2
2003-08-10,65
2003-08-11,18.6
2003-08-12,10.7
2003-08-13,26.7
2003-08-14,19.2
2003-08-15,21.9
2003-08-16,14.8
2003-08-17,31.6
2003-08-18,28
2003-08-19,34.5
2003-08-20,20.5
2003-08-21,33.1
2003-08-22,34
2003-08-23,22.6
2003-08-24,27.6
2003-08-25,46
2003-08-26,21.6
2003-08-27,29.2
2003-08-28,28.5
2003-08-29,49.8
2003-08-30,28.3
2003-08-31,47.9
2003-09-01,29
2003-09-02,20.1
2003-09-03,75.5
2003-09-04,39.2
2003-09-05,17.5
2003-09-06,28.3
2003-09-07,13.1
2003-09-08,40
2003-09-09,32.1
2003-09-10,31.3
2003-09-11,38.6
2003-09-12,30.6
2003-09-13,32.9
2003-09-14,37.8
2003-09-15,28.1
2003-09-16,31.4
2003-09-17,47.7
2003-09-18,26.9
2003-09-19,34.1
2003-09-20,28.5
2003-09-21,41.4
2003-09-22,40
2003-09-23,27.9
2003-09-24,19.2
2003-09-25,41.7
2003-09-26,38.2
2003-09-27,37.4
2003-09-28,46
2003-09-29,44.8
2003-09-30,36.5
2003-10-01,44.5
2003-10-02,32.1
2003-10-03,33
2003-10-04,42.8
2003-10-05,33.1
2003-10-06,35.8
2003-10-07,22.5
2003-10-08,35
2003-10-09,117.1
2003-10-10,42.9
2003-10-11,40.5
2003-10-12,32.8
2003-10-13,34.6
2003-10-14,39.9
2003-10-15,23.4
2003-10-16,55.6
2003-10-17,52
2003-10-18,30.4
2003-10-19,35.5
2003-10-20,30.6
2003-10-21,32.3
2003-10-22,42.1
2003-10-23,48.6
2003-10-24,50.9
2003-10-25,35
2003-10-26,24.5
2003-10-27,39
2003-10-28,58.1
2003-10-29,31
2003-10-30,42.7
2003-10-31,45.1
2003-11-01,43.9
2003-11-02,36
2003-11-03,42
2003-11-04,43.7
2003-11-05,43.8
2003-11-06,41.6
2003-11-07,43.3
2003-11-08,55.4
2003-11-09,54.5
2003-11-10,75.8
2003-11-11,39.6
2003-11-12,39.7
2003-11-13,46.8
2003-11-14,51.6
2003-11-15,58.5
2003-11-16,50.9
2003-11-17,37.8
2003-11-18,51.2
2003-11-19,55.3
2003-11-20,44.1
2003-11-21,49.3
2003-11-22,50.5
2003-11-23,47
2003-11-24,66.6
2003-11-25,39.4
2003-11-26,52.5
2003-11-27,26.2
2003-11-28,47.2
2003-11-29,41.6
2003-11-30,50.1
2003-12-01,49.4
2003-12-02,61.4
2003-12-03,55.9
2003-12-04,64.5
2003-12-05,47.3
2003-12-06,43
2003-12-07,48.3
2003-12-08,45.1
2003-12-09,57.8
2003-12-10,38.5
2003-12-11,38.7
2003-12-12,51
2003-12-13,44.9
2003-12-14,51.5
2003-12-15,40.7
2003-12-16,61.5
2003-12-17,48.7
2003-12-18,51.6
2003-12-19,NA
2003-12-20,54.2
2003-12-21,58.2
2003-12-22,55.4
2003-12-23,109.5
2003-12-24,48
2003-12-25,59.7
2003-12-26,65.6
2003-12-27,52.7
2003-12-28,56.9
2003-12-29,207.1
2003-12-30,55.5
2003-12-31,39.5
2004-01-01,49.5
2004-01-02,60.7
2004-01-03,38.5
2004-01-04,52.7
2004-01-05,47.4
2004-01-06,39.8
2004-01-07,50.5
2004-01-08,54.8
2004-01-09,51
2004-01-10,35.9
2004-01-11,48.7
2004-01-12,42
2004-01-13,46.2
2004-01-14,57.3
2004-01-15,51.6
2004-01-16,40.3
2004-01-17,72.7
2004-01-18,45.2
2004-01-19,64.8
2004-01-20,62.1
2004-01-21,49.2
2004-01-22,65
2004-01-23,58.7
2004-01-24,42
2004-01-25,60.3
2004-01-26,41.8
2004-01-27,50.3
2004-01-28,64.9
2004-01-29,60.9
2004-01-30,53.3
2004-01-31,51.8
2004-02-01,48.1
2004-02-02,59.1
2004-02-03,59.2
2004-02-04,44.2
2004-02-05,50.8
2004-02-06,50.4
2004-02-07,37.1
2004-02-08,53.8
2004-02-09,59
2004-02-10,45.8
2004-02-11,NA
2004-02-12,53.8
2004-02-13,47.4
2004-02-14,50
2004-02-15,58.2
2004-02-16,46.3
2004-02-17,NA
2004-02-18,39.4
2004-02-19,50
2004-02-20,65.6
2004-02-21,56.4
2004-02-22,65.5
2004-02-23,63.4
2004-02-24,37.7
2004-02-25,43
2004-02-26,38.5
2004-02-27,61.6
2004-02-28,64.2
2004-02-29,37.7
2004-03-01,63.6
2004-03-02,61.8
2004-03-03,50.1
2004-03-04,44
2004-03-05,45.8
2004-03-06,39.3
2004-03-07,38.8
2004-03-08,38.6
2004-03-09,57.5
2004-03-10,44
2004-03-11,50.7
2004-03-12,40.1
2004-03-13,45
2004-03-14,66.3
2004-03-15,48.1
2004-03-16,49.2
2004-03-17,42.1
2004-03-18,46.5
2004-03-19,46.3
2004-03-20,48.5
2004-03-21,39.1
2004-03-22,47.7
2004-03-23,57.9
2004-03-24,31.9
2004-03-25,46
2004-03-26,35.8
2004-03-27,29.3
2004-03-28,36.3
2004-03-29,34.8
2004-03-30,31
2004-03-31,26.7
2004-04-01,49.3
2004-04-02,44.9
2004-04-03,34.7
2004-04-04,22
2004-04-05,56.5
2004-04-06,36.4
2004-04-07,37.4
2004-04-08,35.8
2004-04-09,34.3
2004-04-10,27.5
2004-04-11,48.6
2004-04-12,25.8
2004-04-13,NA
2004-04-14,31.9
2004-04-15,44
2004-04-16,37.1
2004-04-17,31.4
2004-04-18,49.2
2004-04-19,80.9
2004-04-20,25.1
2004-04-21,35
2004-04-22,29.4
2004-04-23,46.8
2004-04-24,40.4
2004-04-25,48.7
2004-04-26,31
2004-04-27,25.6
2004-04-28,36.4
2004-04-29,26.7
2004-04-30,40.9
2004-05-01,40.2
2004-05-02,45
2004-05-03,29
2004-05-04,45.1
2004-05-05,44
2004-05-06,40
2004-05-07,32.3
2004-05-08,28.5
2004-05-09,33.8
2004-05-10,21.5
2004-05-11,39
2004-05-12,23.3
2004-05-13,44.7
2004-05-14,29.7
2004-05-15,23.7
2004-05-16,28.2
2004-05-17,29
2004-05-18,20.8
2004-05-19,42.8
2004-05-20,21.8
2004-05-21,40.8
2004-05-22,27
2004-05-23,26.8
2004-05-24,32.4
2004-05-25,NA
2004-05-26,33.5
2004-05-27,34.2
2004-05-28,18.4
2004-05-29,28.3
2004-05-30,39.4
2004-05-31,90.1
2004-06-01,32.9
2004-06-02,25.4
2004-06-03,37.3
2004-06-04,22.6
2004-06-05,19.1
2004-06-06,20
2004-06-07,14.5
2004-06-08,22.3
2004-06-09,25.3
2004-06-10,41.3
2004-06-11,24.2
2004-06-12,NA
2004-06-13,NA
2004-06-14,35.1
2004-06-15,17.9
2004-06-16,NA
2004-06-17,27.6
2004-06-18,10.3
2004-06-19,21.7
2004-06-20,24.5
2004-06-21,16.2
2004-06-22,9.7
2004-06-23,26.4
2004-06-24,39.5
2004-06-25,8.7
2004-06-26,34
2004-06-27,32.6
2004-06-28,20.8
2004-06-29,31.7
2004-06-30,22.2
2004-07-01,26.8
2004-07-02,12.4
2004-07-03,26.2
2004-07-04,26.6
2004-07-05,19.1
2004-07-06,18.3
2004-07-07,37.5
2004-07-08,19.7
2004-07-09,39.4
2004-07-10,29.2
2004-07-11,22.6
2004-07-12,16.1
2004-07-13,6.2
2004-07-14,20.7
2004-07-15,18.4
2004-07-16,19.1
2004-07-17,20.4
2004-07-18,23.4
2004-07-19,29.1
2004-07-20,31.4
2004-07-21,19.8
2004-07-22,9.1
2004-07-23,32
2004-07-24,NA
2004-07-25,NA
2004-07-26,22.6
2004-07-27,8.8
2004-07-28,7.5
2004-07-29,26.8
2004-07-30,18.3
2004-07-31,21.4
2004-08-01,40.1
2004-08-02,28.3
2004-08-03,29.4
2004-08-04,23.8
2004-08-05,21
2004-08-06,25.3
2004-08-07,27.8
2004-08-08,21
2004-08-09,23.1
2004-08-10,29.3
2004-08-11,27
2004-08-12,32.3
2004-08-13,16.9
2004-08-14,22.8
2004-08-15,27
2004-08-16,24.1
2004-08-17,29
2004-08-18,14.2
2004-08-19,35
2004-08-20,20.1
2004-08-21,18.8
2004-08-22,35.1
2004-08-23,31.1
2004-08-24,20.7
2004-08-25,30.6
2004-08-26,26.7
2004-08-27,26.2
2004-08-28,24.3
2004-08-29,18.8
2004-08-30,27.6
2004-08-31,148.4
2004-09-01,24.9
2004-09-02,22.4
2004-09-03,34.2
2004-09-04,38.2
2004-09-05,39
2004-09-06,25.9
2004-09-07,26.8
2004-09-08,22.4
2004-09-09,41.9
2004-09-10,43.8
2004-09-11,18.2
2004-09-12,30.6
2004-09-13,22.9
2004-09-14,34.1
2004-09-15,28.2
2004-09-16,40
2004-09-17,26.8
2004-09-18,28.3
2004-09-19,21.7
2004-09-20,20.4
2004-09-21,23.2
2004-09-22,39.3
2004-09-23,NA
2004-09-24,41.7
2004-09-25,15.6
2004-09-26,37.1
2004-09-27,38.2
2004-09-28,42.9
2004-09-29,35.5
2004-09-30,29.9
2004-10-01,20.4
2004-10-02,31.3
2004-10-03,42.9
2004-10-04,50.3
2004-10-05,22.6
2004-10-06,40.7
2004-10-07,65.4
2004-10-08,44.4
2004-10-09,NA
2004-10-10,44.7
2004-10-11,40.8
2004-10-12,42.9
2004-10-13,31.4
2004-10-14,26.5
2004-10-15,38.4
2004-10-16,41.6
2004-10-17,37.2
2004-10-18,39
2004-10-19,30.1
2004-10-20,44.6
2004-10-21,37.4
2004-10-22,20.1
2004-10-23,42.1
2004-10-24,31.7
2004-10-25,38.1
2004-10-26,33.9
2004-10-27,39.6
2004-10-28,43.6
2004-10-29,49.1
2004-10-30,45.3
2004-10-31,57.7
2004-11-01,46.8
2004-11-02,55
2004-11-03,58
2004-11-04,37.4
2004-11-05,41.2
2004-11-06,36.4
2004-11-07,43.7
2004-11-08,82.5
2004-11-09,35.3
2004-11-10,47.2
2004-11-11,52.2
2004-11-12,29.5
2004-11-13,40.8
2004-11-14,45.2
2004-11-15,47.2
2004-11-16,48.4
2004-11-17,51.5
2004-11-18,47.7
2004-11-19,44.4
2004-11-20,52
2004-11-21,49.8
2004-11-22,50.4
2004-11-23,45.8
2004-11-24,49.2
2004-11-25,48
2004-11-26,49.6
2004-11-27,53.9
2004-11-28,56.8
2004-11-29,36.4
2004-11-30,50.4
2004-12-01,48.2
2004-12-02,33.4
2004-12-03,51.8
2004-12-04,29
2004-12-05,54.5
2004-12-06,50.6
2004-12-07,58
2004-12-08,48.1
2004-12-09,54.1
2004-12-10,48.8
2004-12-11,48.9
2004-12-12,90.2
2004-12-13,46.5
2004-12-14,58.2
2004-12-15,57.3
2004-12-16,44.9
2004-12-17,55.8
2004-12-18,53.9
2004-12-19,51.1
2004-12-20,60.1
2004-12-21,62.1
2004-12-22,40.9
2004-12-23,50.9
2004-12-24,56.1
2004-12-25,49.3
2004-12-26,57.8
2004-12-27,63.3
2004-12-28,58.2
2004-12-29,51.2
2004-12-30,69.9
2004-12-31,49.8
2005-01-01,55.5
2005-01-02,42.7
2005-01-03,71.1
2005-01-04,48.6
2005-01-05,50.6
2005-01-06,38.8
2005-01-07,168.9
2005-01-08,32.5
2005-01-09,45.4
2005-01-10,49.3
2005-01-11,61.1
2005-01-12,57
2005-01-13,52.8
2005-01-14,46.7
2005-01-15,57.9
2005-01-16,50.3
2005-01-17,56.3
2005-01-18,54.4
2005-01-19,43.7
2005-01-20,62.4
2005-01-21,43.6
2005-01-22,50.5
2005-01-23,54.2
2005-01-24,49.7
2005-01-25,51.8
2005-01-26,31.8
2005-01-27,66
2005-01-28,42.5
2005-01-29,68.5
2005-01-30,45.4
2005-01-31,48.4
2005-02-01,47.8
2005-02-02,42.2
2005-02-03,56
2005-02-04,58.6
2005-02-05,78.7
2005-02-06,59.4
2005-02-07,61.7
2005-02-08,53.6
2005-02-09,52.7
2005-02-10,47.9
2005-02-11,60.7
2005-02-12,43.2
2005-02-13,53.2
2005-02-14,53.4
2005-02-15,50.6
2005-02-16,59.5
2005-02-17,33.7
2005-02-18,43.9
2005-02-19,52.6
2005-02-20,39
2005-02-21,56.1
2005-02-22,38.7
2005-02-23,52.7
2005-02-24,49.4
2005-02-25,52.2
2005-02-26,35.1
2005-02-27,53.1
2005-02-28,55.7
2005-03-01,51.8
2005-03-02,58.6
2005-03-03,52.2
2005-03-04,48.6
2005-03-05,51.2
2005-03-06,61.5
2005-03-07,47.8
2005-03-08,55
2005-03-09,53.3
2005-03-10,57
2005-03-11,37.3
2005-03-12,40.2
2005-03-13,51.7
2005-03-14,47.4
2005-03-15,46.5
2005-03-16,34.3
2005-03-17,40.2
2005-03-18,45
2005-03-19,48.4
2005-03-20,61.5
2005-03-21,50.7
2005-03-22,45.4
2005-03-23,33.3
2005-03-24,33.3
2005-03-25,31.9
2005-03-26,38
2005-03-27,46.8
2005-03-28,NA
2005-03-29,38
2005-03-30,57.8
2005-03-31,NA
2005-04-01,82.7
2005-04-02,32.8
2005-04-03,54
2005-04-04,37
2005-04-05,37.4
2005-04-06,48.2
2005-04-07,47
2005-04-08,39.9
2005-04-09,43.4
2005-04-10,39
2005-04-11,30.2
2005-04-12,51.1
2005-04-13,34.6
2005-04-14,40.3
2005-04-15,26.7
2005-04-16,22.4
2005-04-17,44.4
2005-04-18,42.1
2005-04-19,33.5
2005-04-20,48.3
2005-04-21,24.7
2005-04-22,42.7
2005-04-23,34.3
2005-04-24,40.6
2005-04-25,25.6
2005-04-26,36.9
2005-04-27,26.6
2005-04-28,27.3
2005-04-29,43.1
2005-04-30,14.9
2005-05-01,24.8
2005-05-02,40.9
2005-05-03,42.6
2005-05-04,27.8
2005-05-05,50.2
2005-05-06,46.1
2005-05-07,39.5
2005-05-08,27.3
2005-05-09,29.1
2005-05-10,39.1
2005-05-11,25.5
2005-05-12,36.3
2005-05-13,31.3
2005-05-14,36.2
2005-05-15,30.9
2005-05-16,34.5
2005-05-17,37
2005-05-18,97.1
2005-05-19,39.5
2005-05-20,25.6
2005-05-21,33.7
2005-05-22,44.9
2005-05-23,37.6
2005-05-24,29.5
2005-05-25,31.1
2005-05-26,24.7
2005-05-27,40.8
2005-05-28,27.7
2005-05-29,15.6
2005-05-30,22.9
2005-05-31,38.8
2005-06-01,10.6
2005-06-02,34.2
2005-06-03,41.3
2005-06-04,26.4
2005-06-05,NA
2005-06-06,22.7
2005-06-07,32.3
2005-06-08,27.2
2005-06-09,16.3
2005-06-10,25.8
2005-06-11,32.5
2005-06-12,74.2
2005-06-13,34.5
2005-06-14,20.5
2005-06-15,33.9
2005-06-16,37
2005-06-17,24
2005-06-18,19.8
2005-06-19,25.6
2005-06-20,35.5
2005-06-21,25.2
2005-06-22,30.3
2005-06-23,17.7
2005-06-24,15.7
2005-06-25,22.6
2005-06-26,7.3
2005-06-27,16.7
2005-06-28,29
2005-06-29,15.8
2005-06-30,23.8
2005-07-01,18.7
2005-07-02,21.6
2005-07-03,NA
2005-07-04,26.1
2005-07-05,34.8
2005-07-06,17.3
2005-07-07,25.7
2005-07-08,48.5
2005-07-09,19.5
2005-07-10,NA
2005-07-11,32.6
2005-07-12,15.5
2005-07-13,14.8
2005-07-14,18
2005-07-15,11.6
2005-07-16,18.8
2005-07-17,26.3
2005-07-18,24.6
2005-07-19,10
2005-07-20,31.8
2005-07-21,17.3
2005-07-22,27
2005-07-23,33.6
2005-07-24,7.8
2005-07-25,19.8
2005-07-26,24.4
2005-07-27,31.8
2005-07-28,11.9
2005-07-29,33.8
2005-07-30,24
2005-07-31,12.9
2005-08-01,25
2005-08-02,35.7
2005-08-03,9.8
2005-08-04,27.2
2005-08-05,42.8
2005-08-06,17.8
2005-08-07,19.6
2005-08-08,23.4
2005-08-09,30.5
2005-08-10,23.6
2005-08-11,25.2
2005-08-12,42.2
2005-08-13,21.7
2005-08-14,27.2
2005-08-15,17.6
2005-08-16,19.7
2005-08-17,NA
2005-08-18,8.3
2005-08-19,37.6
2005-08-20,14.6
2005-08-21,13.5
2005-08-22,30.2
2005-08-23,28.9
2005-08-24,22.8
2005-08-25,14.8
2005-08-26,29.8
2005-08-27,27.1
2005-08-28,38
2005-08-29,35.8
2005-08-30,10.5
2005-08-31,28.2
2005-09-01,12.8
2005-09-02,31.4
2005-09-03,24.6
2005-09-04,38.6
2005-09-05,31.8
2005-09-06,29.1
2005-09-07,16.1
2005-09-08,37.8
2005-09-09,27.4
2005-09-10,24.8
2005-09-11,36
2005-09-12,30.5
2005-09-13,24.8
2005-09-14,32.4
2005-09-15,34.1
2005-09-16,22.2
2005-09-17,25
2005-09-18,21.4
2005-09-19,40.2
2005-09-20,29.1
2005-09-21,36.4
2005-09-22,27.7
2005-09-23,37.4
2005-09-24,25.6
2005-09-25,35.5
2005-09-26,22.7
2005-09-27,45.6
2005-09-28,44.5
2005-09-29,34.7
2005-09-30,25.3
2005-10-01,42.4
2005-10-02,26.7
2005-10-03,45.7
2005-10-04,24
2005-10-05,29.8
2005-10-06,NA
2005-10-07,31.4
2005-10-08,38.6
2005-10-09,39.9
2005-10-10,31
2005-10-11,26.7
2005-10-12,35.2
2005-10-13,40.7
2005-10-14,30.9
2005-10-15,155
2005-10-16,29.6
2005-10-17,25.7
2005-10-18,43.5
2005-10-19,51.5
2005-10-20,34.9
2005-10-21,49.6
2005-10-22,34.4
2005-10-23,47.6
2005-10-24,41.2
2005-10-25,49.4
2005-10-26,46.6
2005-10-27,28.6
2005-10-28,44.2
2005-10-29,55.3
2005-10-30,44.3
2005-10-31,NA
2005-11-01,36
2005-11-02,32.9
2005-11-03,45.1
2005-11-04,48.9
2005-11-05,37.9
2005-11-06,37.7
2005-11-07,43.3
2005-11-08,49
2005-11-09,44.4
2005-11-10,67.2
2005-11-11,54.4
2005-11-12,37.5
2005-11-13,42.6
2005-11-14,35.8
2005-11-15,42
2005-11-16,48.9
2005-11-17,40.1
2005-11-18,67.5
2005-11-19,42.5
2005-11-20,51.2
2005-11-21,54.8
2005-11-22,53.1
2005-11-23,47.6
2005-11-24,60.4
2005-11-25,39.3
2005-11-26,51.5
2005-11-27,42.5
2005-11-28,55.7
2005-11-29,44.4
2005-11-30,56.7
2005-12-01,53.8
2005-12-02,52.7
2005-12-03,46.6
2005-12-04,62.8
2005-12-05,42.1
2005-12-06,39.8
2005-12-07,NA
2005-12-08,47.8
2005-12-09,41.6
2005-12-10,68.6
2005-12-11,40.5
2005-12-12,66.9
2005-12-13,37.6
2005-12-14,38.6
2005-12-15,43.8
2005-12-16,45.7
2005-12-17,54.4
2005-12-18,45.1
2005-12-19,56.6
2005-12-20,51.2
2005-12-21,49.9
2005-12-22,62.3
2005-12-23,54.2
2005-12-24,57.4
2005-12-25,39.2
2005-12-26,66.8
2005-12-27,62.2
2005-12-28,53.1
2005-12-29,59.8
2005-12-30,56.1
2005-12-31,38.8
2006-01-01,65.6
2006-01-02,48.3
2006-01-03,52.8
2006-01-04,51.1
2006-01-05,46.1
2006-01-06,52
2006-01-07,48.5
2006-01-08,39.9
2006-01-09,49.9
2006-01-10,60.8
2006-01-11,54.4
2006-01-12,51.9
2006-01-13,55.9
2006-01-14,53.4
2006-01-15,42.3
2006-01-16,63.6
2006-01-17,48.8
2006-01-18,56.6
2006-01-19,NA
2006-01-20,51.3
2006-01-21,68.1
2006-01-22,41.5
2006-01-23,64.7
2006-01-24,40.8
2006-01-25,62.2
2006-01-26,51.2
2006-01-27,42.4
2006-01-28,56.7
2006-01-29,62.5
2006-01-30,46.1
2006-01-31,60.8
2006-02-01,52.8
2006-02-02,38.3
2006-02-03,46.3
2006-02-04,53.3
2006-02-05,59.8
2006-02-06,42.9
2006-02-07,42.5
2006-02-08,40.3
2006-02-09,51.7
2006-02-10,49.2
2006-02-11,48.8
2006-02-12,59.2
2006-02-13,54
2006-02-14,47.8
2006-02-15,55.3
2006-02-16,46.8
2006-02-17,53.2
2006-02-18,50.6
2006-02-19,32.3
2006-02-20,51.7
2006-02-21,56.1
2006-02-22,51.8
2006-02-23,45.6
2006-02-24,41.4
2006-02-25,48.1
2006-02-26,53.7
2006-02-27,42.6
2006-02-28,55.6
2006-03-01,53.7
2006-03-02,47.8
2006-03-03,60.2
2006-03-04,62
2006-03-05,63.4
2006-03-06,41.9
2006-03-07,44.7
2006-03-08,60.4
2006-03-09,48.3
2006-03-10,42.6
2006-03-11,50.3
2006-03-12,47
2006-03-13,49
2006-03-14,41.2
2006-03-15,53.4
2006-03-16,48.2
2006-03-17,45.4
2006-03-18,50.6
2006-03-19,51.9
2006-03-20,34
2006-03-21,48.7
2006-03-22,47.6
2006-03-23,52.2
2006-03-24,56.5
2006-03-25,25.9
2006-03-26,45.2
2006-03-27,47.4
2006-03-28,40.6
2006-03-29,39.5
2006-03-30,33.3
2006-03-31,47.9
2006-04-01,36.1
2006-04-02,42.4
2006-04-03,18.1
2006-04-04,40.6
2006-04-05,37.6
2006-04-06,52.2
2006-04-07,34.1
2006-04-08,27.7
2006-04-09,50.2
2006-04-10,34.3
2006-04-11,45
2006-04-12,42
2006-04-13,29.5
2006-04-14,41.9
2006-04-15,37
2006-04-16,41.7
2006-04-17,45.6
2006-04-18,38.6
2006-04-19,39
2006-04-20,30.2
2006-04-21,NA
2006-04-22,42.5
2006-04-23,25
2006-04-24,52.6
2006-04-25,41.9
2006-04-26,33.9
2006-04-27,48.1
2006-04-28,28.9
2006-04-29,29.3
2006-04-30,38.9
2006-05-01,14.7
2006-05-02,40
2006-05-03,45.5
2006-05-04,34.7
2006-05-05,19.4
2006-05-06,38.9
2006-05-07,38.1
2006-05-08,36.9
2006-05-09,28.8
2006-05-10,33.7
2006-05-11,28.8
2006-05-12,30
2006-05-13,32.8
2006-05-14,39.2
2006-05-15,37.8
2006-05-16,33.8
2006-05-17,NA
2006-05-18,115.5
2006-05-19,46.3
2006-05-20,31.7
2006-05-21,34.1
2006-05-22,22.7
2006-05-23,34.2
2006-05-24,33.2
2006-05-25,35.4
2006-05-26,36
2006-05-27,34.6
2006-05-28,14
2006-05-29,17.6
2006-05-30,25
2006-05-31,22.9
2006-06-01,24.9
2006-06-02,166.6
2006-06-03,14.7
2006-06-04,35.3
2006-06-05,NA
2006-06-06,31.3
2006-06-07,36.1
2006-06-08,18.3
2006-06-09,24.4
2006-06-10,28.9
2006-06-11,26.3
2006-06-12,27.2
2006-06-13,24.8
2006-06-14,19.2
2006-06-15,16.6
2006-06-16,27.3
2006-06-17,44.5
2006-06-18,15.9
2006-06-19,23.7
2006-06-20,NA
2006-06-21,45.8
2006-06-22,20.2
2006-06-23,31.8
2006-06-24,28.6
2006-06-25,19.2
2006-06-26,26.3
2006-06-27,16.8
2006-06-28,18.8
2006-06-29,19.3
2006-06-30,21.7
2006-07-01,32
2006-07-02,58.9
2006-07-03,16
2006-07-04,26.5
2006-07-05,6.4
2006-07-06,16
2006-07-07,25.9
2006-07-08,18.5
2006-07-09,24.2
2006-07-10,NA
2006-07-11,31.6
2006-07-12,26.7
2006-07-13,NA
2006-07-14,NA
2006-07-15,43.2
2006-07-16,27
2006-07-17,37.4
2006-07-18,41.1
2006-07-19,19.6
2006-07-20,24.3
2006-07-21,30.7
2006-07-22,22.2
2006-07-23,30.7
2006-07-24,15.5
2006-07-25,31.5
2006-07-26,28.1
2006-07-27,23.2
2006-07-28,23.3
2006-07-29,25
2006-07-30,26.1
2006-07-31,43.3
2006-08-01,NA
2006-08-02,15.8
2006-08-03,16.4
2006-08-04,20.5
2006-08-05,20.1
2006-08-06,19.7
2006-08-07,30.7
2006-08-08,22.9
2006-08-09,15.4
2006-08-10,25.6
2006-08-11,NA
2006-08-12,22.4
2006-08-13,13.6
2006-08-14,29.7
2006-08-15,20.1
2006-08-16,27.4
2006-08-17,31.4
2006-08-18,25.4
2006-08-19,25.2
2006-08-20,32.5
2006-08-21,34.7
2006-08-22,36.2
2006-08-23,39.8
2006-08-24,24.1
2006-08-25,20.2
2006-08-26,24.3
2006-08-27,22.4
2006-08-28,40.1
2006-08-29,30.7
2006-08-30,15.8
2006-08-31,17.8
2006-09-01,18
2006-09-02,28.1
2006-09-03,24.7
2006-09-04,20.4
2006-09-05,39.2
2006-09-06,18
2006-09-07,20.4
2006-09-08,NA
2006-09-09,20.8
2006-09-10,30.2
2006-09-11,27.7
2006-09-12,28
2006-09-13,15.6
2006-09-14,27.4
2006-09-15,36.8
2006-09-16,24.9
2006-09-17,30.6
2006-09-18,28.4
2006-09-19,44
2006-09-20,26.3
2006-09-21,48.2
2006-09-22,14.4
2006-09-23,46.6
2006-09-24,45.1
2006-09-25,25.6
2006-09-26,35.5
2006-09-27,35.4
2006-09-28,34.1
2006-09-29,31.3
2006-09-30,39.2
2006-10-01,43.4
2006-10-02,44.6
2006-10-03,30.4
2006-10-04,37.5
2006-10-05,NA
2006-10-06,22.3
2006-10-07,36.1
2006-10-08,110.1
2006-10-09,41.6
2006-10-10,39.7
2006-10-11,28
2006-10-12,19.3
2006-10-13,19.8
2006-10-14,36.8
2006-10-15,29.4
2006-10-16,23.2
2006-10-17,28.2
2006-10-18,42.1
2006-10-19,49.7
2006-10-20,22.3
2006-10-21,30.7
2006-10-22,45.9
2006-10-23,40.5
2006-10-24,33.6
2006-10-25,38.8
2006-10-26,31
2006-10-27,40.7
2006-10-28,34.6
2006-10-29,38.3
2006-10-30,37.8
2006-10-31,60.6
2006-11-01,33.8
2006-11-02,45.1
2006-11-03,37.3
2006-11-04,32.6
2006-11-05,34.9
2006-11-06,45.6
2006-11-07,34.6
2006-11-08,35.4
2006-11-09,48.4
2006-11-10,35.8
2006-11-11,31.1
2006-11-12,32.4
2006-11-13,48.7
2006-11-14,47.5
2006-11-15,38.8
2006-11-16,35.8
2006-11-17,53.4
2006-11-18,41.8
2006-11-19,NA
2006-11-20,48
2006-11-21,61.7
2006-11-22,53.6
2006-11-23,50
2006-11-24,45.9
2006-11-25,34.2
2006-11-26,53.1
2006-11-27,33.4
2006-11-28,54
2006-11-29,42.3
2006-11-30,46.3
2006-12-01,52.2
2006-12-02,53.2
2006-12-03,45.6
2006-12-04,54.6
2006-12-05,47.8
2006-12-06,45.1
2006-12-07,57.4
2006-12-08,46.7
2006-12-09,43.4
2006-12-10,44.6
2006-12-11,38.4
2006-12-12,54.8
2006-12-13,50.1
2006-12-14,52.7
2006-12-15,47.3
2006-12-16,67.8
2006-12-17,67.6
2006-12-18,27.1
2006-12-19,49.8
2006-12-20,51.2
2006-12-21,46.7
2006-12-22,49.9
2006-12-23,45.1
2006-12-24,46.6
2006-12-25,60.9
2006-12-26,56.1
2006-12-27,62.2
2006-12-28,52.9
2006-12-29,54.9
2006-12-30,40.9
2006-12-31,43.4
2007-01-01,NA
2007-01-02,57.5
2007-01-03,34.3
2007-01-04,48.3
2007-01-05,60.2
2007-01-06,43.5
2007-01-07,51.9
2007-01-08,49.9
2007-01-09,41.9
2007-01-10,61.1
2007-01-11,47
2007-01-12,38.3
2007-01-13,51.7
2007-01-14,58.8
2007-01-15,43.8
2007-01-16,50.5
2007-01-17,56.6
2007-01-18,65.5
2007-01-19,56.7
2007-01-20,53.6
2007-01-21,55.1
2007-01-22,37.1
2007-01-23,53.6
2007-01-24,59.4
2007-01-25,50.5
2007-01-26,33.8
2007-01-27,42.4
2007-01-28,60.1
2007-01-29,63.4
2007-01-30,53.1
2007-01-31,41.6
2007-02-01,53.1
2007-02-02,46.2
2007-02-03,50.1
2007-02-04,50
2007-02-05,30.7
2007-02-06,40
2007-02-07,37.5
2007-02-08,60.1
2007-02-09,59.2
2007-02-10,53.3
2007-02-11,59.6
2007-02-12,54.3
2007-02-13,39.8
2007-02-14,NA
2007-02-15,51
2007-02-16,39.6
2007-02-17,105.6
2007-02-18,36.4
2007-02-19,49.6
2007-02-20,42.2
2007-02-21,37
2007-02-22,96.1
2007-02-23,53.7
2007-02-24,50.7
2007-02-25,44.9
2007-02-26,56.3
2007-02-27,56.5
2007-02-28,53.1
2007-03-01,38.6
2007-03-02,56.6
2007-03-03,42.2
2007-03-04,44.4
2007-03-05,46.8
2007-03-06,53.3
2007-03-07,52.1
2007-03-08,35
2007-03-09,53.6
2007-03-10,53.6
2007-03-11,48
2007-03-12,42.8
2007-03-13,43.3
2007-03-14,49.6
2007-03-15,47.8
2007-03-16,37.9
2007-03-17,56.1
2007-03-18,52.1
2007-03-19,55.8
2007-03-20,29.6
2007-03-21,38.1
2007-03-22,38.8
2007-03-23,28.8
2007-03-24,56.2
2007-03-25,56.6
2007-03-26,38.5
2007-03-27,56.6
2007-03-28,35.7
2007-03-29,32.5
2007-03-30,34.9
2007-03-31,59.3
2007-04-01,49.3
2007-04-02,53.6
2007-04-03,45.1
2007-04-04,40.6
2007-04-05,40.4
2007-04-06,37.3
2007-04-07,36.4
2007-04-08,42.6
2007-04-09,32.4
2007-04-10,25.4
2007-04-11,23.9
2007-04-12,35.7
2007-04-13,57.7
2007-04-14,38.5
2007-04-15,54.5
2007-04-16,NA
2007-04-17,41.8
2007-04-18,44
2007-04-19,35.5
2007-04-20,64.8
2007-04-21,30.1
2007-04-22,36.8
2007-04-23,38.1
2007-04-24,44.9
2007-04-25,27.3
2007-04-26,36.5
2007-04-27,39.7
2007-04-28,27.9
2007-04-29,44.5
2007-04-30,29.6
2007-05-01,35
2007-05-02,21.3
2007-05-03,33.4
2007-05-04,31.4
2007-05-05,27.3
2007-05-06,23.6
2007-05-07,43.7
2007-05-08,29.7
2007-05-09,39.1
2007-05-10,NA
2007-05-11,18
2007-05-12,31.6
2007-05-13,27.3
2007-05-14,40
2007-05-15,21.3
2007-05-16,23.2
2007-05-17,38.1
2007-05-18,19.6
2007-05-19,20.2
2007-05-20,43
2007-05-21,18
2007-05-22,37.7
2007-05-23,52.1
2007-05-24,28.6
2007-05-25,26.8
2007-05-26,17.9
2007-05-27,25.3
2007-05-28,37.3
2007-05-29,29.5
2007-05-30,18.6
2007-05-31,NA
2007-06-01,16.9
2007-06-02,34.7
2007-06-03,11.2
2007-06-04,24.3
2007-06-05,27.7
2007-06-06,27
2007-06-07,21.6
2007-06-08,23.1
2007-06-09,28
2007-06-10,27.1
2007-06-11,24.8
2007-06-12,29.6
2007-06-13,26.7
2007-06-14,13.6
2007-06-15,34.3
2007-06-16,27.3
2007-06-17,19.3
2007-06-18,26.9
2007-06-19,33.6
2007-06-20,34
2007-06-21,18.3
2007-06-22,30.3
2007-06-23,17
2007-06-24,14.1
2007-06-25,21.8
2007-06-26,32.4
2007-06-27,32.6
2007-06-28,11.1
2007-06-29,31.1
2007-06-30,24.2
2007-07-01,16.2
2007-07-02,40
2007-07-03,20
2007-07-04,24.2
2007-07-05,37.3
2007-07-06,17.2
2007-07-07,34.2
2007-07-08,30.3
2007-07-09,37.1
2007-07-10,25
2007-07-11,11.6
2007-07-12,24.8
2007-07-13,13.9
2007-07-14,25.2
2007-07-15,22.8
2007-07-16,10.9
2007-07-17,31
2007-07-18,21.4
2007-07-19,28.3
2007-07-20,24.3
2007-07-21,NA
2007-07-22,17.5
2007-07-23,33.4
2007-07-24,29.2
2007-07-25,16.9
2007-07-26,30.7
2007-07-27,20.9
2007-07-28,37.6
2007-07-29,24
2007-07-30,30.5
2007-07-31,21.1
2007-08-01,30
2007-08-02,22.5
2007-08-03,29.6
2007-08-04,34.9
2007-08-05,29.1
2007-08-06,20.3
2007-08-07,29.1
2007-08-08,10.3
2007-08-09,25.9
2007-08-10,21.3
2007-08-11,32.7
2007-08-12,7.3
2007-08-13,15.6
2007-08-14,10.7
2007-08-15,19.6
2007-08-16,28
2007-08-17,38.1
2007-08-18,25.8
2007-08-19,19.3
2007-08-20,21.3
2007-08-21,19.9
2007-08-22,18.9
2007-08-23,51
2007-08-24,20.6
2007-08-25,9.5
2007-08-26,16.1
2007-08-27,38.2
2007-08-28,34
2007-08-29,29.1
2007-08-30,24.9
2007-08-31,20.6
2007-09-01,31.1
2007-09-02,35.3
2007-09-03,31.3
2007-09-04,27.9
2007-09-05,NA
2007-09-06,17.7
2007-09-07,29
2007-09-08,30.4
2007-09-09,32.2
2007-09-10,35.7
2007-09-11,18.4
2007-09-12,35.2
2007-09-13,35
2007-09-14,58.3
2007-09-15,17.4
2007-09-16,37.5
2007-09-17,29.4
2007-09-18,29.7
2007-09-19,24.9
2007-09-20,22.1
2007-09-21,40.5
2007-09-22,27.6
2007-09-23,41.6
2007-09-24,32.9
2007-09-25,31.1
2007-09-26,22
2007-09-27,18.8
2007-09-28,33.4
2007-09-29,19.4
2007-09-30,35.8
2007-10-01,40.6
2007-10-02,47.5
2007-10-03,33.1
2007-10-04,26.1
2007-10-05,40
2007-10-06,21.9
2007-10-07,56.4
2007-10-08,44.2
2007-10-09,39.4
2007-10-10,30.9
2007-10-11,46
2007-10-12,39.1
2007-10-13,95.2
2007-10-14,44.6
2007-10-15,31.2
2007-10-16,37.1
2007-10-17,165.7
2007-10-18,51.3
2007-10-19,40.8
2007-10-20,39.5
2007-10-21,46.4
2007-10-22,40.1
2007-10-23,35.2
2007-10-24,22.2
2007-10-25,25.9
2007-10-26,45.5
2007-10-27,44.7
2007-10-28,39.4
2007-10-29,40
2007-10-30,36.5
2007-10-31,42.9
2007-11-01,36.5
2007-11-02,44.2
2007-11-03,60
2007-11-04,46.9
2007-11-05,43.5
2007-11-06,42.7
2007-11-07,41.3
2007-11-08,41
2007-11-09,51.8
2007-11-10,42.2
2007-11-11,56
2007-11-12,42
2007-11-13,32.5
2007-11-14,40.7
2007-11-15,47.5
2007-11-16,34.3
2007-11-17,45.6
2007-11-18,45.7
2007-11-19,42.3
2007-11-20,49.2
2007-11-21,29.1
2007-11-22,NA
2007-11-23,56.9
2007-11-24,53.5
2007-11-25,53.2
2007-11-26,29
2007-11-27,31.5
2007-11-28,58
2007-11-29,47.9
2007-11-30,44.2
2007-12-01,36
2007-12-02,50.2
2007-12-03,36.6
2007-12-04,54.3
2007-12-05,42.4
2007-12-06,51.3
2007-12-07,33
2007-12-08,50.6
2007-12-09,47.7
2007-12-10,42.8
2007-12-11,46.3
2007-12-12,53.7
2007-12-13,50.3
2007-12-14,47.8
2007-12-15,59.6
2007-12-16,40.9
2007-12-17,57.5
2007-12-18,42.3
2007-12-19,53.1
2007-12-20,44
2007-12-21,34.6
2007-12-22,57.3
2007-12-23,55.1
2007-12-24,37
2007-12-25,38.1
2007-12-26,36.2
2007-12-27,49.8
2007-12-28,55.7
2007-12-29,43.8
2007-12-30,68.3
2007-12-31,52.1
2008-01-01,69.6
2008-01-02,50.9
2008-01-03,52.2
2008-01-04,61.4
2008-01-05,43.7
2008-01-06,33.9
2008-01-07,49.1
2008-01-08,46
2008-01-09,48.4
2008-01-10,51.6
2008-01-11,44.6
2008-01-12,63.7
2008-01-13,50.3
2008-01-14,49.7
2008-01-15,58.4
2008-01-16,55.1
2008-01-17,58
2008-01-18,56.1
2008-01-19,45.8
2008-01-20,46.5
2008-01-21,53.6
2008-01-22,58.2
2008-01-23,60.3
2008-01-24,41.4
2008-01-25,55.5
2008-01-26,53.7
2008-01-27,51.4
2008-01-28,41.5
2008-01-29,NA
2008-01-30,47.1
2008-01-31,58.2
2008-02-01,41.6
2008-02-02,47.6
2008-02-03,45.4
2008-02-04,58
2008-02-05,86
2008-02-06,47.7
2008-02-07,49.1
2008-02-08,58
2008-02-09,34
2008-02-10,63.6
2008-02-11,46.5
2008-02-12,46.8
2008-02-13,49.3
2008-02-14,54.7
2008-02-15,55.9
2008-02-16,48.5
2008-02-17,51.1
2008-02-18,55.6
2008-02-19,36.8
2008-02-20,47.4
2008-02-21,54.7
2008-02-22,48.8
2008-02-23,49.2
2008-02-24,55.6
2008-02-25,39.6
2008-02-26,52.7
2008-02-27,36.5
2008-02-28,37.6
2008-02-29,50.2
2008-03-01,40.6
2008-03-02,49.2
2008-03-03,43
2008-03-04,NA
2008-03-05,66
2008-03-06,42.3
2008-03-07,29.5
2008-03-08,55.6
2008-03-09,30.9
2008-03-10,55.4
2008-03-11,56.5
2008-03-12,47.4
2008-03-13,59.4
2008-03-14,38.4
2008-03-15,36.3
2008-03-16,34.3
2008-03-17,56.2
2008-03-18,33.4
2008-03-19,48.5
2008-03-20,37.3
2008-03-21,44.7
2008-03-22,51.8
2008-03-23,38.5
2008-03-24,53.3
2008-03-25,44
2008-03-26,43
2008-03-27,40.5
2008-03-28,45.4
2008-03-29,45.3
2008-03-30,37.3
2008-03-31,48.7
2008-04-01,NA
2008-04-02,50.6
2008-04-03,30.2
2008-04-04,35.8
2008-04-05,47.6
2008-04-06,43.7
2008-04-07,56.5
2008-04-08,27.1
2008-04-09,30.6
2008-04-10,35.1
2008-04-11,37.2
2008-04-12,35.7
2008-04-13,46.4
2008-04-14,31.1
2008-04-15,39.1
2008-04-16,45.5
2008-04-17,52.7
2008-04-18,45.4
2008-04-19,24.4
2008-04-20,46
2008-04-21,46.6
2008-04-22,45.3
2008-04-23,25.4
2008-04-24,30.7
2008-04-25,20.6
2008-04-26,43.5
2008-04-27,40.4
2008-04-28,41.3
2008-04-29,51.2
2008-04-30,48.2
2008-05-01,22.3
2008-05-02,39.7
2008-05-03,24.4
2008-05-04,34.7
2008-05-05,31.3
2008-05-06,28.2
2008-05-07,29.8
2008-05-08,28.8
2008-05-09,29.9
2008-05-10,16.5
2008-05-11,42.9
2008-05-12,38.5
2008-05-13,25.1
2008-05-14,34.5
2008-05-15,36.3
2008-05-16,30.8
2008-05-17,25.4
2008-05-18,24.6
2008-05-19,25.5
2008-05-20,34.4
2008-05-21,36
2008-05-22,36
2008-05-23,24.5
2008-05-24,24.3
2008-05-25,18.2
2008-05-26,32.9
2008-05-27,34
2008-05-28,24.7
2008-05-29,25.2
2008-05-30,21.9
2008-05-31,18.4
2008-06-01,37.7
2008-06-02,27.2
2008-06-03,24.3
2008-06-04,23
2008-06-05,41.7
2008-06-06,34.9
2008-06-07,33.8
2008-06-08,38.5
2008-06-09,40.2
2008-06-10,28.9
2008-06-11,32.2
2008-06-12,18.4
2008-06-13,19.3
2008-06-14,11.2
2008-06-15,45.6
2008-06-16,32
2008-06-17,8.1
2008-06-18,26.2
2008-06-19,35.5
2008-06-20,10
2008-06-21,33.8
2008-06-22,13.3
2008-06-23,19
2008-06-24,17.6
2008-06-25,NA
2008-06-26,15.8
2008-06-27,20.4
2008-06-28,28.8
2008-06-29,15.3
2008-06-30,28.9
2008-07-01,24.1
2008-07-02,29.4
2008-07-03,20.4
2008-07-04,27.4
2008-07-05,26.1
2008-07-06,24.1
2008-07-07,29.9
2008-07-08,17.9
2008-07-09,19.1
2008-07-10,13
2008-07-11,17.4
2008-07-12,29.7
2008-07-13,30.2
2008-07-14,26.1
2008-07-15,10
2008-07-16,27.6
2008-07-17,14.2
2008-07-18,26.1
2008-07-19,24.8
2008-07-20,17
2008-07-21,28.1
2008-07-22,30.4
2008-07-23,22.7
2008-07-24,22.7
2008-07-25,15.8
2008-07-26,NA
2008-07-27,16
2008-07-28,35.7
2008-07-29,27.1
2008-07-30,14.7
2008-07-31,24
2008-08-01,25.7
2008-08-02,28.5
2008-08-03,26.6
2008-08-04,17.8
2008-08-05,23.4
2008-08-06,35.7
2008-08-07,31
2008-08-08,32.1
2008-08-09,26.8
2008-08-10,24.1
2008-08-11,13.5
2008-08-12,25.5
2008-08-13,30.6
2008-08-14,27.4
2008-08-15,42
2008-08-16,21.5
2008-08-17,17
2008-08-18,31.4
2008-08-19,31.6
2008-08-20,28.5
2008-08-21,29.4
2008-08-22,16.2
2008-08-23,16.4
2008-08-24,30.7
2008-08-25,25.3
2008-08-26,39.4
2008-08-27,24.1
2008-08-28,33.5
2008-08-29,84.5
2008-08-30,32.1
2008-08-31,18.6
2008-09-01,25
2008-09-02,33
2008-09-03,27
2008-09-04,21
2008-09-05,40.6
2008-09-06,36.7
2008-09-07,26.1
2008-09-08,17.3
2008-09-09,22
2008-09-10,17.9
2008-09-11,23.1
2008-09-12,28.6
2008-09-13,20.2
2008-09-14,28.1
2008-09-15,37.8
2008-09-16,28.5
2008-09-17,39
2008-09-18,17.3
2008-09-19,42.1
2008-09-20,43.7
2008-09-21,11.4
2008-09-22,40.8
2008-09-23,31.5
2008-09-24,38.4
2008-09-25,45
2008-09-26,32.8
2008-09-27,22.5
2008-09-28,109.4
2008-09-29,40.4
2008-09-30,39.7
2008-10-01,36
2008-10-02,29.9
2008-10-03,23.1
2008-10-04,39
2008-10-05,27.8
2008-10-06,30
2008-10-07,35.3
2008-10-08,33.1
2008-10-09,28.9
2008-10-10,38.8
2008-10-11,38.5
2008-10-12,48.7
2008-10-13,29.3
2008-10-14,41.7
2008-10-15,12.2
2008-10-16,50.7
2008-10-17,39.9
2008-10-18,NA
2008-10-19,26.9
2008-10-20,NA
2008-10-21,35.4
2008-10-22,35
2008-10-23,35.5
2008-10-24,42.7
2008-10-25,36
2008-10-26,38.8
2008-10-27,28.9
2008-10-28,41.8
2008-10-29,29
2008-10-30,NA
2008-10-31,37.8
2008-11-01,232.2
2008-11-02,53.5
2008-11-03,26.1
2008-11-04,23.3
2008-11-05,44.2
2008-11-06,28.5
2008-11-07,NA
2008-11-08,50.3
2008-11-09,36.1
2008-11-10,51.5
2008-11-11,43
2008-11-12,42.8
2008-11-13,43.6
2008-11-14,51.7
2008-11-15,49.9
2008-11-16,32
2008-11-17,49.4
2008-11-18,46.8
2008-11-19,49.9
2008-11-20,51
2008-11-21,NA
2008-11-22,43.6
2008-11-23,61.7
2008-11-24,57.3
2008-11-25,50.1
2008-11-26,42
2008-11-27,25.6
2008-11-28,36.5
2008-11-29,58.8
2008-11-30,46.1
2008-12-01,43
2008-12-02,48.9
2008-12-03,42.9
2008-12-04,50.3
2008-12-05,47.9
2008-12-06,51.2
2008-12-07,43.3
2008-12-08,53.1
2008-12-09,57
2008-12-10,37.7
2008-12-11,38.2
2008-12-12,53.9
2008-12-13,52
2008-12-14,46.2
2008-12-15,48.3
2008-12-16,48.3
2008-12-17,57.2
2008-12-18,57.6
2008-12-19,43.9
2008-12-20,55
2008-12-21,54.8
2008-12-22,51.5
2008-12-23,51
2008-12-24,45.9
2008-12-25,52.2
2008-12-26,56.8
2008-12-27,56.6
2008-12-28,54
2008-12-29,42.9
2008-12-30,65.5
2008-12-31,56.5
2009-01-01,64.8
2009-01-02,52.8
2009-01-03,63.6
2009-01-04,44
2009-01-05,57.4
2009-01-06,62.1
2009-01-07,54.9
2009-01-08,52.6
2009-01-09,55.4
2009-01-10,51
2009-01-11,30
2009-01-12,63.2
2009-01-13,43.6
2009-01-14,38.9
2009-01-15,65.1
2009-01-16,59.5
2009-01-17,53.9
2009-01-18,55.2
2009-01-19,37.6
2009-01-20,56.9
2009-01-21,58.4
2009-01-22,51
2009-01-23,NA
2009-01-24,46.9
2009-01-25,60.9
2009-01-26,46.5
2009-01-27,49.9
2009-01-28,60.3
2009-01-29,55.3
2009-01-30,49.6
2009-01-31,55.9
2009-02-01,45.5
2009-02-02,59.4
2009-02-03,35
2009-02-04,63.6
2009-02-05,46.1
2009-02-06,53.9
2009-02-07,43.8
2009-02-08,46.6
2009-02-09,69
2009-02-10,62.7
2009-02-11,55.6
2009-02-12,65.1
2009-02-13,58.1
2009-02-14,NA
2009-02-15,46.1
2009-02-16,49.1
2009-02-17,53.4
2009-02-18,39.9
2009-02-19,53.5
2009-02-20,45.9
2009-02-21,71.8
2009-02-22,57.3
2009-02-23,22
2009-02-24,49.6
2009-02-25,37.6
2009-02-26,49.3
2009-02-27,47.4
2009-02-28,40.5
2009-03-01,41.4
2009-03-02,49.7
2009-03-03,54.6
2009-03-04,58.3
2009-03-05,53.5
2009-03-06,66.8
2009-03-07,46.3
2009-03-08,NA
2009-03-09,49.2
2009-03-10,44.3
2009-03-11,53.6
2009-03-12,35.5
2009-03-13,60.9
2009-03-14,46.3
2009-03-15,31.4
2009-03-16,NA
2009-03-17,NA
2009-03-18,47.2
2009-03-19,52.7
2009-03-20,34
2009-03-21,36.6
2009-03-22,44.1
2009-03-23,45.7
2009-03-24,45.6
2009-03-25,51.6
2009-03-26,40.8
2009-03-27,47.1
2009-03-28,55.9
2009-03-29,35.5
2009-03-30,52.8
2009-03-31,NA
2009-04-01,44.3
2009-04-02,39.1
2009-04-03,53.1
2009-04-04,51.2
2009-04-05,49.6
2009-04-06,27.9
2009-04-07,37
2009-04-08,47.1
2009-04-09,34.5
2009-04-10,25.7
2009-04-11,29.2
2009-04-12,29.9
2009-04-13,35
2009-04-14,54.3
2009-04-15,57.9
2009-04-16,25.1
2009-04-17,NA
2009-04-18,39.7
2009-04-19,23.2
2009-04-20,22
2009-04-21,31.5
2009-04-22,32.9
2009-04-23,47.3
2009-04-24,41.1
2009-04-25,32.6
2009-04-26,33.7
2009-04-27,51.9
2009-04-28,29.6
2009-04-29,29.4
2009-04-30,37.4
2009-05-01,NA
2009-05-02,54.7
2009-05-03,26.3
2009-05-04,28.9
2009-05-05,31.6
2009-05-06,31.7
2009-05-07,41.8
2009-05-08,44.8
2009-05-09,33.3
2009-05-10,35.7
2009-05-11,35
2009-05-12,32.8
2009-05-13,24.7
2009-05-14,23.3
2009-05-15,23.3
2009-05-16,34.1
2009-05-17,28.9
2009-05-18,13.1
2009-05-19,36.3
2009-05-20,31.9
2009-05-21,21.7
2009-05-22,38.8
2009-05-23,33.5
2009-05-24,40.4
2009-05-25,30.8
2009-05-26,25.5
2009-05-27,32.7
2009-05-28,70.5
2009-05-29,24.8
2009-05-30,NA
2009-05-31,29.4
2009-06-01,19.1
2009-06-02,23.6
2009-06-03,22
2009-06-04,36.1
2009-06-05,16.3
2009-06-06,21.6
2009-06-07,NA
2009-06-08,19.7
2009-06-09,26.5
2009-06-10,25.2
2009-06-11,23.5
2009-06-12,22.1
2009-06-13,27.2
2009-06-14,NA
2009-06-15,41.1
2009-06-16,17.4
2009-06-17,16.1
2009-06-18,29.3
2009-06-19,36.8
2009-06-20,22.7
2009-06-21,42.6
2009-06-22,95.9
2009-06-23,31.4
2009-06-24,29.2
2009-06-25,19.7
2009-06-26,26.8
2009-06-27,29.7
2009-06-28,28.1
2009-06-29,18.4
2009-06-30,23.2
2009-07-01,77.7
2009-07-02,19.3
2009-07-03,22
2009-07-04,15
2009-07-05,14.6
2009-07-06,25.8
2009-07-07,28.1
2009-07-08,2.6
2009-07-09,28.6
2009-07-10,28.3
2009-07-11,15.9
2009-07-12,8.6
2009-07-13,50.6
2009-07-14,14.3
2009-07-15,16.2
2009-07-16,22.3
2009-07-17,21.1
2009-07-18,12.8
2009-07-19,25.8
2009-07-20,24.5
2009-07-21,25.3
2009-07-22,19.4
2009-07-23,10.7
2009-07-24,23.3
2009-07-25,25.6
2009-07-26,26.9
2009-07-27,18.4
2009-07-28,23.2
2009-07-29,2
2009-07-30,11
2009-07-31,11.7
2009-08-01,9.8
2009-08-02,19.3
2009-08-03,22.7
2009-08-04,26.4
2009-08-05,18.8
2009-08-06,12.4
2009-08-07,31.6
2009-08-08,33.9
2009-08-09,15
2009-08-10,37.4
2009-08-11,21.8
2009-08-12,20
2009-08-13,24.4
2009-08-14,26.6
2009-08-15,20.9
2009-08-16,19.7
2009-08-17,35.1
2009-08-18,22.4
2009-08-19,31
2009-08-20,22
2009-08-21,31.4
2009-08-22,19.2
2009-08-23,38.1
2009-08-24,13.6
2009-08-25,46.3
2009-08-26,34.2
2009-08-27,33.3
2009-08-28,26.1
2009-08-29,27.8
2009-08-30,37
2009-08-31,23.9
2009-09-01,33.8
2009-09-02,16
2009-09-03,18.2
2009-09-04,29.2
2009-09-05,26.3
2009-09-06,23.7
2009-09-07,25.3
2009-09-08,22.8
2009-09-09,34.6
2009-09-10,35.4
2009-09-11,42.7
2009-09-12,20.3
2009-09-13,27.5
2009-09-14,26.4
2009-09-15,33.8
2009-09-16,19.3
2009-09-17,39.4
2009-09-18,26.5
2009-09-19,19.3
2009-09-20,34.4
2009-09-21,21.5
2009-09-22,28.4
2009-09-23,30.6
2009-09-24,25.1
2009-09-25,35.7
2009-09-26,30.8
2009-09-27,45.2
2009-09-28,39.7
2009-09-29,134.9
2009-09-30,44.5
2009-10-01,29.8
2009-10-02,34.4
2009-10-03,28.4
2009-10-04,29.9
2009-10-05,29.1
2009-10-06,30.2
2009-10-07,34.8
2009-10-08,27.2
2009-10-09,18.9
2009-10-10,49.1
2009-10-11,29.8
2009-10-12,17.2
2009-10-13,24.9
2009-10-14,41.5
2009-10-15,37
2009-10-16,32.2
2009-10-17,42.6
2009-10-18,43
2009-10-19,33.4
2009-10-20,48.9
2009-10-21,39.4
2009-10-22,41.6
2009-10-23,44.1
2009-10-24,63.9
2009-10-25,33.7
2009-10-26,52
2009-10-27,31.9
2009-10-28,49.7
2009-10-29,51.2
2009-10-30,48.6
2009-10-31,37.6
2009-11-01,44.4
2009-11-02,28.1
2009-11-03,33.1
2009-11-04,30.5
2009-11-05,48
2009-11-06,41.8
2009-11-07,34.5
2009-11-08,49.1
2009-11-09,39.8
2009-11-10,41.1
2009-11-11,42.3
2009-11-12,34.1
2009-11-13,49.1
2009-11-14,32.5
2009-11-15,52.6
2009-11-16,50.7
2009-11-17,NA
2009-11-18,47.9
2009-11-19,44.3
2009-11-20,41.5
2009-11-21,45.5
2009-11-22,49.4
2009-11-23,38.2
2009-11-24,44.9
2009-11-25,60.5
2009-11-26,50.6
2009-11-27,27.6
2009-11-28,36
2009-11-29,37.3
2009-11-30,39.4
2009-12-01,51.8
2009-12-02,59.3
2009-12-03,53.5
2009-12-04,60.9
2009-12-05,46.9
2009-12-06,56.1
2009-12-07,42.1
2009-12-08,49.7
2009-12-09,53.7
2009-12-10,55.8
2009-12-11,60.3
2009-12-12,43.4
2009-12-13,29.3
2009-12-14,36
2009-12-15,43.4
2009-12-16,59.1
2009-12-17,43.6
2009-12-18,47.3
2009-12-19,50.7
2009-12-20,27.2
2009-12-21,61.1
2009-12-22,47.2
2009-12-23,45.6
2009-12-24,52.9
2009-12-25,45.8
2009-12-26,56.7
2009-12-27,51.7
2009-12-28,36.2
2009-12-29,52.9
2009-12-30,37.9
2009-12-31,38.5
2010-01-01,57.7
2010-01-02,37.3
2010-01-03,39.4
2010-01-04,61.9
2010-01-05,43.9
2010-01-06,62.1
2010-01-07,50.5
2010-01-08,60
2010-01-09,51.7
2010-01-10,50
2010-01-11,44.1
2010-01-12,52.5
2010-01-13,47.2
2010-01-14,56.5
2010-01-15,76.1
2010-01-16,50.8
2010-01-17,52.4
2010-01-18,52.8
2010-01-19,48.8
2010-01-20,67.4
2010-01-21,42.4
2010-01-22,50.6
2010-01-23,44.8
2010-01-24,50.8
2010-01-25,55.2
2010-01-26,60.9
2010-01-27,38.9
2010-01-28,55.9
2010-01-29,62.3
2010-01-30,46.7
2010-01-31,55.3
2010-02-01,64.7
2010-02-02,52
2010-02-03,54.9
2010-02-04,58.2
2010-02-05,45.2
2010-02-06,45.4
2010-02-07,43.2
2010-02-08,36.1
2010-02-09,42
2010-02-10,55.4
2010-02-11,50.5
2010-02-12,42.5
2010-02-13,51.2
2010-02-14,57.9
2010-02-15,38.7
2010-02-16,60.7
2010-02-17,58.5
2010-02-18,46.7
2010-02-19,61.5
2010-02-20,54.1
2010-02-21,38
2010-02-22,47.6
2010-02-23,71.6
2010-02-24,60.6
2010-02-25,41.9
2010-02-26,49.9
2010-02-27,54.8
2010-02-28,43.9
2010-03-01,41.8
2010-03-02,41.3
2010-03-03,42.1
2010-03-04,57.5
2010-03-05,39.8
2010-03-06,33.4
2010-03-07,75.7
2010-03-08,46.2
2010-03-09,40
2010-03-10,47
2010-03-11,38.5
2010-03-12,47.4
2010-03-13,56.1
2010-03-14,39.3
2010-03-15,30.4
2010-03-16,51.7
2010-03-17,36.6
2010-03-18,49.8
2010-03-19,42.5
2010-03-20,50.1
2010-03-21,32.2
2010-03-22,42
2010-03-23,38.5
2010-03-24,40.4
2010-03-25,NA
2010-03-26,52.2
2010-03-27,33.1
2010-03-28,49.2
2010-03-29,55.1
2010-03-30,39.4
2010-03-31,76
2010-04-01,35.9
2010-04-02,41.7
2010-04-03,40.6
2010-04-04,29.8
2010-04-05,23.4
2010-04-06,40.8
2010-04-07,40.4
2010-04-08,48.5
2010-04-09,35
2010-04-10,33.1
2010-04-11,NA
2010-04-12,35.6
2010-04-13,67.7
2010-04-14,36.7
2010-04-15,25.9
2010-04-16,32
2010-04-17,32.6
2010-04-18,38.7
2010-04-19,53.3
2010-04-20,44
2010-04-21,32.8
2010-04-22,41.7
2010-04-23,19.6
2010-04-24,32.5
2010-04-25,38.6
2010-04-26,NA
2010-04-27,38.6
2010-04-28,30.8
2010-04-29,31.6
2010-04-30,36.2
2010-05-01,25.9
2010-05-02,26.3
2010-05-03,22.1
2010-05-04,35.3
2010-05-05,40.9
2010-05-06,27.7
2010-05-07,31.5
2010-05-08,27.6
2010-05-09,29.4
2010-05-10,36.2
2010-05-11,30.5
2010-05-12,23.2
2010-05-13,31.1
2010-05-14,16.7
2010-05-15,47.6
2010-05-16,17
2010-05-17,20.6
2010-05-18,28.8
2010-05-19,27.2
2010-05-20,18.5
2010-05-21,30.2
2010-05-22,20.7
2010-05-23,17
2010-05-24,31.9
2010-05-25,21.8
2010-05-26,17.9
2010-05-27,28.2
2010-05-28,12.4
2010-05-29,30.1
2010-05-30,29.2
2010-05-31,21.5
2010-06-01,35.1
2010-06-02,21.6
2010-06-03,20.9
2010-06-04,27.7
2010-06-05,33.5
2010-06-06,27.5
2010-06-07,20.1
2010-06-08,26.8
2010-06-09,17.7
2010-06-10,26.6
2010-06-11,22.2
2010-06-12,34.9
2010-06-13,16.2
2010-06-14,31.6
2010-06-15,34.2
2010-06-16,NA
2010-06-17,19.8
2010-06-18,24.1
2010-06-19,19.7
2010-06-20,18.7
2010-06-21,14.2
2010-06-22,44.2
2010-06-23,19.1
2010-06-24,18.5
2010-06-25,37.1
2010-06-26,22
2010-06-27,20.3
2010-06-28,19
2010-06-29,24.9
2010-06-30,37.3
2010-07-01,6
2010-07-02,14.6
2010-07-03,18.5
2010-07-04,30.3
2010-07-05,22.6
2010-07-06,24.8
2010-07-07,15.7
2010-07-08,22.5
2010-07-09,21.1
2010-07-10,21.2
2010-07-11,35.3
2010-07-12,24.2
2010-07-13,12.2
2010-07-14,13.4
2010-07-15,32.1
2010-07-16,NA
2010-07-17,26.6
2010-07-18,36.8
2010-07-19,15.4
2010-07-20,17
2010-07-21,25.1
2010-07-22,27.1
2010-07-23,18.9
2010-07-24,4.4
2010-07-25,22.3
2010-07-26,24.2
2010-07-27,33.1
2010-07-28,29.6
2010-07-29,15.8
2010-07-30,19.4
2010-07-31,19.3
2010-08-01,9
2010-08-02,11
2010-08-03,17.3
2010-08-04,19.8
2010-08-05,26.8
2010-08-06,26
2010-08-07,20.2
2010-08-08,15.4
2010-08-09,34.4
2010-08-10,28.5
2010-08-11,44.3
2010-08-12,18.3
2010-08-13,NA
2010-08-14,20.8
2010-08-15,19.9
2010-08-16,15.9
2010-08-17,26.7
2010-08-18,21.2
2010-08-19,35
2010-08-20,36.4
2010-08-21,17.2
2010-08-22,26.5
2010-08-23,39.7
2010-08-24,30.8
2010-08-25,20.8
2010-08-26,17
2010-08-27,22
2010-08-28,13.9
2010-08-29,24.8
2010-08-30,36.2
2010-08-31,38.5
2010-09-01,27.5
2010-09-02,14
2010-09-03,34.5
2010-09-04,23.8
2010-09-05,26.6
2010-09-06,23.2
2010-09-07,25.3
2010-09-08,33.4
2010-09-09,165
2010-09-10,20.3
2010-09-11,29.3
2010-09-12,33.3
2010-09-13,28.4
2010-09-14,26.3
2010-09-15,18.3
2010-09-16,33.3
2010-09-17,33.3
2010-09-18,32.8
2010-09-19,30
2010-09-20,27.7
2010-09-21,40.1
2010-09-22,38.1
2010-09-23,40.7
2010-09-24,26.1
2010-09-25,35.7
2010-09-26,30.5
2010-09-27,28.7
2010-09-28,17.6
2010-09-29,24.8
2010-09-30,32.7
2010-10-01,30.8
2010-10-02,28.8
2010-10-03,34.5
2010-10-04,141.6
2010-10-05,43
2010-10-06,45.5
2010-10-07,37.5
2010-10-08,36.8
2010-10-09,29.9
2010-10-10,38.6
2010-10-11,20.8
2010-10-12,19.4
2010-10-13,40.5
2010-10-14,32.4
2010-10-15,26
2010-10-16,28.3
2010-10-17,30.8
2010-10-18,26.2
2010-10-19,26.5
2010-10-20,33.7
2010-10-21,34.3
2010-10-22,40.3
2010-10-23,50.2
2010-10-24,42.8
2010-10-25,44
2010-10-26,32.2
2010-10-27,46.7
2010-10-28,41
2010-10-29,43.5
2010-10-30,30.6
2010-10-31,32.2
2010-11-01,45.6
2010-11-02,45.4
2010-11-03,37
2010-11-04,40.1
2010-11-05,42
2010-11-06,55.8
2010-11-07,48.5
2010-11-08,43.5
2010-11-09,47.6
2010-11-10,42.6
2010-11-11,42.5
2010-11-12,38.8
2010-11-13,26.1
2010-11-14,53.9
2010-11-15,38.2
2010-11-16,45.7
2010-11-17,34.7
2010-11-18,52.4
2010-11-19,45.4
2010-11-20,63
2010-11-21,48.9
2010-11-22,55.6
2010-11-23,56.6
2010-11-24,42.4
2010-11-25,52.8
2010-11-26,55.1
2010-11-27,52.2
2010-11-28,46.4
2010-11-29,50.4
2010-11-30,25.9
2010-12-01,46.6
2010-12-02,47.7
2010-12-03,46.3
2010-12-04,NA
2010-12-05,51.2
2010-12-06,55.7
2010-12-07,51.4
2010-12-08,43.7
2010-12-09,46.2
2010-12-10,48.9
2010-12-11,55.6
2010-12-12,68.4
2010-12-13,41
2010-12-14,NA
2010-12-15,57.3
2010-12-16,53
2010-12-17,50.8
2010-12-18,47
2010-12-19,30.4
2010-12-20,55.7
2010-12-21,45
2010-12-22,50.1
2010-12-23,52.4
2010-12-24,40.8
2010-12-25,NA
2010-12-26,40.2
2010-12-27,58.4
2010-12-28,39.7
2010-12-29,50.4
2010-12-30,43.8
2010-12-31,45.6
2011-01-01,NA
2011-01-02,NA
2011-01-03,61.1
2011-01-04,53.3
2011-01-05,57.5
2011-01-06,NA
2011-01-07,53.3
2011-01-08,50.9
2011-01-09,44.7
2011-01-10,54.7
2011-01-11,51.7
2011-01-12,45.4
2011-01-13,44.2
2011-01-14,48.7
2011-01-15,55.1
2011-01-16,60.9
2011-01-17,55
2011-01-18,45.1
2011-01-19,48.5
2011-01-20,56
2011-01-21,34.9
2011-01-22,68.2
2011-01-23,54.5
2011-01-24,45.7
2011-01-25,47.8
2011-01-26,55.6
2011-01-27,50
2011-01-28,46.9
2011-01-29,126.4
2011-01-30,53.9
2011-01-31,48.1
2011-02-01,46.4
2011-02-02,64.5
2011-02-03,48.9
2011-02-04,53.2
2011-02-05,NA
2011-02-06,54.8
2011-02-07,55.1
2011-02-08,49.6
2011-02-09,54.7
2011-02-10,126.1
2011-02-11,52.1
2011-02-12,54.7
2011-02-13,54.1
2011-02-14,59.5
2011-02-15,44.9
2011-02-16,45.5
2011-02-17,58.4
2011-02-18,38
2011-02-19,61.9
2011-02-20,45.4
2011-02-21,34.5
2011-02-22,45.3
2011-02-23,47.7
2011-02-24,38.2
2011-02-25,48.2
2011-02-26,58.9
2011-02-27,39.2
2011-02-28,63.1
2011-03-01,51.3
2011-03-02,46.1
2011-03-03,53.2
2011-03-04,44.3
2011-03-05,47.8
2011-03-06,55.3
2011-03-07,38.2
2011-03-08,51.8
2011-03-09,45.6
2011-03-10,49.4
2011-03-11,50.1
2011-03-12,44.3
2011-03-13,39.1
2011-03-14,58.1
2011-03-15,52.3
2011-03-16,44.2
2011-03-17,29.3
2011-03-18,NA
2011-03-19,35.9
2011-03-20,34.7
2011-03-21,38.8
2011-03-22,42
2011-03-23,45.8
2011-03-24,49.6
2011-03-25,NA
2011-03-26,54.3
2011-03-27,48.3
2011-03-28,40.9
2011-03-29,56.7
2011-03-30,46.3
2011-03-31,45.3
2011-04-01,48.1
2011-04-02,27.2
2011-04-03,32.2
2011-04-04,45.6
2011-04-05,49.4
2011-04-06,46.1
2011-04-07,38.1
2011-04-08,39.4
2011-04-09,51.6
2011-04-10,26.4
2011-04-11,39.9
2011-04-12,47.2
2011-04-13,35.9
2011-04-14,34.1
2011-04-15,31.5
2011-04-16,26.3
2011-04-17,19.8
2011-04-18,32.9
2011-04-19,27
2011-04-20,29.1
2011-04-21,45
2011-04-22,25.3
2011-04-23,40.7
2011-04-24,36.6
2011-04-25,31.7
2011-04-26,22.6
2011-04-27,29.7
2011-04-28,32.8
2011-04-29,20.4
2011-04-30,38.9
2011-05-01,33.1
2011-05-02,32.9
2011-05-03,30.2
2011-05-04,26.5
2011-05-05,36.7
2011-05-06,29.9
2011-05-07,25.6
2011-05-08,37.5
2011-05-09,32.2
2011-05-10,28.5
2011-05-11,43.1
2011-05-12,32.8
2011-05-13,NA
2011-05-14,29.6
2011-05-15,26.2
2011-05-16,32.2
2011-05-17,39.1
2011-05-18,31.3
2011-05-19,26.2
2011-05-20,28.6
2011-05-21,35.9
2011-05-22,23.5
2011-05-23,31.4
2011-05-24,33
2011-05-25,23.5
2011-05-26,18.2
2011-05-27,32.4
2011-05-28,13.4
2011-05-29,22
2011-05-30,31.5
2011-05-31,17
2011-06-01,30.2
2011-06-02,24.5
2011-06-03,9.9
2011-06-04,32.9
2011-06-05,6.8
2011-06-06,56.7
2011-06-07,18.6
2011-06-08,21.2
2011-06-09,35.4
2011-06-10,19
2011-06-11,21.3
2011-06-12,10.3
2011-06-13,17.8
2011-06-14,27.1
2011-06-15,16.9
2011-06-16,10.8
2011-06-17,28.7
2011-06-18,25.9
2011-06-19,13.7
2011-06-20,33
2011-06-21,19
2011-06-22,23.9
2011-06-23,33.9
2011-06-24,35.3
2011-06-25,25.2
2011-06-26,11.4
2011-06-27,12.7
2011-06-28,34.1
2011-06-29,16
2011-06-30,16.3
2011-07-01,27.4
2011-07-02,22.9
2011-07-03,11.3
2011-07-04,15.5
2011-07-05,34.9
2011-07-06,17.8
2011-07-07,15.8
2011-07-08,21.2
2011-07-09,27.1
2011-07-10,21.3
2011-07-11,7.1
2011-07-12,12.9
2011-07-13,NA
2011-07-14,38.1
2011-07-15,31
2011-07-16,11.9
2011-07-17,NA
2011-07-18,29.7
2011-07-19,27.8
2011-07-20,25.7
2011-07-21,15.6
2011-07-22,23.8
2011-07-23,21.1
2011-07-24,28.1
2011-07-25,26.2
2011-07-26,99
2011-07-27,52.2
2011-07-28,16.3
2011-07-29,25.7
2011-07-30,30.3
2011-07-31,24.7
2011-08-01,23.9
2011-08-02,16.7
2011-08-03,19.2
2011-08-04,25.7
2011-08-05,18
2011-08-06,32.7
2011-08-07,34.9
2011-08-08,23
2011-08-09,2
2011-08-10,22.4
2011-08-11,23.9
2011-08-12,17.7
2011-08-13,28.5
2011-08-14,25.3
2011-08-15,17.9
2011-08-16,33.3
2011-08-17,31.7
2011-08-18,23
2011-08-19,25.7
2011-08-20,57.4
2011-08-21,25.9
2011-08-22,25.5
2011-08-23,20.1
2011-08-24,24.5
2011-08-25,19.1
2011-08-26,16.1
2011-08-27,28.2
2011-08-28,29.8
2011-08-29,21.6
2011-08-30,31
2011-08-31,15.6
2011-09-01,19.6
2011-09-02,24.9
2011-09-03,20
2011-09-04,17.8
2011-09-05,9.2
2011-09-06,30.4
2011-09-07,35.4
2011-09-08,25.9
2011-09-09,38.7
2011-09-10,48.9
2011-09-11,36.7
2011-09-12,29.9
2011-09-13,26
2011-09-14,95.5
2011-09-15,27.2
2011-09-16,32.7
2011-09-17,28.1
2011-09-18,27.8
2011-09-19,27.3
2011-09-20,32.6
2011-09-21,35.7
2011-09-22,30.9
2011-09-23,25.3
2011-09-24,28.2
2011-09-25,22.1
2011-09-26,29.2
2011-09-27,15.5
2011-09-28,36.5
2011-09-29,19.7
2011-09-30,36.7
2011-10-01,27.8
2011-10-02,24.6
2011-10-03,50.7
2011-10-04,39.3
2011-10-05,28.5
2011-10-06,26.9
2011-10-07,36.8
2011-10-08,44.7
2011-10-09,29.9
2011-10-10,32.3
2011-10-11,34
2011-10-12,42.3
2011-10-13,46.2
2011-10-14,37.6
2011-10-15,28.4
2011-10-16,23.1
2011-10-17,34.3
2011-10-18,32.8
2011-10-19,45
2011-10-20,31.8
2011-10-21,37.7
2011-10-22,22.2
2011-10-23,46.6
2011-10-24,37.6
2011-10-25,49.8
2011-10-26,43.5
2011-10-27,NA
2011-10-28,28.6
2011-10-29,58.5
2011-10-30,33.2
2011-10-31,54.6
2011-11-01,32.5
2011-11-02,32.7
2011-11-03,49.6
2011-11-04,42.6
2011-11-05,37.8
2011-11-06,47.2
2011-11-07,43.4
2011-11-08,40.2
2011-11-09,26.9
2011-11-10,32.5
2011-11-11,33.6
2011-11-12,42.1
2011-11-13,33.5
2011-11-14,56.8
2011-11-15,21.5
2011-11-16,33.6
2011-11-17,80.5
2011-11-18,50.9
2011-11-19,117.5
2011-11-20,50.7
2011-11-21,44.6
2011-11-22,57.6
2011-11-23,40.1
2011-11-24,52.9
2011-11-25,41.9
2011-11-26,44
2011-11-27,44.2
2011-11-28,50.1
2011-11-29,45.1
2011-11-30,54.7
2011-12-01,55.8
2011-12-02,65.4
2011-12-03,48.1
2011-12-04,50.3
2011-12-05,56.1
2011-12-06,56.7
2011-12-07,48.1
2011-12-08,49.5
2011-12-09,45.5
2011-12-10,50.3
2011-12-11,94.3
2011-12-12,39
2011-12-13,46.7
2011-12-14,54.1
2011-12-15,41.7
2011-12-16,54.6
2011-12-17,59.9
2011-12-18,52.6
2011-12-19,52.3
2011-12-20,58.8
2011-12-21,55
2011-12-22,57.3
2011-12-23,64.8
2011-12-24,55.6
2011-12-25,52.2
2011-12-26,44.9
2011-12-27,47.3
2011-12-28,38.7
2011-12-29,58.9
2011-12-30,48.8
2011-12-31,47.2
2012-01-01,47
2012-01-02,31.7
2012-01-03,57
2012-01-04,41.8
2012-01-05,48.3
2012-01-06,64.8
2012-01-07,51.9
2012-01-08,154.6
2012-01-09,47.1
2012-01-10,49.6
2012-01-11,45.1
2012-01-12,61.5
2012-01-13,54.2
2012-01-14,54.5
2012-01-15,56.4
2012-01-16,56.3
2012-01-17,51.9
2012-01-18,47.5
2012-01-19,56
2012-01-20,49.1
2012-01-21,40.4
2012-01-22,53.1
2012-01-23,58
2012-01-24,52.7
2012-01-25,66.3
2012-01-26,64
2012-01-27,46.1
2012-01-28,58.8
2012-01-29,50.4
2012-01-30,36.5
2012-01-31,55
2012-02-01,46.4
2012-02-02,47.5
2012-02-03,98.9
2012-02-04,43.2
2012-02-05,42.6
2012-02-06,30.3
2012-02-07,49.3
2012-02-08,45.9
2012-02-09,53.5
2012-02-10,55.4
2012-02-11,40.8
2012-02-12,43.9
2012-02-13,53.1
2012-02-14,60.5
2012-02-15,68.7
2012-02-16,58.3
2012-02-17,54
2012-02-18,49.6
2012-02-19,47.8
2012-02-20,49.6
2012-02-21,54.3
2012-02-22,42.3
2012-02-23,50.3
2012-02-24,49.8
2012-02-25,147.8
2012-02-26,48.3
2012-02-27,55.3
2012-02-28,64.3
2012-02-29,48.1
2012-03-01,43.2
2012-03-02,48
2012-03-03,55.7
2012-03-04,NA
2012-03-05,44.3
2012-03-06,47.6
2012-03-07,44.4
2012-03-08,46.7
2012-03-09,58
2012-03-10,34.9
2012-03-11,41.6
2012-03-12,47.2
2012-03-13,49.9
2012-03-14,49.2
2012-03-15,32.3
2012-03-16,40.7
2012-03-17,36.5
2012-03-18,33.1
2012-03-19,58.2
2012-03-20,50.3
2012-03-21,39.2
2012-03-22,40.5
2012-03-23,47.2
2012-03-24,47.4
2012-03-25,37.6
2012-03-26,28.2
2012-03-27,38.9
2012-03-28,33.5
2012-03-29,53
2012-03-30,53.1
2012-03-31,37.9
2012-04-01,50.4
2012-04-02,50.9
2012-04-03,36.2
2012-04-04,31.3
2012-04-05,42
2012-04-06,52.4
2012-04-07,35
2012-04-08,44.9
2012-04-09,NA
2012-04-10,35.4
2012-04-11,4.9
2012-04-12,36.9
2012-04-13,41
2012-04-14,45.5
2012-04-15,44.4
2012-04-16,35.3
2012-04-17,50.3
2012-04-18,34
2012-04-19,34.4
2012-04-20,46.8
2012-04-21,19
2012-04-22,24
2012-04-23,41.6
2012-04-24,28.4
2012-04-25,42
2012-04-26,31.2
2012-04-27,44.8
2012-04-28,25.5
2012-04-29,27.9
2012-04-30,36.4
2012-05-01,29.7
2012-05-02,30.8
2012-05-03,33.6
2012-05-04,32.1
2012-05-05,22
2012-05-06,25.4
2012-05-07,36.4
2012-05-08,30.9
2012-05-09,29.7
2012-05-10,26.7
2012-05-11,33
2012-05-12,30.8
2012-05-13,28.9
2012-05-14,19.3
2012-05-15,39.6
2012-05-16,70.6
2012-05-17,23.6
2012-05-18,39.5
2012-05-19,38.6
2012-05-20,25.4
2012-05-21,30.7
2012-05-22,84.5
2012-05-23,31.1
2012-05-24,37.8
2012-05-25,19.5
2012-05-26,30.1
2012-05-27,22.5
2012-05-28,25.3
2012-05-29,10.5
2012-05-30,26
2012-05-31,15.3
2012-06-01,3.3
2012-06-02,12
2012-06-03,12.2
2012-06-04,45.2
2012-06-05,22.2
2012-06-06,15.7
2012-06-07,23.9
2012-06-08,20
2012-06-09,23.5
2012-06-10,21.6
2012-06-11,33.7
2012-06-12,18.3
2012-06-13,21.4
2012-06-14,25.2
2012-06-15,24
2012-06-16,31.2
2012-06-17,10.4
2012-06-18,20.2
2012-06-19,26.2
2012-06-20,2
2012-06-21,23.8
2012-06-22,36.7
2012-06-23,17.3
2012-06-24,13.3
2012-06-25,24.2
2012-06-26,48.7
2012-06-27,25.1
2012-06-28,24.9
2012-06-29,22.8
2012-06-30,30.8
2012-07-01,25.3
2012-07-02,13.5
2012-07-03,18
2012-07-04,13.7
2012-07-05,19.9
2012-07-06,29.6
2012-07-07,6.6
2012-07-08,12.4
2012-07-09,14.3
2012-07-10,17.5
2012-07-11,17.8
2012-07-12,24.3
2012-07-13,17.9
2012-07-14,32.1
2012-07-15,13.5
2012-07-16,10.2
2012-07-17,17.4
2012-07-18,27.4
2012-07-19,20
2012-07-20,22.1
2012-07-21,12
2012-07-22,18.2
2012-07-23,33.9
2012-07-24,NA
2012-07-25,16.6
2012-07-26,17.6
2012-07-27,25.8
2012-07-28,24
2012-07-29,15.5
2012-07-30,21.2
2012-07-31,8.7
2012-08-01,16.6
2012-08-02,19.2
2012-08-03,19.7
2012-08-04,17
2012-08-05,29.9
2012-08-06,22.8
2012-08-07,11.7
2012-08-08,12.9
2012-08-09,23.9
2012-08-10,32.2
2012-08-11,18.3
2012-08-12,32
2012-08-13,21.7
2012-08-14,16.6
2012-08-15,24.8
2012-08-16,28.2
2012-08-17,13.6
2012-08-18,19.3
2012-08-19,29.7
2012-08-20,15.3
2012-08-21,32.7
2012-08-22,83.1
2012-08-23,19.5
2012-08-24,13.5
2012-08-25,16.3
2012-08-26,26.5
2012-08-27,40.6
2012-08-28,13.6
2012-08-29,31.5
2012-08-30,25.2
2012-08-31,2
2012-09-01,24.5
2012-09-02,NA
2012-09-03,23.3
2012-09-04,20.9
2012-09-05,26
2012-09-06,26.2
2012-09-07,35.3
2012-09-08,34.2
2012-09-09,18.2
2012-09-10,25.6
2012-09-11,12.1
2012-09-12,22.7
2012-09-13,30.6
2012-09-14,31.1
2012-09-15,38.7
2012-09-16,48.9
2012-09-17,56.5
2012-09-18,41.6
2012-09-19,30.6
2012-09-20,26.7
2012-09-21,40.5
2012-09-22,35.3
2012-09-23,40
2012-09-24,31.3
2012-09-25,37.9
2012-09-26,NA
2012-09-27,40.5
2012-09-28,28.6
2012-09-29,37.2
2012-09-30,29.8
2012-10-01,35.2
2012-10-02,28.2
2012-10-03,29.3
2012-10-04,39.7
2012-10-05,32.3
2012-10-06,25.4
2012-10-07,28.2
2012-10-08,29.2
2012-10-09,30
2012-10-10,30.6
2012-10-11,41.9
2012-10-12,32.2
2012-10-13,42
2012-10-14,29.9
2012-10-15,53.8
2012-10-16,30
2012-10-17,32.8
2012-10-18,39.2
2012-10-19,48.3
2012-10-20,51.7
2012-10-21,30.6
2012-10-22,31.5
2012-10-23,29.8
2012-10-24,50.7
2012-10-25,38.4
2012-10-26,38.4
2012-10-27,40.5
2012-10-28,81
2012-10-29,38.7
2012-10-30,44.9
2012-10-31,48.2
2012-11-01,NA
2012-11-02,48.5
2012-11-03,47.3
2012-11-04,40.3
2012-11-05,49.2
2012-11-06,56.6
2012-11-07,38
2012-11-08,42.7
2012-11-09,48.4
2012-11-10,38.8
2012-11-11,51.6
2012-11-12,44.9
2012-11-13,50.7
2012-11-14,53.9
2012-11-15,37.1
2012-11-16,30.9
2012-11-17,33.7
2012-11-18,28.3
2012-11-19,54.2
2012-11-20,32.1
2012-11-21,60.2
2012-11-22,47.9
2012-11-23,51.6
2012-11-24,42.4
2012-11-25,42.4
2012-11-26,36.3
2012-11-27,40.6
2012-11-28,52.6
2012-11-29,51.3
2012-11-30,45.9
2012-12-01,61.4
2012-12-02,39.1
2012-12-03,52.1
2012-12-04,32.3
2012-12-05,50.2
2012-12-06,40.6
2012-12-07,48.6
2012-12-08,55.1
2012-12-09,39.4
2012-12-10,50.4
2012-12-11,49
2012-12-12,58
2012-12-13,33.2
2012-12-14,47.3
2012-12-15,48.5
2012-12-16,45.4
2012-12-17,54
2012-12-18,39.3
2012-12-19,40.7
2012-12-20,46.1
2012-12-21,56.8
2012-12-22,45
2012-12-23,49
2012-12-24,47.5
2012-12-25,61.8
2012-12-26,65.2
2012-12-27,53.1
2012-12-28,32.5
2012-12-29,49
2012-12-30,48.3
2012-12-31,55.9
2013-01-01,62.2
2013-01-02,46.6
2013-01-03,55
2013-01-04,41.8
2013-01-05,51.8
2013-01-06,52.5
2013-01-07,40.9
2013-01-08,55.6
2013-01-09,55.3
2013-01-10,NA
2013-01-11,105
2013-01-12,53.1
2013-01-13,86.8
2013-01-14,36.1
2013-01-15,60.7
2013-01-16,46.4
2013-01-17,52.8
2013-01-18,54.9
2013-01-19,NA
2013-01-20,49.3
2013-01-21,52
2013-01-22,55
2013-01-23,41.6
2013-01-24,53.4
2013-01-25,57.7
2013-01-26,69.2
2013-01-27,54.9
2013-01-28,145.1
2013-01-29,52.8
2013-01-30,48.9
2013-01-31,40.7
2013-02-01,62.4
2013-02-02,64.8
2013-02-03,45.1
2013-02-04,52.4
2013-02-05,42.5
2013-02-06,67.3
2013-02-07,54.5
2013-02-08,45.5
2013-02-09,59.9
2013-02-10,41.3
2013-02-11,47.4
2013-02-12,42.9
2013-02-13,57.6
2013-02-14,51.8
2013-02-15,50.1
2013-02-16,56
2013-02-17,27.5
2013-02-18,46
2013-02-19,53.8
2013-02-20,50.1
2013-02-21,47.4
2013-02-22,61.1
2013-02-23,41.9
2013-02-24,43.6
2013-02-25,61.3
2013-02-26,43.8
2013-02-27,50.7
2013-02-28,39.7
2013-03-01,48.3
2013-03-02,51.5
2013-03-03,48.2
2013-03-04,49.7
2013-03-05,28.8
2013-03-06,51.7
2013-03-07,49.9
2013-03-08,37.8
2013-03-09,39.6
2013-03-10,41.4
2013-03-11,50.1
2013-03-12,39.7
2013-03-13,38.3
2013-03-14,56.6
2013-03-15,42.7
2013-03-16,44.5
2013-03-17,42.6
2013-03-18,51.2
2013-03-19,48
2013-03-20,46.5
2013-03-21,60.9
2013-03-22,39
2013-03-23,31.8
2013-03-24,38.7
2013-03-25,39
2013-03-26,39.6
2013-03-27,22.4
2013-03-28,47.5
2013-03-29,32.6
2013-03-30,36.2
2013-03-31,28.8
2013-04-01,26.4
2013-04-02,48.3
2013-04-03,42.4
2013-04-04,41.6
2013-04-05,48.2
2013-04-06,38.4
2013-04-07,44.8
2013-04-08,23.5
2013-04-09,34.9
2013-04-10,NA
2013-04-11,44.1
2013-04-12,41.1
2013-04-13,32.7
2013-04-14,46.1
2013-04-15,38.1
2013-04-16,31.9
2013-04-17,27.2
2013-04-18,34.5
2013-04-19,33.3
2013-04-20,43.4
2013-04-21,36
2013-04-22,27.2
2013-04-23,40.2
2013-04-24,17.6
2013-04-25,27.9
2013-04-26,38.2
2013-04-27,24.7
2013-04-28,27.9
2013-04-29,39.9
2013-04-30,37.2
2013-05-01,28.9
2013-05-02,41.6
2013-05-03,37
2013-05-04,19.8
2013-05-05,30.7
2013-05-06,28.2
2013-05-07,29.5
2013-05-08,40.5
2013-05-09,20
2013-05-10,36.7
2013-05-11,18.3
2013-05-12,36.8
2013-05-13,27.9
2013-05-14,27.2
2013-05-15,31.9
2013-05-16,24.5
2013-05-17,29
2013-05-18,NA
2013-05-19,13
2013-05-20,25.7
2013-05-21,33.6
2013-05-22,19.8
2013-05-23,30.9
2013-05-24,32.4
2013-05-25,NA
2013-05-26,26.6
2013-05-27,31.7
2013-05-28,16.8
2013-05-29,14.9
2013-05-30,26.2
2013-05-31,25.4
2013-06-01,17.1
2013-06-02,38.6
2013-06-03,18.9
2013-06-04,31.7
2013-06-05,30
2013-06-06,26.5
2013-06-07,31.9
2013-06-08,12.1
2013-06-09,26.8
2013-06-10,17.8
2013-06-11,32.1
2013-06-12,25.1
2013-06-13,18.6
2013-06-14,25.9
2013-06-15,22.3
2013-06-16,35.2
2013-06-17,NA
2013-06-18,15.3
2013-06-19,23.8
2013-06-20,41.4
2013-06-21,24.8
2013-06-22,19.4
2013-06-23,4.6
2013-06-24,19.9
2013-06-25,27.4
2013-06-26,19.2
2013-06-27,17.3
2013-06-28,29
2013-06-29,33.3
2013-06-30,17.9
2013-07-01,21.6
2013-07-02,14.5
2013-07-03,18
2013-07-04,26.3
2013-07-05,29.1
2013-07-06,7.1
2013-07-07,19.9
2013-07-08,26.8
2013-07-09,26.7
2013-07-10,18.3
2013-07-11,26.9
2013-07-12,17.7
2013-07-13,24.3
2013-07-14,22.5
2013-07-15,22.9
2013-07-16,23.3
2013-07-17,16
2013-07-18,25.8
2013-07-19,NA
2013-07-20,2
2013-07-21,21.3
2013-07-22,10.1
2013-07-23,13.8
2013-07-24,105
2013-07-25,18.8
2013-07-26,16.9
2013-07-27,21.5
2013-07-28,15.8
2013-07-29,27.5
2013-07-30,17.5
2013-07-31,22.5
2013-08-01,23.8
2013-08-02,28.8
2013-08-03,11.5
2013-08-04,14.8
2013-08-05,12.7
2013-08-06,13.3
2013-08-07,18.1
2013-08-08,13
2013-08-09,19.3
2013-08-10,24.4
2013-08-11,26.1
2013-08-12,28.9
2013-08-13,24.5
2013-08-14,31.2
2013-08-15,15.5
2013-08-16,20.8
2013-08-17,26
2013-08-18,23.5
2013-08-19,18.7
2013-08-20,25.2
2013-08-21,31.4
2013-08-22,23.3
2013-08-23,28.3
2013-08-24,31.7
2013-08-25,23.1
2013-08-26,22.5
2013-08-27,41
2013-08-28,24.1
2013-08-29,38.9
2013-08-30,20.4
2013-08-31,29
2013-09-01,35.7
2013-09-02,17.4
2013-09-03,23.1
2013-09-04,20
2013-09-05,31.6
2013-09-06,21.9
2013-09-07,33
2013-09-08,30
2013-09-09,25.4
2013-09-10,NA
2013-09-11,15.4
2013-09-12,28.8
2013-09-13,29.2
2013-09-14,23.4
2013-09-15,18.8
2013-09-16,30.6
2013-09-17,35
2013-09-18,28.5
2013-09-19,41.5
2013-09-20,33.5
2013-09-21,19.7
2013-09-22,39.4
2013-09-23,16.6
2013-09-24,17.9
2013-09-25,19.8
2013-09-26,30.4
2013-09-27,32.8
2013-09-28,28.7
2013-09-29,30.1
2013-09-30,27.5
2013-10-01,43.8
2013-10-02,34.4
2013-10-03,29.6
2013-10-04,25.1
2013-10-05,18.1
2013-10-06,34.2
2013-10-07,39.8
2013-10-08,28.4
2013-10-09,25.4
2013-10-10,58.8
2013-10-11,26.1
2013-10-12,35.6
2013-10-13,40
2013-10-14,48.6
2013-10-15,35.9
2013-10-16,38.9
2013-10-17,43.6
2013-10-18,25.6
2013-10-19,49.4
2013-10-20,21.2
2013-10-21,36.5
2013-10-22,37.6
2013-10-23,43.1
2013-10-24,42.8
2013-10-25,37.4
2013-10-26,49.2
2013-10-27,35.3
2013-10-28,31.8
2013-10-29,22.7
2013-10-30,36
2013-10-31,35.8
2013-11-01,41.8
2013-11-02,46.7
2013-11-03,38.7
2013-11-04,38.1
2013-11-05,36.1
2013-11-06,38.5
2013-11-07,56.7
2013-11-08,31.7
2013-11-09,35.8
2013-11-10,46.4
2013-11-11,51
2013-11-12,38.8
2013-11-13,27.6
2013-11-14,36.9
2013-11-15,53.3
2013-11-16,39.5
2013-11-17,46
2013-11-18,84
2013-11-19,37
2013-11-20,43.8
2013-11-21,52.5
2013-11-22,28.6
2013-11-23,42.2
2013-11-24,115.7
2013-11-25,49.8
2013-11-26,62.1
2013-11-27,42.4
2013-11-28,61.3
2013-11-29,49.8
2013-11-30,46
2013-12-01,43
2013-12-02,39.9
2013-12-03,38.3
2013-12-04,58.9
2013-12-05,47.7
2013-12-06,55
2013-12-07,45.2
2013-12-08,55
2013-12-09,53.4
2013-12-10,42.2
2013-12-11,49.4
2013-12-12,29.2
2013-12-13,36.4
2013-12-14,49.1
2013-12-15,105.2
2013-12-16,50.8
2013-12-17,42.6
2013-12-18,61
2013-12-19,52.6
2013-12-20,37.2
2013-12-21,61.4
2013-12-22,53.7
2013-12-23,42.2
2013-12-24,47
2013-12-25,44.8
2013-12-26,43.6
2013-12-27,48
2013-12-28,56.8
2013-12-29,51.9
2013-12-30,45.7
2013-12-31,54
2014-01-01,52.9
2014-01-02,66
2014-01-03,57.1
2014-01-04,46.7
2014-01-05,55
2014-01-06,46.9
2014-01-07,55.3
2014-01-08,61.8
2014-01-09,58
2014-01-10,65.3
2014-01-11,212.6
2014-01-12,65.9
2014-01-13,49.3
2014-01-14,42.1
2014-01-15,51.9
2014-01-16,45.2
2014-01-17,49.7
2014-01-18,58.4
2014-01-19,57.5
2014-01-20,49.3
2014-01-21,53.2
2014-01-22,46
2014-01-23,49.1
2014-01-24,52.4
2014-01-25,57.5
2014-01-26,42.5
2014-01-27,52.1
2014-01-28,NA
2014-01-29,47.5
2014-01-30,36.8
2014-01-31,57.8
2014-02-01,57.3
2014-02-02,59.9
2014-02-03,51
2014-02-04,56.5
2014-02-05,43.5
2014-02-06,61.3
2014-02-07,45.4
2014-02-08,47.4
2014-02-09,43.4
2014-02-10,43.1
2014-02-11,52.7
2014-02-12,62.7
2014-02-13,52.4
2014-02-14,56.6
2014-02-15,48.5
2014-02-16,42.5
2014-02-17,56.6
2014-02-18,40.7
2014-02-19,54.1
2014-02-20,39.9
2014-02-21,40.7
2014-02-22,49
2014-02-23,52.3
2014-02-24,64.2
2014-02-25,53.8
2014-02-26,52.5
2014-02-27,45.4
2014-02-28,47.8
2014-03-01,54.9
2014-03-02,29.8
2014-03-03,49.5
2014-03-04,NA
2014-03-05,36
2014-03-06,39.2
2014-03-07,32.6
2014-03-08,39.5
2014-03-09,40.4
2014-03-10,41.2
2014-03-11,45.1
2014-03-12,34.8
2014-03-13,43.2
2014-03-14,39
2014-03-15,48.4
2014-03-16,45.3
2014-03-17,59.7
2014-03-18,63.3
2014-03-19,118.2
2014-03-20,52.8
2014-03-21,26.9
2014-03-22,41.6
2014-03-23,36.7
2014-03-24,38.9
2014-03-25,32
2014-03-26,46
2014-03-27,23.9
2014-03-28,44.3
2014-03-29,32.6
2014-03-30,27.4
2014-03-31,28.4
2014-04-01,32.5
2014-04-02,57.1
2014-04-03,41.9
2014-04-04,35.2
2014-04-05,37.1
2014-04-06,42
2014-04-07,41.6
2014-04-08,41.9
2014-04-09,31.3
2014-04-10,43
2014-04-11,31.5
2014-04-12,24.4
2014-04-13,40.9
2014-04-14,26.7
2014-04-15,35.7
2014-04-16,52.1
2014-04-17,36.1
2014-04-18,NA
2014-04-19,38.1
2014-04-20,27.8
2014-04-21,29.4
2014-04-22,NA
2014-04-23,33.2
2014-04-24,21.9
2014-04-25,19.7
2014-04-26,35.6
2014-04-27,47
2014-04-28,33.5
2014-04-29,34.1
2014-04-30,25
2014-05-01,38.8
2014-05-02,34.1
2014-05-03,32.4
2014-05-04,37.6
2014-05-05,123.3
2014-05-06,23.1
2014-05-07,29.3
2014-05-08,35.6
2014-05-09,16.5
2014-05-10,29.8
2014-05-11,38.3
2014-05-12,19.1
2014-05-13,34.1
2014-05-14,17.4
2014-05-15,32.1
2014-05-16,32.4
2014-05-17,29.7
2014-05-18,26.6
2014-05-19,18.6
2014-05-20,24.2
2014-05-21,38.1
2014-05-22,25.2
2014-05-23,25.1
2014-05-24,18.5
2014-05-25,31.1
2014-05-26,33
2014-05-27,30.2
2014-05-28,29.4
2014-05-29,8.6
2014-05-30,42.5
2014-05-31,28.3
2014-06-01,25.8
2014-06-02,15.1
2014-06-03,NA
2014-06-04,18.6
2014-06-05,90
2014-06-06,23.7
2014-06-07,24
2014-06-08,34.9
2014-06-09,20.1
2014-06-10,12.2
2014-06-11,15.7
2014-06-12,13
2014-06-13,23.7
2014-06-14,21.5
2014-06-15,22.6
2014-06-16,25.8
2014-06-17,24.7
2014-06-18,21
2014-06-19,21.9
2014-06-20,25.9
2014-06-21,11.7
2014-06-22,10.2
2014-06-23,23.8
2014-06-24,18.8
2014-06-25,21.4
2014-06-26,32.4
2014-06-27,22.7
2014-06-28,11.2
2014-06-29,23.6
2014-06-30,3
2014-07-01,28.2
2014-07-02,30.8
2014-07-03,19.4
2014-07-04,24.9
2014-07-05,23.4
2014-07-06,18.2
2014-07-07,24.1
2014-07-08,17.4
2014-07-09,17.7
2014-07-10,17.8
2014-07-11,17.6
2014-07-12,20.5
2014-07-13,12.1
2014-07-14,19.4
2014-07-15,9.5
2014-07-16,26.9
2014-07-17,26.7
2014-07-18,18.3
2014-07-19,31.7
2014-07-20,8.8
2014-07-21,21.4
2014-07-22,18
2014-07-23,27.6
2014-07-24,41
2014-07-25,29.9
2014-07-26,23.7
2014-07-27,21.8
2014-07-28,23.5
2014-07-29,30.4
2014-07-30,23.9
2014-07-31,15.8
2014-08-01,31.1
2014-08-02,40.2
2014-08-03,39.8
2014-08-04,26
2014-08-05,17.4
2014-08-06,26.9
2014-08-07,19.7
2014-08-08,28.5
2014-08-09,24.3
2014-08-10,30.9
2014-08-11,16.3
2014-08-12,32.7
2014-08-13,16.7
2014-08-14,19.3
2014-08-15,35.9
2014-08-16,29
2014-08-17,21.2
2014-08-18,19.6
2014-08-19,9.8
2014-08-20,15.6
2014-08-21,2
2014-08-22,21.2
2014-08-23,32.3
2014-08-24,21.5
2014-08-25,25.8
2014-08-26,17.3
2014-08-27,37.2
2014-08-28,20.4
2014-08-29,19.3
2014-08-30,18.6
2014-08-31,23.3
2014-09-01,16.7
2014-09-02,25.9
2014-09-03,23.5
2014-09-04,39.3
2014-09-05,18.1
2014-09-06,23
2014-09-07,25.2
2014-09-08,18.5
2014-09-09,7.6
2014-09-10,18.7
2014-09-11,37.8
2014-09-12,15.6
2014-09-13,28
2014-09-14,29.1
2014-09-15,33.2
2014-09-16,40.5
2014-09-17,24.9
2014-09-18,34.9
2014-09-19,47.5
2014-09-20,46.4
2014-09-21,31.2
2014-09-22,39.1
2014-09-23,26.5
2014-09-24,NA
2014-09-25,28
2014-09-26,22.7
2014-09-27,24.3
2014-09-28,33.6
2014-09-29,39.8
2014-09-30,44.4
2014-10-01,33.2
2014-10-02,32.5
2014-10-03,31.5
2014-10-04,22.2
2014-10-05,37.1
2014-10-06,31.2
2014-10-07,33.6
2014-10-08,29.7
2014-10-09,37.1
2014-10-10,33
2014-10-11,43.1
2014-10-12,34
2014-10-13,34.1
2014-10-14,32.9
2014-10-15,28.9
2014-10-16,44.8
2014-10-17,32.9
2014-10-18,23.1
2014-10-19,50
2014-10-20,32
2014-10-21,32.2
2014-10-22,35.6
2014-10-23,38.7
2014-10-24,45.6
2014-10-25,29.6
2014-10-26,38
2014-10-27,42.8
2014-10-28,42.4
2014-10-29,45.7
2014-10-30,28.4
2014-10-31,41.4
2014-11-01,43.5
2014-11-02,38.3
2014-11-03,43
2014-11-04,56.9
2014-11-05,32.8
2014-11-06,45.9
2014-11-07,43.8
2014-11-08,43.1
2014-11-09,57.2
2014-11-10,33.6
2014-11-11,56.1
2014-11-12,43.5
2014-11-13,78.9
2014-11-14,47.8
2014-11-15,47.4
2014-11-16,33.7
2014-11-17,56.3
2014-11-18,47.3
2014-11-19,144.3
2014-11-20,31
2014-11-21,54.9
2014-11-22,35.4
2014-11-23,44.1
2014-11-24,39.7
2014-11-25,46
2014-11-26,35.1
2014-11-27,50.2
2014-11-28,50.8
2014-11-29,34.1
2014-11-30,48.6
2014-12-01,40.7
2014-12-02,45.1
2014-12-03,59.5
2014-12-04,38.7
2014-12-05,54.7
2014-12-06,52.9
2014-12-07,48
2014-12-08,31.1
2014-12-09,52.3
2014-12-10,34.2
2014-12-11,44.2
2014-12-12,47.9
2014-12-13,38.2
2014-12-14,49.9
2014-12-15,52.6
2014-12-16,52.7
2014-12-17,43.3
2014-12-18,48
2014-12-19,57.2
2014-12-20,58.5
2014-12-21,38
2014-12-22,57.7
2014-12-23,50.7
2014-12-24,60.6
2014-12-25,57.8
2014-12-26,86.1
2014-12-27,50.4
2014-12-28,58.2
2014-12-29,61.9
2014-12-30,46.9
2014-12-31,60
2015-01-01,38.5
2015-01-02,62.6
2015-01-03,43.1
2015-01-04,39.8
2015-01-05,135.4
2015-01-06,70.3
2015-01-07,53.6
2015-01-08,44.6
2015-01-09,35.8
2015-01-10,44.2
2015-01-11,38
2015-01-12,49.6
2015-01-13,33.4
2015-01-14,42.1
2015-01-15,53
2015-01-16,63.7
2015-01-17,45.8
2015-01-18,51.9
2015-01-19,43.1
2015-01-20,54.6
2015-01-21,44.1
2015-01-22,51.4
2015-01-23,63.6
2015-01-24,50.6
2015-01-25,59.9
2015-01-26,41.4
2015-01-27,51.7
2015-01-28,55.7
2015-01-29,45.4
2015-01-30,53
2015-01-31,58
2015-02-01,36.7
2015-02-02,48.8
2015-02-03,60.5
2015-02-04,53.3
2015-02-05,41.9
2015-02-06,56.2
2015-02-07,43.7
2015-02-08,47.1
2015-02-09,50.2
2015-02-10,33.4
2015-02-11,40.4
2015-02-12,93.4
2015-02-13,48.4
2015-02-14,48.2
2015-02-15,69.4
2015-02-16,36.8
2015-02-17,49.2
2015-02-18,58.6
2015-02-19,50.4
2015-02-20,59.4
2015-02-21,44.2
2015-02-22,42.6
2015-02-23,42.9
2015-02-24,41
2015-02-25,40.8
2015-02-26,NA
2015-02-27,42.5
2015-02-28,48
2015-03-01,58.6
2015-03-02,46.7
2015-03-03,60.3
2015-03-04,42.4
2015-03-05,46.7
2015-03-06,33.4
2015-03-07,49.9
2015-03-08,49.8
2015-03-09,40.3
2015-03-10,NA
2015-03-11,47.4
2015-03-12,47.7
2015-03-13,49.8
2015-03-14,50
2015-03-15,35.7
2015-03-16,46.6
2015-03-17,25.6
2015-03-18,40.8
2015-03-19,38.3
2015-03-20,111.2
2015-03-21,43.5
2015-03-22,54
2015-03-23,41.5
2015-03-24,35.8
2015-03-25,45.4
2015-03-26,41.8
2015-03-27,30.4
2015-03-28,37.9
2015-03-29,29.8
2015-03-30,33.3
2015-03-31,33.2
2015-04-01,37.8
2015-04-02,40.9
2015-04-03,41.9
2015-04-04,41.8
2015-04-05,44.1
2015-04-06,NA
2015-04-07,34.4
2015-04-08,36.4
2015-04-09,38.3
2015-04-10,21.6
2015-04-11,36.5
2015-04-12,39.1
2015-04-13,43.7
2015-04-14,37.9
2015-04-15,29.7
2015-04-16,37.9
2015-04-17,32.6
2015-04-18,34.2
2015-04-19,26.5
2015-04-20,NA
2015-04-21,44.9
2015-04-22,25.7
2015-04-23,23.5
2015-04-24,33.1
2015-04-25,43.9
2015-04-26,38.9
2015-04-27,26.7
2015-04-28,15.8
2015-04-29,37.7
2015-04-30,23.9
2015-05-01,38.3
2015-05-02,30.3
2015-05-03,19.8
2015-05-04,32.1
2015-05-05,28.5
2015-05-06,30.5
2015-05-07,40.6
2015-05-08,30.6
2015-05-09,28.3
2015-05-10,38.8
2015-05-11,23.9
2015-05-12,26.6
2015-05-13,45.9
2015-05-14,23.1
2015-05-15,15.3
2015-05-16,38
2015-05-17,38.6
2015-05-18,22.3
2015-05-19,8.8
2015-05-20,29.3
2015-05-21,8.8
2015-05-22,25.7
2015-05-23,33
2015-05-24,32.8
2015-05-25,18.7
2015-05-26,29.7
2015-05-27,17.8
2015-05-28,16.7
2015-05-29,24.7
2015-05-30,20.2
2015-05-31,31.3
2015-06-01,43.5
2015-06-02,39
2015-06-03,28
2015-06-04,13.1
2015-06-05,55.6
2015-06-06,24.4
2015-06-07,25
2015-06-08,28.1
2015-06-09,12.4
2015-06-10,27.6
2015-06-11,22.8
2015-06-12,16.1
2015-06-13,19.9
2015-06-14,19
2015-06-15,12.4
2015-06-16,27
2015-06-17,18.9
2015-06-18,23.7
2015-06-19,11.6
2015-06-20,29.5
2015-06-21,22.4
2015-06-22,29.9
2015-06-23,21.1
2015-06-24,24.6
2015-06-25,35
2015-06-26,28.6
2015-06-27,23.7
2015-06-28,12.2
2015-06-29,NA
2015-06-30,12.6
2015-07-01,38
2015-07-02,21
2015-07-03,29.6
2015-07-04,13.9
2015-07-05,26.8
2015-07-06,24.8
2015-07-07,23.2
2015-07-08,24.7
2015-07-09,33.2
2015-07-10,18.9
2015-07-11,20.8
2015-07-12,16
2015-07-13,35.5
2015-07-14,12
2015-07-15,20.9
2015-07-16,23.4
2015-07-17,17.2
2015-07-18,8.9
2015-07-19,9.9
2015-07-20,19.6
2015-07-21,20.8
2015-07-22,28.2
2015-07-23,22.9
2015-07-24,40.1
2015-07-25,2
2015-07-26,20.6
2015-07-27,27.9
2015-07-28,17.7
2015-07-29,20
2015-07-30,25
2015-07-31,20.6
2015-08-01,19.8
2015-08-02,23.3
2015-08-03,NA
2015-08-04,19.3
2015-08-05,24.7
2015-08-06,17.9
2015-08-07,24.6
2015-08-08,32.7
2015-08-09,NA
2015-08-10,6.4
2015-08-11,12.3
2015-08-12,11.2
2015-08-13,20.3
2015-08-14,10.5
2015-08-15,20.9
2015-08-16,15.2
2015-08-17,19.7
2015-08-18,27.8
2015-08-19,26.7
2015-08-20,27.3
2015-08-21,NA
2015-08-22,12.1
2015-08-23,15.5
2015-08-24,25
2015-08-25,37
2015-08-26,23.7
2015-08-27,30.8
2015-08-28,5
2015-08-29,9.7
2015-08-30,15.9
2015-08-31,36.8
2015-09-01,16.3
2015-09-02,NA
2015-09-03,23.2
2015-09-04,27.8
2015-09-05,19.2
2015-09-06,43.5
2015-09-07,34.6
2015-09-08,24.8
2015-09-09,25.3
2015-09-10,23.8
2015-09-11,14.7
2015-09-12,17.4
2015-09-13,23.4
2015-09-14,31.1
2015-09-15,29.1
2015-09-16,30.9
2015-09-17,37.7
2015-09-18,30.8
2015-09-19,22.9
2015-09-20,44.6
2015-09-21,39.5
2015-09-22,23.5
2015-09-23,19.2
2015-09-24,20.8
2015-09-25,21.4
2015-09-26,36.1
2015-09-27,29.6
2015-09-28,12.2
2015-09-29,35
2015-09-30,33.8
2015-10-01,48.2
2015-10-02,28
2015-10-03,38.7
2015-10-04,43.4
2015-10-05,33.2
2015-10-06,39.7
2015-10-07,33.1
2015-10-08,31.1
2015-10-09,36.2
2015-10-10,20.3
2015-10-11,43.1
2015-10-12,30.8
2015-10-13,31.1
2015-10-14,34.8
2015-10-15,30.4
2015-10-16,29.2
2015-10-17,44.3
2015-10-18,NA
2015-10-19,39.2
2015-10-20,36.6
2015-10-21,32.7
2015-10-22,41.3
2015-10-23,28.3
2015-10-24,44.1
2015-10-25,NA
2015-10-26,34.7
2015-10-27,35.8
2015-10-28,33.3
2015-10-29,42.1
2015-10-30,47
2015-10-31,31.6
2015-11-01,29.4
2015-11-02,45.5
2015-11-03,37.1
2015-11-04,55.3
2015-11-05,43.1
2015-11-06,28.1
2015-11-07,38.4
2015-11-08,50.7
2015-11-09,40.9
2015-11-10,44.4
2015-11-11,45.9
2015-11-12,49
2015-11-13,NA
2015-11-14,NA
2015-11-15,42.3
2015-11-16,50.1
2015-11-17,38.4
2015-11-18,49.3
2015-11-19,35
2015-11-20,33.1
2015-11-21,51.4
2015-11-22,52.7
2015-11-23,56.4
2015-11-24,NA
2015-11-25,53
2015-11-26,51.3
2015-11-27,65.2
2015-11-28,43.3
2015-11-29,46.2
2015-11-30,34.3
2015-12-01,26.5
2015-12-02,47.3
2015-12-03,35.7
2015-12-04,48.3
2015-12-05,43.9
2015-12-06,54.6
2015-12-07,45.4
2015-12-08,59.4
2015-12-09,56
2015-12-10,50.8
2015-12-11,46.6
2015-12-12,53.5
2015-12-13,50.5
2015-12-14,48.1
2015-12-15,41.8
2015-12-16,45.8
2015-12-17,53.2
2015-12-18,45.5
2015-12-19,53.7
2015-12-20,44
2015-12-21,50
2015-12-22,113.8
2015-12-23,50.5
2015-12-24,61.5
2015-12-25,39.2
2015-12-26,47.1
2015-12-27,61.8
2015-12-28,62.7
2015-12-29,51.1
2015-12-30,53
2015-12-31,54.1
2016-01-01,60.4
2016-01-02,52.6
2016-01-03,54
2016-01-04,40.9
2016-01-05,49.8
2016-01-06,55.2
2016-01-07,54.4
2016-01-08,54.8
2016-01-09,55.9
2016-01-10,39.8
2016-01-11,45.8
2016-01-12,65.6
2016-01-13,42.4
2016-01-14,51.3
2016-01-15,46.4
2016-01-16,45.8
2016-01-17,49
2016-01-18,55.7
2016-01-19,44.3
2016-01-20,56.4
2016-01-21,41.7
2016-01-22,60.9
2016-01-23,37
2016-01-24,36.7
2016-01-25,46.1
2016-01-26,41.5
2016-01-27,56.8
2016-01-28,56.2
2016-01-29,57.9
2016-01-30,49.9
2016-01-31,49.5
2016-02-01,64.9
2016-02-02,56.4
2016-02-03,38.9
2016-02-04,53.3
2016-02-05,40.9
2016-02-06,45.5
2016-02-07,51.9
2016-02-08,55
2016-02-09,65.5
2016-02-10,40.1
2016-02-11,40.4
2016-02-12,47.7
2016-02-13,50.9
2016-02-14,44.5
2016-02-15,34.1
2016-02-16,55.3
2016-02-17,42.8
2016-02-18,54.8
2016-02-19,50.7
2016-02-20,32.3
2016-02-21,44.1
2016-02-22,44.6
2016-02-23,40.9
2016-02-24,41.5
2016-02-25,44.3
2016-02-26,52.6
2016-02-27,47.4
2016-02-28,43.1
2016-02-29,41
2016-03-01,51.4
2016-03-02,45.4
2016-03-03,53.4
2016-03-04,79.3
2016-03-05,47.9
2016-03-06,52.8
2016-03-07,45.3
2016-03-08,43.6
2016-03-09,NA
2016-03-10,38
2016-03-11,40
2016-03-12,43.7
2016-03-13,54.6
2016-03-14,37.7
2016-03-15,49.7
2016-03-16,36.8
2016-03-17,46.3
2016-03-18,54.7
2016-03-19,33.4
2016-03-20,49.9
2016-03-21,30.5
2016-03-22,41.6
2016-03-23,56.1
2016-03-24,60.4
2016-03-25,58.5
2016-03-26,NA
2016-03-27,47.4
2016-03-28,30.5
2016-03-29,45.8
2016-03-30,24
2016-03-31,41.4
2016-04-01,37.3
2016-04-02,46.3
2016-04-03,27.1
2016-04-04,28.4
2016-04-05,35
2016-04-06,29.4
2016-04-07,36.2
2016-04-08,41.1
2016-04-09,27.5
2016-04-10,27.7
2016-04-11,35.8
2016-04-12,42.1
2016-04-13,42.8
2016-04-14,35.4
2016-04-15,26.5
2016-04-16,34
2016-04-17,44.7
2016-04-18,30.3
2016-04-19,52.5
2016-04-20,28.5
2016-04-21,37.6
2016-04-22,45.1
2016-04-23,35.8
2016-04-24,35.7
2016-04-25,123.2
2016-04-26,27.2
2016-04-27,26.8
2016-04-28,14.6
2016-04-29,27.3
2016-04-30,33.2
2016-05-01,42.3
2016-05-02,32.7
2016-05-03,23.2
2016-05-04,26.2
2016-05-05,20.5
2016-05-06,32.5
2016-05-07,31.8
2016-05-08,20.2
2016-05-09,40.8
2016-05-10,26.9
2016-05-11,25.4
2016-05-12,27.1
2016-05-13,31.5
2016-05-14,25.6
2016-05-15,33.5
2016-05-16,36.5
2016-05-17,29.1
2016-05-18,14.9
2016-05-19,20.9
2016-05-20,24.6
2016-05-21,23.4
2016-05-22,20.1
2016-05-23,24.4
2016-05-24,14.2
2016-05-25,20.9
2016-05-26,26
2016-05-27,23.7
2016-05-28,37.2
2016-05-29,20.5
2016-05-30,31.4
2016-05-31,24.5
2016-06-01,18.6
2016-06-02,22.5
2016-06-03,61.1
2016-06-04,27.3
2016-06-05,30.6
2016-06-06,4.9
2016-06-07,25.2
2016-06-08,13.8
2016-06-09,13.8
2016-06-10,39.1
2016-06-11,27
2016-06-12,37
2016-06-13,26.6
2016-06-14,18.1
2016-06-15,20.9
2016-06-16,26.4
2016-06-17,33
2016-06-18,9.8
2016-06-19,12.6
2016-06-20,27.6
2016-06-21,19.3
2016-06-22,19
2016-06-23,28.9
2016-06-24,18.4
2016-06-25,12.6
2016-06-26,21.1
2016-06-27,24.1
2016-06-28,24.7
2016-06-29,21.3
2016-06-30,16.6
2016-07-01,34.7
2016-07-02,18.7
2016-07-03,20.3
2016-07-04,29.8
2016-07-05,27.4
2016-07-06,18.2
2016-07-07,27.1
2016-07-08,24.6
2016-07-09,17.6
2016-07-10,7.5
2016-07-11,39.2
2016-07-12,24.2
2016-07-13,23
2016-07-14,13.2
2016-07-15,21.1
2016-07-16,19.7
2016-07-17,17.4
2016-07-18,5.2
2016-07-19,20.8
2016-07-20,17.5
2016-07-21,17.5
2016-07-22,26
2016-07-23,14.8
2016-07-24,16.8
2016-07-25,10.7
2016-07-26,17.3
2016-07-27,27.3
2016-07-28,15.2
2016-07-29,25.4
2016-07-30,72.2
2016-07-31,14.1
2016-08-01,15.4
2016-08-02,13.2
2016-08-03,28.6
2016-08-04,20.5
2016-08-05,26.1
2016-08-06,31.4
2016-08-07,NA
2016-08-08,28
2016-08-09,27.3
2016-08-10,29.2
2016-08-11,24.4
2016-08-12,21.2
2016-08-13,27
2016-08-14,6.8
2016-08-15,20.8
2016-08-16,23.5
2016-08-17,60.1
2016-08-18,40.7
2016-08-19,24.1
2016-08-20,25
2016-08-21,12.9
2016-08-22,25.5
2016-08-23,22.1
2016-08-24,15.5
2016-08-25,12.9
2016-08-26,37.7
2016-08-27,27.1
2016-08-28,26.3
2016-08-29,19.3
2016-08-30,7.8
2016-08-31,16.3
2016-09-01,31.5
2016-09-02,37.3
2016-09-03,34.4
2016-09-04,18.8
2016-09-05,24
2016-09-06,15.4
2016-09-07,31.2
2016-09-08,29.1
2016-09-09,15.4
2016-09-10,32.5
2016-09-11,20.8
2016-09-12,15.7
2016-09-13,37.8
2016-09-14,22
2016-09-15,33.7
2016-09-16,30.2
2016-09-17,36.9
2016-09-18,25.6
2016-09-19,24.5
2016-09-20,22.6
2016-09-21,25.6
2016-09-22,33.2
2016-09-23,32.1
2016-09-24,44
2016-09-25,12.6
2016-09-26,16.4
2016-09-27,19.6
2016-09-28,28.2
2016-09-29,33.2
2016-09-30,40.1
2016-10-01,25.9
2016-10-02,30.5
2016-10-03,32.8
2016-10-04,36.4
2016-10-05,20.4
2016-10-06,38.3
2016-10-07,26.3
2016-10-08,50.4
2016-10-09,30.1
2016-10-10,39.4
2016-10-11,27.9
2016-10-12,41.6
2016-10-13,33.3
2016-10-14,28.7
2016-10-15,46
2016-10-16,48.4
2016-10-17,38.7
2016-10-18,35.6
2016-10-19,45.8
2016-10-20,25.6
2016-10-21,38.7
2016-10-22,58.1
2016-10-23,36.7
2016-10-24,37.2
2016-10-25,30.8
2016-10-26,31.3
2016-10-27,38.6
2016-10-28,49.6
2016-10-29,33.1
2016-10-30,34.3
2016-10-31,44.2
2016-11-01,29.2
2016-11-02,47.5
2016-11-03,46.9
2016-11-04,32.8
2016-11-05,45.2
2016-11-06,24.5
2016-11-07,39
2016-11-08,37.8
2016-11-09,41.4
2016-11-10,54.4
2016-11-11,40.5
2016-11-12,62.5
2016-11-13,47.2
2016-11-14,40.3
2016-11-15,48
2016-11-16,21.9
2016-11-17,35.9
2016-11-18,51.2
2016-11-19,47.2
2016-11-20,30.7
2016-11-21,33.1
2016-11-22,53
2016-11-23,36.9
2016-11-24,40.1
2016-11-25,42.2
2016-11-26,40
2016-11-27,45.4
2016-11-28,47.7
2016-11-29,38.8
2016-11-30,31.6
2016-12-01,46.5
2016-12-02,50.8
2016-12-03,51.3
2016-12-04,59.9
2016-12-05,59.2
2016-12-06,43.1
2016-12-07,68.1
2016-12-08,35.5
2016-12-09,111
2016-12-10,52.7
2016-12-11,31.4
2016-12-12,39.7
2016-12-13,NA
2016-12-14,53.2
2016-12-15,NA
2016-12-16,30.6
2016-12-17,50.8
2016-12-18,49.8
2016-12-19,65.9
2016-12-20,56.3
2016-12-21,42.7
2016-12-22,NA
2016-12-23,39.1
2016-12-24,38.5
2016-12-25,55
2016-12-26,52.4
2016-12-27,56.7
2016-12-28,17.4
2016-12-29,54.6
2016-12-30,41.5
2016-12-31,56.2
2017-01-01,57.8
2017-01-02,49.9
2017-01-03,42.7
2017-01-04,50.7
2017-01-05,39.9
2017-01-06,46.8
2017-01-07,49.2
2017-01-08,37.7
2017-01-09,47.3
2017-01-10,53.3
2017-01-11,46.4
2017-01-12,52.3
2017-01-13,48.6
2017-01-14,59.7
2017-01-15,35.7
2017-01-16,56.3
2017-01-17,48.7
2017-01-18,37.2
2017-01-19,44.4
2017-01-20,51.3
2017-01-21,57.5
2017-01-22,49.3
2017-01-23,51.7
2017-01-24,50.3
2017-01-25,52.2
2017-01-26,57
2017-01-27,51.3
2017-01-28,NA
2017-01-29,55.4
2017-01-30,56.7
2017-01-31,56.7
2017-02-01,42.6
2017-02-02,58.5
2017-02-03,43.8
2017-02-04,44.2
2017-02-05,64.3
2017-02-06,49.1
2017-02-07,137.8
2017-02-08,50.1
2017-02-09,53.6
2017-02-10,44.5
2017-02-11,47.7
2017-02-12,57.7
2017-02-13,46.6
2017-02-14,45.3
2017-02-15,47.9
2017-02-16,28.6
2017-02-17,NA
2017-02-18,36.2
2017-02-19,40.9
2017-02-20,36.8
2017-02-21,73.1
2017-02-22,41
2017-02-23,31.7
2017-02-24,95.2
2017-02-25,35.6
2017-02-26,57
2017-02-27,45.7
2017-02-28,29.3
2017-03-01,49
2017-03-02,43.8
2017-03-03,34.8
2017-03-04,53.6
2017-03-05,51.5
2017-03-06,83
2017-03-07,47.3
2017-03-08,46.6
2017-03-09,51.4
2017-03-10,54.1
2017-03-11,57.2
2017-03-12,49.2
2017-03-13,36
2017-03-14,46.3
2017-03-15,32.4
2017-03-16,34.4
2017-03-17,39.1
2017-03-18,39.5
2017-03-19,42.8
2017-03-20,44.1
2017-03-21,39.5
2017-03-22,39.2
2017-03-23,57.3
2017-03-24,42.4
2017-03-25,37.4
2017-03-26,31.9
2017-03-27,106.3
2017-03-28,97
2017-03-29,40.8
2017-03-30,29.4
2017-03-31,47.7
2017-04-01,46.5
2017-04-02,34.5
2017-04-03,52.6
2017-04-04,52.6
2017-04-05,36.9
2017-04-06,34.7
2017-04-07,38.3
2017-04-08,22.1
2017-04-09,96.8
2017-04-10,38.5
2017-04-11,42.3
2017-04-12,33.4
2017-04-13,29.8
2017-04-14,32.5
2017-04-15,50.6
2017-04-16,33.6
2017-04-17,38.2
2017-04-18,38.5
2017-04-19,26.8
2017-04-20,44.7
2017-04-21,40
2017-04-22,28.6
2017-04-23,40
2017-04-24,41
2017-04-25,35.1
2017-04-26,34.3
2017-04-27,33.4
2017-04-28,23.4
2017-04-29,51.6
2017-04-30,34.3
2017-05-01,43
2017-05-02,25
2017-05-03,22.4
2017-05-04,35.3
2017-05-05,30.8
2017-05-06,42.1
2017-05-07,20.6
2017-05-08,29.1
2017-05-09,40.1
2017-05-10,19.1
2017-05-11,24.4
2017-05-12,19
2017-05-13,25.1
2017-05-14,42.9
2017-05-15,37.1
2017-05-16,24.9
2017-05-17,41.8
2017-05-18,32.8
2017-05-19,29
2017-05-20,24.9
2017-05-21,20
2017-05-22,34.7
2017-05-23,30.5
2017-05-24,33.2
2017-05-25,79.7
2017-05-26,24.5
2017-05-27,7
2017-05-28,22.7
2017-05-29,23.4
2017-05-30,14.5
2017-05-31,17.3
2017-06-01,31.7
2017-06-02,25.2
2017-06-03,18.5
2017-06-04,29
2017-06-05,15.9
2017-06-06,18.7
2017-06-07,22.7
2017-06-08,18.5
2017-06-09,16.1
2017-06-10,37.6
2017-06-11,18.7
2017-06-12,19.3
2017-06-13,25.7
2017-06-14,27
2017-06-15,17.9
2017-06-16,14.4
2017-06-17,22.4
2017-06-18,11.3
2017-06-19,8.9
2017-06-20,21.6
2017-06-21,29.3
2017-06-22,10.7
2017-06-23,21.3
2017-06-24,26.3
2017-06-25,33.9
2017-06-26,8
2017-06-27,28.6
2017-06-28,20.1
2017-06-29,22.3
2017-06-30,28.4
2017-07-01,2.9
2017-07-02,28.1
2017-07-03,2
2017-07-04,14.3
2017-07-05,30.9
2017-07-06,22.9
2017-07-07,8.8
2017-07-08,23.3
2017-07-09,32.4
2017-07-10,21.9
2017-07-11,21.4
2017-07-12,29.5
2017-07-13,18
2017-07-14,22.2
2017-07-15,22
2017-07-16,17.7
2017-07-17,17.9
2017-07-18,31.7
2017-07-19,12.7
2017-07-20,16.2
2017-07-21,28.3
2017-07-22,25.1
2017-07-23,20.3
2017-07-24,28
2017-07-25,21.7
2017-07-26,25.8
2017-07-27,14.1
2017-07-28,25.8
2017-07-29,18.3
2017-07-30,25.7
2017-07-31,16.4
2017-08-01,26.1
2017-08-02,26.6
2017-08-03,5.4
2017-08-04,29.8
2017-08-05,40.6
2017-08-06,10.7
2017-08-07,24
2017-08-08,23.8
2017-08-09,21.4
2017-08-10,25.5
2017-08-11,21.8
2017-08-12,7.3
2017-08-13,20.2
2017-08-14,23.6
2017-08-15,17.4
2017-08-16,19.5
2017-08-17,27.1
2017-08-18,34.7
2017-08-19,13.5
2017-08-20,19.5
2017-08-21,7.6
2017-08-22,14.1
2017-08-23,14.7
2017-08-24,34.8
2017-08-25,16.6
2017-08-26,18
2017-08-27,24.4
2017-08-28,37.8
2017-08-29,11.9
2017-08-30,17
2017-08-31,18.1
2017-09-01,19.3
2017-09-02,NA
2017-09-03,31.8
2017-09-04,34.2
2017-09-05,28
2017-09-06,37.5
2017-09-07,21.1
2017-09-08,22.8
2017-09-09,17.9
2017-09-10,22.7
2017-09-11,27.3
2017-09-12,30.6
2017-09-13,18
2017-09-14,20.7
2017-09-15,26.1
2017-09-16,33.4
2017-09-17,18.7
2017-09-18,24.9
2017-09-19,37.3
2017-09-20,27.3
2017-09-21,19.8
2017-09-22,15.7
2017-09-23,35.7
2017-09-24,16.3
2017-09-25,37
2017-09-26,37.6
2017-09-27,NA
2017-09-28,35.6
2017-09-29,37.6
2017-09-30,33.6
2017-10-01,28.4
2017-10-02,23.7
2017-10-03,22
2017-10-04,19.9
2017-10-05,28.9
2017-10-06,32.4
2017-10-07,25.2
2017-10-08,34
2017-10-09,38
2017-10-10,24.5
2017-10-11,26.1
2017-10-12,41.3
2017-10-13,44.3
2017-10-14,30
2017-10-15,22.4
2017-10-16,21.3
2017-10-17,39.8
2017-10-18,23.6
2017-10-19,43.9
2017-10-20,113.1
2017-10-21,24.5
2017-10-22,34.8
2017-10-23,NA
2017-10-24,50
2017-10-25,29.4
2017-10-26,44.8
2017-10-27,45.4
2017-10-28,35.3
2017-10-29,22.7
2017-10-30,29.6
2017-10-31,51.8
2017-11-01,63.9
2017-11-02,45.9
2017-11-03,34.2
2017-11-04,48.2
2017-11-05,31.6
2017-11-06,30.1
2017-11-07,33.7
2017-11-08,47.8
2017-11-09,40
2017-11-10,37.8
2017-11-11,43.3
2017-11-12,48.9
2017-11-13,35.6
2017-11-14,22.5
2017-11-15,33.4
2017-11-16,45.9
2017-11-17,43.6
2017-11-18,47.8
2017-11-19,47.1
2017-11-20,46.2
2017-11-21,52.8
2017-11-22,46.8
2017-11-23,35
2017-11-24,39.3
2017-11-25,54
2017-11-26,40.9
2017-11-27,32.9
2017-11-28,40.8
2017-11-29,37.6
2017-11-30,49.3
2017-12-01,43.3
2017-12-02,44.8
2017-12-03,37.5
2017-12-04,49
2017-12-05,32.9
2017-12-06,50.5
2017-12-07,31.6
2017-12-08,44.8
2017-12-09,48.6
2017-12-10,38.6
2017-12-11,43.1
2017-12-12,56.3
2017-12-13,44.3
2017-12-14,29.9
2017-12-15,54.1
2017-12-16,41.3
2017-12-17,39.7
2017-12-18,49.1
2017-12-19,32.6
2017-12-20,39.4
2017-12-21,39.6
2017-12-22,46.9
2017-12-23,44.8
2017-12-24,52.9
2017-12-25,44.3
2017-12-26,47.8
2017-12-27,44.2
2017-12-28,57.1
2017-12-29,47.6
2017-12-30,38.8
2017-12-31,55.1
2018-01-01,59.4
2018-01-02,54.2
2018-01-03,56
2018-01-04,49.7
2018-01-05,48.9
2018-01-06,47.6
2018-01-07,NA
2018-01-08,47.7
2018-01-09,48.2
2018-01-10,34.1
2018-01-11,42
2018-01-12,47.5
2018-01-13,43.7
2018-01-14,40.4
2018-01-15,41.6
2018-01-16,56.6
2018-01-17,56.2
2018-01-18,27.9
2018-01-19,52.5
2018-01-20,51.8
2018-01-21,49.7
2018-01-22,40.8
2018-01-23,NA
2018-01-24,49.9
2018-01-25,38.7
2018-01-26,49.2
2018-01-27,45.6
2018-01-28,57.7
2018-01-29,56.1
2018-01-30,46.6
2018-01-31,53.5
2018-02-01,45.9
2018-02-02,133.8
2018-02-03,56.9
2018-02-04,59.5
2018-02-05,60.2
2018-02-06,36.5
2018-02-07,34
2018-02-08,36.7
2018-02-09,59.4
2018-02-10,65
2018-02-11,53.7
2018-02-12,47.7
2018-02-13,44
2018-02-14,53.5
2018-02-15,41.4
2018-02-16,47
2018-02-17,43.7
2018-02-18,37.6
2018-02-19,43.6
2018-02-20,49.3
2018-02-21,39.5
2018-02-22,NA
2018-02-23,49.8
2018-02-24,38.3
2018-02-25,41
2018-02-26,37.3
2018-02-27,40.8
2018-02-28,49.2
2018-03-01,53.4
2018-03-02,59.8
2018-03-03,47.8
2018-03-04,44.6
2018-03-05,47.4
2018-03-06,49.1
2018-03-07,53.7
2018-03-08,53.8
2018-03-09,35.6
2018-03-10,38
2018-03-11,43.3
2018-03-12,33.3
2018-03-13,45.3
2018-03-14,44.6
2018-03-15,39.2
2018-03-16,39.5
2018-03-17,43.6
2018-03-18,54.1
2018-03-19,45.5
2018-03-20,54.4
2018-03-21,35.3
2018-03-22,38.5
2018-03-23,35.5
2018-03-24,24.8
2018-03-25,42.4
2018-03-26,44.6
2018-03-27,38.9
2018-03-28,48.4
2018-03-29,49.1
2018-03-30,42
2018-03-31,42.3
2018-04-01,32.6
2018-04-02,43.1
2018-04-03,45.5
2018-04-04,38.8
2018-04-05,39.6
2018-04-06,40.7
2018-04-07,42.6
2018-04-08,33
2018-04-09,35
2018-04-10,41
2018-04-11,36.5
2018-04-12,40.4
2018-04-13,27.8
2018-04-14,42.4
2018-04-15,37.3
2018-04-16,14.5
2018-04-17,31.4
2018-04-18,35
2018-04-19,36.5
2018-04-20,18.5
2018-04-21,34.6
2018-04-22,26.9
2018-04-23,28.9
2018-04-24,14.7
2018-04-25,30.6
2018-04-26,35.4
2018-04-27,27.4
2018-04-28,29.2
2018-04-29,23.8
2018-04-30,32.3
2018-05-01,23.6
2018-05-02,30.5
2018-05-03,17.6
2018-05-04,16.1
2018-05-05,9.3
2018-05-06,28.8
2018-05-07,29.7
2018-05-08,28.1
2018-05-09,33
2018-05-10,36.8
2018-05-11,43.6
2018-05-12,11.2
2018-05-13,16.7
2018-05-14,28.1
2018-05-15,35.9
2018-05-16,17.5
2018-05-17,27.9
2018-05-18,28.8
2018-05-19,29.9
2018-05-20,27.6
2018-05-21,33.4
2018-05-22,20
2018-05-23,34.5
2018-05-24,20.6
2018-05-25,15
2018-05-26,25.7
2018-05-27,35.6
2018-05-28,45
2018-05-29,28.3
2018-05-30,24.1
2018-05-31,27.1
2018-06-01,22.5
2018-06-02,40.1
2018-06-03,20.4
2018-06-04,24.2
2018-06-05,29.4
2018-06-06,20.5
2018-06-07,91.7
2018-06-08,19.4
2018-06-09,12.9
2018-06-10,14.7
2018-06-11,31.4
2018-06-12,22.5
2018-06-13,24.9
2018-06-14,22.2
2018-06-15,20.4
2018-06-16,18.9
2018-06-17,17.6
2018-06-18,25
2018-06-19,28.8
2018-06-20,13
2018-06-21,14.9
2018-06-22,5.9
2018-06-23,33.8
2018-06-24,24.9
2018-06-25,10.4
2018-06-26,22.8
2018-06-27,27
2018-06-28,23.4
2018-06-29,21
2018-06-30,33.2
2018-07-01,11.1
2018-07-02,17.3
2018-07-03,19.6
2018-07-04,27.4
2018-07-05,14.9
2018-07-06,16.4
2018-07-07,21.5
2018-07-08,10.6
2018-07-09,15
2018-07-10,23.4
2018-07-11,19.9
2018-07-12,17.7
2018-07-13,7
2018-07-14,26.1
2018-07-15,NA
2018-07-16,10.3
2018-07-17,12.8
2018-07-18,2
2018-07-19,8.8
2018-07-20,29
2018-07-21,12.6
2018-07-22,27.3
2018-07-23,7.5
2018-07-24,8.9
2018-07-25,20.2
2018-07-26,13.5
2018-07-27,9.1
2018-07-28,19.1
2018-07-29,7
2018-07-30,26.4
2018-07-31,17.7
2018-08-01,23.9
2018-08-02,15
2018-08-03,56.7
2018-08-04,21.3
2018-08-05,35.3
2018-08-06,31.5
2018-08-07,19.8
2018-08-08,18.2
2018-08-09,26.6
2018-08-10,33.5
2018-08-11,18.4
2018-08-12,31.7
2018-08-13,34.9
2018-08-14,16.4
2018-08-15,17.4
2018-08-16,29.7
2018-08-17,28.6
2018-08-18,46.1
2018-08-19,2
2018-08-20,15.4
2018-08-21,27
2018-08-22,14.5
2018-08-23,17.1
2018-08-24,21.6
2018-08-25,6.5
2018-08-26,20.9
2018-08-27,16.8
2018-08-28,20.4
2018-08-29,23.7
2018-08-30,27.3
2018-08-31,33.4
2018-09-01,5.9
2018-09-02,16.7
2018-09-03,29.1
2018-09-04,24.4
2018-09-05,34.5
2018-09-06,27.2
2018-09-07,29.9
2018-09-08,16.3
2018-09-09,19.4
2018-09-10,29.9
2018-09-11,22.5
2018-09-12,31.8
2018-09-13,106.5
2018-09-14,NA
2018-09-15,32.3
2018-09-16,14
2018-09-17,34.2
2018-09-18,35.2
2018-09-19,46.6
2018-09-20,27.3
2018-09-21,NA
2018-09-22,28.8
2018-09-23,36.6
2018-09-24,NA
2018-09-25,240.9
2018-09-26,30
2018-09-27,32.9
2018-09-28,42.3
2018-09-29,35.3
2018-09-30,30.3
2018-10-01,12.5
2018-10-02,36.3
2018-10-03,28
2018-10-04,32.5
2018-10-05,25.6
2018-10-06,13.9
2018-10-07,27.5
2018-10-08,28.7
2018-10-09,30.7
2018-10-10,27.1
2018-10-11,20.4
2018-10-12,31.5
2018-10-13,21.8
2018-10-14,43.1
2018-10-15,35.2
2018-10-16,21.1
2018-10-17,40
2018-10-18,39.9
2018-10-19,36.4
2018-10-20,33.9
2018-10-21,32.4
2018-10-22,32.2
2018-10-23,35.1
2018-10-24,23.1
2018-10-25,50.7
2018-10-26,35.3
2018-10-27,34.1
2018-10-28,NA
2018-10-29,36.5
2018-10-30,35.5
2018-10-31,52.4
2018-11-01,48.8
2018-11-02,41.7
2018-11-03,36.5
2018-11-04,50.4
2018-11-05,56.3
2018-11-06,32
2018-11-07,39.9
2018-11-08,57.3
2018-11-09,42
2018-11-10,49.1
2018-11-11,38.8
2018-11-12,41.5
2018-11-13,42.5
2018-11-14,NA
2018-11-15,39.2
2018-11-16,32.8
2018-11-17,34.8
2018-11-18,56.6
2018-11-19,53
2018-11-20,32.4
2018-11-21,39
2018-11-22,37.5
2018-11-23,37.7
2018-11-24,45.2
2018-11-25,34.5
2018-11-26,39.1
2018-11-27,20.7
2018-11-28,56.8
2018-11-29,36.9
2018-11-30,41.2
2018-12-01,47
2018-12-02,38.8
2018-12-03,39.1
2018-12-04,47.1
2018-12-05,51.9
2018-12-06,50.4
2018-12-07,49.3
2018-12-08,42.9
2018-12-09,33.4
2018-12-10,36.3
2018-12-11,29.4
2018-12-12,47.6
2018-12-13,33.2
2018-12-14,49.5
2018-12-15,43.4
2018-12-16,56
2018-12-17,49
2018-12-18,46.6
2018-12-19,44.4
2018-12-20,42.7
2018-12-21,41.3
2018-12-22,60.9
2018-12-23,50.4
2018-12-24,50.7
2018-12-25,38
2018-12-26,50.4
2018-12-27,44.5
2018-12-28,44.5
2018-12-29,49.9
2018-12-30,38.9
2018-12-31,52.9
2019-01-01,40.9
2019-01-02,56.3
2019-01-03,NA
2019-01-04,59.7
2019-01-05,36.2
2019-01-06,48
2019-01-07,33.2
2019-01-08,42.1
2019-01-09,48.1
2019-01-10,48.7
2019-01-11,38.9
2019-01-12,47.2
2019-01-13,47.6
2019-01-14,53.1
2019-01-15,44.9
2019-01-16,43.2
2019-01-17,52.4
2019-01-18,50.7
2019-01-19,56.7
2019-01-20,35
2019-01-21,47.2
2019-01-22,57.4
2019-01-23,58.1
2019-01-24,59.3
2019-01-25,58.2
2019-01-26,39.6
2019-01-27,48.3
2019-01-28,58
2019-01-29,47.5
2019-01-30,48
2019-01-31,49.6
2019-02-01,38
2019-02-02,45
2019-02-03,49.6
2019-02-04,53.7
2019-02-05,51
2019-02-06,49.9
2019-02-07,42.7
2019-02-08,56
2019-02-09,50.7
2019-02-10,66.7
2019-02-11,46.3
2019-02-12,51
2019-02-13,38.3
2019-02-14,47.8
2019-02-15,40.3
2019-02-16,41
2019-02-17,44
2019-02-18,50.2
2019-02-19,40.2
2019-02-20,30.2
2019-02-21,34.6
2019-02-22,55.4
2019-02-23,28
2019-02-24,45.7
2019-02-25,87.8
2019-02-26,42.8
2019-02-27,39.7
2019-02-28,44.7
2019-03-01,46.6
2019-03-02,57.1
2019-03-03,49.1
2019-03-04,38.3
2019-03-05,43.8
2019-03-06,37.8
2019-03-07,49.1
2019-03-08,55.6
2019-03-09,30.2
2019-03-10,55.2
2019-03-11,35.5
2019-03-12,112.3
2019-03-13,40.7
2019-03-14,35
2019-03-15,27
2019-03-16,111.1
2019-03-17,38.4
2019-03-18,39.2
2019-03-19,37.8
2019-03-20,50
2019-03-21,30.9
2019-03-22,43.1
2019-03-23,26.4
2019-03-24,37.2
2019-03-25,43.8
2019-03-26,32.1
2019-03-27,52.6
2019-03-28,34.2
2019-03-29,54.8
2019-03-30,43.8
2019-03-31,33.6
2019-04-01,42.5
2019-04-02,47.2
2019-04-03,30.4
2019-04-04,32.1
2019-04-05,36.5
2019-04-06,28.7
2019-04-07,33.8
2019-04-08,35.4
2019-04-09,34.1
2019-04-10,17.7
2019-04-11,32.8
2019-04-12,41.1
2019-04-13,42.2
2019-04-14,35.9
2019-04-15,28.9
2019-04-16,44.5
2019-04-17,28.2
2019-04-18,28.2
2019-04-19,25.5
2019-04-20,17.2
2019-04-21,47.5
2019-04-22,24.7
2019-04-23,27.2
2019-04-24,38.4
2019-04-25,32.9
2019-04-26,27.9
2019-04-27,39.7
2019-04-28,30.4
2019-04-29,19.8
2019-04-30,31.5
2019-05-01,31.7
2019-05-02,28.8
2019-05-03,39.2
2019-05-04,44.2
2019-05-05,27.4
2019-05-06,14.9
2019-05-07,21.2
2019-05-08,32.9
2019-05-09,23.2
2019-05-10,19
2019-05-11,29.9
2019-05-12,14.9
2019-05-13,15.9
2019-05-14,25.7
2019-05-15,41.2
2019-05-16,24.5
2019-05-17,7.4
2019-05-18,37.9
2019-05-19,21.3
2019-05-20,164.7
2019-05-21,18.8
2019-05-22,42.9
2019-05-23,22.8
2019-05-24,16.8
2019-05-25,20.8
2019-05-26,19.7
2019-05-27,33
2019-05-28,18.4
2019-05-29,26.1
2019-05-30,13
2019-05-31,18.8
2019-06-01,27.9
2019-06-02,30.4
2019-06-03,32
2019-06-04,24.4
2019-06-05,26.8
2019-06-06,26.9
2019-06-07,31.2
2019-06-08,19.4
2019-06-09,17.5
2019-06-10,25.6
2019-06-11,26.4
2019-06-12,15.3
2019-06-13,36.1
2019-06-14,24.2
2019-06-15,21.2
2019-06-16,100.2
2019-06-17,15.2
2019-06-18,22.7
2019-06-19,24.6
2019-06-20,15.9
2019-06-21,23.7
2019-06-22,19
2019-06-23,25.4
2019-06-24,28.9
2019-06-25,24.2
2019-06-26,24.6
2019-06-27,27.7
2019-06-28,11.3
2019-06-29,32.1
2019-06-30,24.3
2019-07-01,16.4
2019-07-02,9.6
2019-07-03,22.7
2019-07-04,21.4
2019-07-05,37.7
2019-07-06,12.7
2019-07-07,24.5
2019-07-08,14.8
2019-07-09,16.3
2019-07-10,28.1
2019-07-11,22.5
2019-07-12,12.5
2019-07-13,17.7
2019-07-14,9.2
2019-07-15,21.5
2019-07-16,11.4
2019-07-17,11.2
2019-07-18,20.2
2019-07-19,15.9
2019-07-20,41.8
2019-07-21,29.5
2019-07-22,21
2019-07-23,21
2019-07-24,34.7
2019-07-25,29
2019-07-26,27.7
2019-07-27,23.1
2019-07-28,20.7
2019-07-29,27.6
2019-07-30,31
2019-07-31,22.8
2019-08-01,16.8
2019-08-02,19.9
2019-08-03,21
2019-08-04,18
2019-08-05,23.1
2019-08-06,16.8
2019-08-07,8
2019-08-08,21.1
2019-08-09,15.8
2019-08-10,4.7
2019-08-11,28.4
2019-08-12,25.6
2019-08-13,40.1
2019-08-14,16.3
2019-08-15,17.5
2019-08-16,19.3
2019-08-17,30.6
2019-08-18,19.5
2019-08-19,26.8
2019-08-20,35.4
2019-08-21,18.4
2019-08-22,25.3
2019-08-23,20.2
2019-08-24,4.4
2019-08-25,27.8
2019-08-26,16.9
2019-08-27,33.3
2019-08-28,26.2
2019-08-29,24.3
2019-08-30,18.2
2019-08-31,8.9
2019-09-01,18.6
2019-09-02,33.2
2019-09-03,21.2
2019-09-04,16
2019-09-05,14.9
2019-09-06,34.6
2019-09-07,6.3
2019-09-08,15.7
2019-09-09,22.6
2019-09-10,32.5
2019-09-11,78
2019-09-12,19.1
2019-09-13,26.8
2019-09-14,31.4
2019-09-15,27.5
2019-09-16,11
2019-09-17,24.2
2019-09-18,24.6
2019-09-19,28.2
2019-09-20,25.6
2019-09-21,40.1
2019-09-22,28.9
2019-09-23,26.8
2019-09-24,24.6
2019-09-25,36.3
2019-09-26,22.1
2019-09-27,25.2
2019-09-28,28.4
2019-09-29,83
2019-09-30,33.4
2019-10-01,35.7
2019-10-02,30.3
2019-10-03,40.3
2019-10-04,29.4
2019-10-05,36.6
2019-10-06,34.4
2019-10-07,21.9
2019-10-08,36.8
2019-10-09,45.5
2019-10-10,37.7
2019-10-11,35.2
2019-10-12,36.3
2019-10-13,NA
2019-10-14,26
2019-10-15,30.2
2019-10-16,34.7
2019-10-17,23.5
2019-10-18,31.9
2019-10-19,30.9
2019-10-20,19.4
2019-10-21,32.1
2019-10-22,26.1
2019-10-23,47
2019-10-24,49
2019-10-25,41.1
2019-10-26,29.3
2019-10-27,37.3
2019-10-28,41.8
2019-10-29,28.2
2019-10-30,45.8
2019-10-31,50.3
2019-11-01,40.4
2019-11-02,40
2019-11-03,39
2019-11-04,30.1
2019-11-05,38
2019-11-06,47.7
2019-11-07,NA
2019-11-08,22.9
2019-11-09,32
2019-11-10,31.8
2019-11-11,45.7
2019-11-12,29.2
2019-11-13,47
2019-11-14,41.2
2019-11-15,40.1
2019-11-16,39
2019-11-17,47.3
2019-11-18,53.8
2019-11-19,41.6
2019-11-20,42.6
2019-11-21,36.7
2019-11-22,35.7
2019-11-23,49.4
2019-11-24,37.7
2019-11-25,48.3
2019-11-26,40.9
2019-11-27,39.7
2019-11-28,54.2
2019-11-29,55.3
2019-11-30,54.3
2019-12-01,34.4
2019-12-02,41.3
2019-12-03,44.4
2019-12-04,NA
2019-12-05,32.4
2019-12-06,38.2
2019-12-07,40
2019-12-08,29
2019-12-09,45.7
2019-12-10,44.3
2019-12-11,186.5
2019-12-12,43.3
2019-12-13,45.8
2019-12-14,51.6
2019-12-15,53.8
2019-12-16,51.1
2019-12-17,42
2019-12-18,NA
2019-12-19,52.8
2019-12-20,59.6
2019-12-21,45.6
2019-12-22,70.7
2019-12-23,NA
2019-12-24,48
2019-12-25,53.7
2019-12-26,57.5
2019-12-27,49.1
2019-12-28,66.9
2019-12-29,50.4
2019-12-30,66.9
2019-12-31,40.8
2020-01-01,51.6
2020-01-02,59.9
2020-01-03,48
2020-01-04,41.2
2020-01-05,48.2
2020-01-06,55.6
2020-01-07,52.6
2020-01-08,38.3
2020-01-09,38.1
2020-01-10,56.7
2020-01-11,58.8
2020-01-12,49.9
2020-01-13,57.5
2020-01-14,51.2
2020-01-15,53.3
2020-01-16,NA
2020-01-17,55.9
2020-01-18,36.1
2020-01-19,53.6
2020-01-20,40.9
2020-01-21,60.7
2020-01-22,46.8
2020-01-23,43.6
2020-01-24,47.8
2020-01-25,52.7
2020-01-26,43.8
2020-01-27,45.2
2020-01-28,61.1
2020-01-29,48.3
2020-01-30,56.5
2020-01-31,54.6
2020-02-01,58.7
2020-02-02,51.5
2020-02-03,55.1
2020-02-04,44.7
2020-02-05,52.2
2020-02-06,42.9
2020-02-07,58.9
2020-02-08,56.3
2020-02-09,46.5
2020-02-10,42.1
2020-02-11,33.4
2020-02-12,26.3
2020-02-13,50.5
2020-02-14,40.3
2020-02-15,54.6
2020-02-16,62
2020-02-17,54.2
2020-02-18,48.4
2020-02-19,50.1
2020-02-20,55.4
2020-02-21,39.6
2020-02-22,50.2
2020-02-23,53
2020-02-24,48
2020-02-25,47.5
2020-02-26,39
2020-02-27,40.6
2020-02-28,45.5
2020-02-29,44.2
2020-03-01,44.1
2020-03-02,46.3
2020-03-03,48.9
2020-03-04,53.5
2020-03-05,50.1
2020-03-06,54
2020-03-07,54.2
2020-03-08,50.3
2020-03-09,42.7
2020-03-10,38.7
2020-03-11,42
2020-03-12,27
2020-03-13,40.1
2020-03-14,42.5
2020-03-15,47.8
2020-03-16,53.1
2020-03-17,37
2020-03-18,44.9
2020-03-19,29.4
2020-03-20,38.2
2020-03-21,49.5
2020-03-22,36.5
2020-03-23,46.3
2020-03-24,46
2020-03-25,41.5
2020-03-26,39.4
2020-03-27,44.3
2020-03-28,49
2020-03-29,41.8
2020-03-30,31.1
2020-03-31,35.1
2020-04-01,30.1
2020-04-02,19
2020-04-03,31.4
2020-04-04,33.1
2020-04-05,46.8
2020-04-06,41.1
2020-04-07,36.8
2020-04-08,NA
2020-04-09,28.1
2020-04-10,30.7
2020-04-11,26.5
2020-04-12,38.3
2020-04-13,36.4
2020-04-14,33.1
2020-04-15,34
2020-04-16,33.4
2020-04-17,26.7
2020-04-18,44
2020-04-19,35
2020-04-20,32.9
2020-04-21,NA
2020-04-22,29.3
2020-04-23,29
2020-04-24,33.9
2020-04-25,25.5
2020-04-26,21.3
2020-04-27,19.5
2020-04-28,37.7
2020-04-29,34.6
2020-04-30,45.2
2020-05-01,29
2020-05-02,43.3
2020-05-03,24.9
2020-05-04,31.3
2020-05-05,31
2020-05-06,12.8
2020-05-07,30
2020-05-08,40.7
2020-05-09,25.9
2020-05-10,21.8
2020-05-11,43.2
2020-05-12,14.3
2020-05-13,24.5
2020-05-14,NA
2020-05-15,36
2020-05-16,20.5
2020-05-17,2
2020-05-18,27.7
2020-05-19,24.5
2020-05-20,20.2
2020-05-21,39.7
2020-05-22,20.6
2020-05-23,31.5
2020-05-24,22.8
2020-05-25,NA
2020-05-26,32.1
2020-05-27,13.6
2020-05-28,30
2020-05-29,24.5
2020-05-30,43.7
2020-05-31,15.8
2020-06-01,18.7
2020-06-02,22.8
2020-06-03,21.4
2020-06-04,30.9
2020-06-05,132.9
2020-06-06,35
2020-06-07,27
2020-06-08,10.2
2020-06-09,18.8
2020-06-10,16.6
2020-06-11,27.1
2020-06-12,29.8
2020-06-13,15.7
2020-06-14,20
2020-06-15,16.1
2020-06-16,33.4
2020-06-17,33
2020-06-18,24.4
2020-06-19,22.7
2020-06-20,31.3
2020-06-21,22.4
2020-06-22,20.8
2020-06-23,15.4
2020-06-24,12.1
2020-06-25,30.6
2020-06-26,35.8
2020-06-27,20.5
2020-06-28,9.5
2020-06-29,23.6
2020-06-30,12.7
2020-07-01,2.4
2020-07-02,7.6
2020-07-03,30.4
2020-07-04,17
2020-07-05,25.5
2020-07-06,22.9
2020-07-07,16.5
2020-07-08,16.8
2020-07-09,19.5
2020-07-10,2.9
2020-07-11,12.7
2020-07-12,11.2
2020-07-13,12
2020-07-14,13.7
2020-07-15,16.4
2020-07-16,6.8
2020-07-17,10.2
2020-07-18,10.1
2020-07-19,30.5
2020-07-20,20.2
2020-07-21,22.2
2020-07-22,18.3
2020-07-23,21.4
2020-07-24,24.6
2020-07-25,16
2020-07-26,15
2020-07-27,28.9
2020-07-28,16.4
2020-07-29,14.3
2020-07-30,25.7
2020-07-31,10.3
2020-08-01,19.1
2020-08-02,37.6
2020-08-03,14.7
2020-08-04,2
2020-08-05,58.2
2020-08-06,6.6
2020-08-07,24.6
2020-08-08,7.7
2020-08-09,35.1
2020-08-10,10.2
2020-08-11,17.5
2020-08-12,29.1
2020-08-13,20.2
2020-08-14,23.1
2020-08-15,18.6
2020-08-16,28.8
2020-08-17,30
2020-08-18,29.9
2020-08-19,25
2020-08-20,18.6
2020-08-21,35
2020-08-22,27.2
2020-08-23,10.2
2020-08-24,26.4
2020-08-25,19.5
2020-08-26,29.7
2020-08-27,23.5
2020-08-28,16.1
2020-08-29,12.7
2020-08-30,16.9
2020-08-31,31.5
2020-09-01,8.2
2020-09-02,31.4
2020-09-03,31.9
2020-09-04,28.1
2020-09-05,24.7
2020-09-06,26.3
2020-09-07,36.1
2020-09-08,19.4
2020-09-09,30.7
2020-09-10,31.3
2020-09-11,30
2020-09-12,25.3
2020-09-13,40.4
2020-09-14,29.2
2020-09-15,27.9
2020-09-16,30.1
2020-09-17,18.3
2020-09-18,44
2020-09-19,37.3
2020-09-20,36.3
2020-09-21,17.1
2020-09-22,19.6
2020-09-23,17.4
2020-09-24,22.7
2020-09-25,44.2
2020-09-26,20.6
2020-09-27,27.9
2020-09-28,28
2020-09-29,25.6
2020-09-30,32.1
2020-10-01,11.8
2020-10-02,48.5
2020-10-03,21
2020-10-04,35.7
2020-10-05,36.5
2020-10-06,16
2020-10-07,39.2
2020-10-08,30.5
2020-10-09,44.6
2020-10-10,38.3
2020-10-11,43.1
2020-10-12,37.8
2020-10-13,33.1
2020-10-14,29.4
2020-10-15,19.9
2020-10-16,23
2020-10-17,28.6
2020-10-18,21
2020-10-19,33.7
2020-10-20,25.6
2020-10-21,42.3
2020-10-22,40.2
2020-10-23,33.7
2020-10-24,31.3
2020-10-25,44.6
2020-10-26,38.3
2020-10-27,26.8
2020-10-28,24.2
2020-10-29,38.3
2020-10-30,42.1
2020-10-31,29.5
2020-11-01,31.2
2020-11-02,34.5
2020-11-03,60.6
2020-11-04,57.2
2020-11-05,35.6
2020-11-06,40.9
2020-11-07,40.6
2020-11-08,40.1
2020-11-09,47.3
2020-11-10,38.6
2020-11-11,39.8
2020-11-12,10.9
2020-11-13,34.9
2020-11-14,30.8
2020-11-15,46.8
2020-11-16,29.1
2020-11-17,48.7
2020-11-18,39
2020-11-19,40.3
2020-11-20,33.9
2020-11-21,NA
2020-11-22,36.9
2020-11-23,43.7
2020-11-24,49.3
2020-11-25,41.8
2020-11-26,95.9
2020-11-27,45.4
2020-11-28,111.1
2020-11-29,41.6
2020-11-30,50.6
2020-12-01,40.4
2020-12-02,52.3
2020-12-03,NA
2020-12-04,36.6
2020-12-05,62
2020-12-06,26.8
2020-12-07,37.9
2020-12-08,46.4
2020-12-09,50.5
2020-12-10,63.8
2020-12-11,42.7
2020-12-12,55.1
2020-12-13,58.3
2020-12-14,55.6
2020-12-15,NA
2020-12-16,41.1
2020-12-17,40.6
2020-12-18,46.9
2020-12-19,43.1
2020-12-20,59.3
2020-12-21,49.5
2020-12-22,48.1
2020-12-23,45.2
2020-12-24,32.8
2020-12-25,49
2020-12-26,55.2
2020-12-27,48.3
2020-12-28,42.2
2020-12-29,42.6
2020-12-30,65.6
2020-12-31,36.8
